# format = APV        crate       slot       mpd_id       adc_ch followed by 
# MC APV channel number      pedestal mean      pedestal rms

APV   19   0   0   0
0   -31   10
1   3   10
2   -20   9
3   -17   8
4   -20   8
5   -14   7
6   -11   7
7   -15   9
8   -19   7
9   -35   7
10   -27   7
11   -72   9
12   -48   7
13   -38   7
14   -46   7
15   -21   25
16   -39   7
17   -75   8
18   -66   7
19   -40   8
20   -69   7
21   -44   8
22   -71   7
23   -73   7
24   -75   7
25   -74   8
26   -80   8
27   -149   9
28   -67   8
29   -58   8
30   -59   8
31   60   30
32   -70   8
33   -87   8
34   -53   8
35   -65   8
36   -62   8
37   -65   8
38   -68   8
39   -58   7
40   -72   8
41   -54   9
42   -76   8
43   -63   7
44   -41   7
45   -35   7
46   -52   7
47   -40   7
48   -38   8
49   -32   7
50   -46   7
51   -21   7
52   -2   8
53   -21   7
54   -11   7
55   -26   6
56   -22   8
57   -9   7
58   10   10
59   -32   7
60   -31   7
61   14   8
62   -5   8
63   -18   9
64   21   10
65   14   8
66   0   9
67   -14   8
68   20   9
69   25   7
70   48   8
71   14   7
72   42   8
73   12   6
74   17   7
75   16   6
76   43   7
77   27   6
78   40   7
79   36   6
80   40   8
81   22   6
82   27   8
83   21   6
84   58   8
85   59   7
86   64   8
87   56   7
88   75   8
89   71   7
90   88   8
91   42   7
92   99   9
93   115   8
94   124   9
95   162   9
96   104   8
97   87   9
98   79   8
99   78   8
100   45   7
101   53   8
102   49   7
103   69   8
104   41   7
105   69   8
106   45   7
107   35   8
108   22   7
109   43   8
110   16   7
111   -10   23
112   44   7
113   35   7
114   37   7
115   49   8
116   16   7
117   19   8
118   22   7
119   24   8
120   8   7
121   32   8
122   17   7
123   0   10
124   6   9
125   14   8
126   1   11
127   25   22
APV   19   0   0   1
0   -18   10
1   -14   9
2   -33   9
3   -19   8
4   -25   8
5   -14   8
6   -45   7
7   -32   9
8   -20   7
9   -18   8
10   -20   7
11   -43   9
12   -43   7
13   -20   8
14   -33   7
15   -4   28
16   -25   7
17   -8   18
18   -55   7
19   -46   9
20   -49   8
21   -40   8
22   -65   8
23   -62   8
24   -44   8
25   -58   8
26   -57   8
27   -135   10
28   -59   9
29   -54   9
30   -52   9
31   39   32
32   -42   9
33   -38   9
34   -43   8
35   -39   9
36   -70   8
37   -43   9
38   -62   8
39   -45   8
40   -59   8
41   -51   7
42   -48   8
43   -45   7
44   -39   8
45   -39   7
46   -34   8
47   -59   7
48   -25   9
49   -35   7
50   -25   7
51   -37   7
52   -51   8
53   -18   7
54   -1   7
55   -28   7
56   -26   8
57   -27   8
58   -10   10
59   -28   8
60   -21   7
61   -26   10
62   -8   8
63   -10   13
64   18   13
65   8   11
66   25   12
67   30   10
68   36   11
69   16   8
70   16   10
71   25   8
72   43   10
73   37   7
74   27   9
75   47   7
76   15   8
77   17   7
78   42   10
79   40   7
80   13   9
81   21   7
82   47   10
83   42   7
84   38   8
85   69   7
86   42   8
87   46   7
88   35   9
89   50   8
90   60   9
91   63   8
92   86   9
93   80   9
94   80   10
95   125   11
96   82   20
97   73   19
98   67   9
99   49   9
100   45   8
101   44   9
102   43   8
103   37   9
104   42   7
105   46   9
106   37   7
107   47   9
108   24   7
109   15   9
110   24   7
111   -9   25
112   16   7
113   38   8
114   38   7
115   19   9
116   20   8
117   44   10
118   28   8
119   23   9
120   6   9
121   36   10
122   19   9
123   2   13
124   2   13
125   3   10
126   -3   16
127   5   25
APV   19   0   0   2
0   -31   9
1   6   8
2   5   8
3   -9   7
4   -14   7
5   -22   7
6   -6   7
7   -22   8
8   -9   7
9   -38   7
10   -19   7
11   -51   9
12   4   7
13   -27   8
14   -24   7
15   -3   24
16   -50   6
17   -58   8
18   -36   7
19   -62   9
20   -39   7
21   -61   7
22   -57   7
23   -75   7
24   -28   7
25   -55   7
26   -63   7
27   -134   9
28   -44   8
29   -4   8
30   -38   8
31   38   28
32   -57   7
33   -30   8
34   -42   7
35   -37   8
36   -54   7
37   -59   8
38   -73   7
39   -27   7
40   -47   7
41   -51   7
42   -39   8
43   -47   7
44   -68   7
45   -68   6
46   -61   7
47   -54   6
48   -29   8
49   -5   6
50   -30   7
51   -22   6
52   -32   8
53   1   6
54   -6   7
55   -10   6
56   -3   7
57   -5   7
58   -3   9
59   1   7
60   1   7
61   -7   9
62   -1   7
63   -17   11
64   7   11
65   31   9
66   -15   10
67   17   8
68   0   9
69   25   7
70   14   8
71   10   7
72   29   8
73   8   6
74   21   8
75   10   6
76   36   7
77   36   6
78   30   8
79   14   6
80   41   8
81   46   6
82   22   9
83   41   6
84   59   8
85   44   6
86   56   8
87   54   6
88   66   8
89   45   7
90   60   8
91   56   7
92   79   9
93   78   8
94   89   9
95   110   9
96   50   8
97   70   9
98   81   7
99   35   8
100   63   7
101   50   8
102   30   7
103   46   8
104   48   6
105   56   8
106   41   6
107   32   8
108   21   6
109   18   7
110   24   7
111   -6   21
112   12   6
113   11   7
114   20   7
115   -8   8
116   5   7
117   11   9
118   -1   7
119   18   8
120   11   8
121   30   8
122   19   8
123   -2   11
124   -7   11
125   10   11
126   -17   13
127   18   22
APV   19   0   0   3
0   -10   9
1   -7   8
2   -1   8
3   -10   8
4   -30   7
5   -22   7
6   -15   7
7   -34   8
8   -32   7
9   -49   7
10   -53   7
11   -75   8
12   -37   7
13   -41   7
14   -51   7
15   -21   23
16   -35   6
17   -57   8
18   -41   7
19   -79   8
20   -54   7
21   -62   7
22   -40   7
23   -77   7
24   -64   7
25   -72   7
26   -77   7
27   -149   9
28   -51   8
29   -71   8
30   -50   8
31   32   28
32   -56   7
33   -73   8
34   -76   7
35   -63   8
36   -61   7
37   -74   7
38   -88   7
39   -62   7
40   -70   7
41   -58   7
42   -74   7
43   -62   7
44   -60   7
45   -51   6
46   -77   7
47   -44   6
48   -55   8
49   -51   6
50   -40   7
51   -47   7
52   -31   8
53   -47   6
54   -29   7
55   -51   6
56   -25   8
57   -35   7
58   -4   10
59   -6   7
60   1   7
61   5   9
62   10   8
63   -5   11
64   -8   10
65   3   9
66   14   9
67   10   8
68   19   9
69   6   7
70   34   8
71   25   7
72   18   8
73   17   7
74   26   8
75   53   6
76   54   7
77   43   6
78   56   8
79   50   6
80   68   8
81   55   6
82   50   8
83   54   6
84   77   8
85   75   6
86   74   8
87   78   6
88   74   8
89   62   7
90   66   8
91   82   7
92   90   9
93   92   8
94   122   9
95   128   9
96   86   8
97   68   9
98   78   8
99   66   8
100   78   7
101   60   8
102   74   7
103   60   8
104   61   7
105   63   8
106   55   7
107   41   8
108   48   6
109   47   8
110   44   7
111   38   21
112   26   6
113   38   7
114   43   7
115   29   7
116   25   7
117   27   9
118   9   7
119   29   8
120   22   8
121   36   8
122   -3   8
123   -11   10
124   -11   11
125   3   8
126   14   14
127   -10   20
APV   19   0   0   4
0   -37   10
1   -9   9
2   -35   9
3   -31   8
4   -13   8
5   -19   8
6   -32   8
7   -31   9
8   -56   7
9   -47   8
10   -10   7
11   -57   9
12   -42   7
13   -34   8
14   -28   7
15   -33   25
16   -42   7
17   -35   9
18   -41   7
19   -47   9
20   -34   8
21   -27   8
22   -50   8
23   -60   8
24   -42   8
25   -52   8
26   -63   8
27   -123   10
28   -36   9
29   -30   9
30   -21   9
31   51   30
32   -35   8
33   -51   9
34   -33   8
35   -43   9
36   -43   8
37   -57   9
38   -38   8
39   -38   8
40   -15   8
41   -59   7
42   -33   9
43   -29   8
44   -37   8
45   -29   7
46   -50   8
47   -45   7
48   -57   9
49   -50   7
50   -47   8
51   -34   7
52   -16   8
53   -37   7
54   -42   8
55   -26   7
56   -33   8
57   -23   8
58   -21   10
59   -20   8
60   -19   8
61   -40   10
62   -22   8
63   -25   13
64   9   12
65   1   10
66   15   11
67   -2   9
68   -5   10
69   0   8
70   0   9
71   12   8
72   12   9
73   34   7
74   17   8
75   34   7
76   9   8
77   44   7
78   37   9
79   35   8
80   35   9
81   33   7
82   47   9
83   56   7
84   31   8
85   48   7
86   80   8
87   71   7
88   71   8
89   74   8
90   73   9
91   65   8
92   106   9
93   107   9
94   124   10
95   173   10
96   86   9
97   93   9
98   87   8
99   63   9
100   70   8
101   64   9
102   65   8
103   58   9
104   59   7
105   64   8
106   50   7
107   22   9
108   9   7
109   34   8
110   38   8
111   26   23
112   29   7
113   10   8
114   9   8
115   10   8
116   26   8
117   16   9
118   17   8
119   0   9
120   -15   9
121   20   9
122   -30   9
123   -16   12
124   -15   12
125   -14   9
126   -31   15
127   -27   23
APV   19   0   0   5
0   28   10
1   28   9
2   -2   9
3   2   8
4   -7   8
5   -3   8
6   -17   8
7   -33   9
8   -36   7
9   -23   8
10   -42   7
11   -38   9
12   -62   7
13   -54   8
14   -60   7
15   -24   27
16   -76   7
17   -102   9
18   -93   7
19   -84   9
20   -80   8
21   -107   8
22   -106   8
23   -116   8
24   -95   8
25   -111   8
26   -92   8
27   -181   10
28   -82   9
29   -54   9
30   -72   9
31   27   31
32   -91   8
33   -87   9
34   -102   8
35   -94   9
36   -110   8
37   -87   8
38   -104   8
39   -117   8
40   -92   8
41   -85   7
42   -84   9
43   -91   7
44   -60   8
45   -81   7
46   -83   8
47   -56   7
48   -48   9
49   -31   7
50   -52   8
51   -37   7
52   -29   8
53   -28   7
54   -21   8
55   -41   7
56   0   8
57   -20   8
58   0   10
59   -10   8
60   12   7
61   14   10
62   16   8
63   7   12
64   28   12
65   21   10
66   29   11
67   21   9
68   45   10
69   8   8
70   55   9
71   28   8
72   72   9
73   49   7
74   60   9
75   62   7
76   65   8
77   60   7
78   59   9
79   79   8
80   63   9
81   34   7
82   62   9
83   51   7
84   60   8
85   61   7
86   61   8
87   65   7
88   89   9
89   64   8
90   78   9
91   59   8
92   70   10
93   103   10
94   105   10
95   145   10
96   94   9
97   69   9
98   69   8
99   49   9
100   63   8
101   68   9
102   53   8
103   71   9
104   75   7
105   87   9
106   64   7
107   23   9
108   75   7
109   60   9
110   33   8
111   31   24
112   50   7
113   64   8
114   50   8
115   56   9
116   48   8
117   63   10
118   36   8
119   65   9
120   22   9
121   30   9
122   0   9
123   7   12
124   12   12
125   21   9
126   19   16
127   13   24
APV   19   0   0   6
0   -13   9
1   5   9
2   -11   8
3   -14   8
4   -23   8
5   -20   8
6   -12   8
7   8   9
8   -15   7
9   -30   8
10   -23   7
11   -31   9
12   -1   7
13   -17   9
14   -14   7
15   11   27
16   -18   7
17   -23   9
18   -30   7
19   -32   9
20   -37   8
21   -42   8
22   -50   8
23   -30   8
24   -17   8
25   -10   8
26   -41   9
27   -129   10
28   -16   9
29   -37   9
30   -36   9
31   81   33
32   -39   9
33   -22   9
34   -16   8
35   -25   9
36   -24   8
37   -20   9
38   -19   8
39   -58   8
40   -55   8
41   -40   8
42   -47   9
43   -29   8
44   -34   8
45   -45   7
46   -41   8
47   -29   7
48   -5   9
49   -43   7
50   -16   8
51   -12   7
52   -7   9
53   -12   7
54   -10   8
55   -24   7
56   -35   8
57   -21   8
58   -5   10
59   -20   8
60   3   8
61   -18   9
62   0   8
63   -25   11
64   5   11
65   -27   9
66   0   10
67   -7   9
68   -3   10
69   0   8
70   19   9
71   0   7
72   4   9
73   15   7
74   -14   8
75   -4   7
76   9   8
77   7   7
78   31   8
79   34   8
80   29   9
81   4   7
82   21   9
83   12   7
84   37   8
85   58   7
86   27   9
87   54   7
88   49   9
89   37   8
90   52   9
91   58   8
92   82   10
93   70   9
94   101   10
95   123   10
96   70   9
97   66   10
98   66   15
99   49   9
100   41   8
101   51   9
102   27   8
103   48   9
104   35   7
105   45   9
106   21   7
107   18   9
108   26   7
109   16   8
110   15   8
111   -4   24
112   2   7
113   13   8
114   27   8
115   -2   8
116   23   8
117   6   9
118   -4   8
119   -6   8
120   -7   8
121   1   9
122   -7   9
123   -18   11
124   -28   11
125   3   8
126   -11   14
127   0   24
APV   19   0   0   7
0   -36   11
1   -42   11
2   -33   11
3   -41   11
4   -32   10
5   -33   10
6   -42   11
7   -44   10
8   -20   13
9   -29   15
10   -24   7
11   -37   8
12   -14   9
13   -47   8
14   -44   9
15   -13   29
16   -41   8
17   -59   8
18   -19   9
19   -48   9
20   -29   9
21   -40   9
22   -45   9
23   -56   9
24   -75   9
25   -66   10
26   -70   10
27   -158   14
28   -41   10
29   -57   9
30   -50   9
31   71   34
32   -50   9
33   -70   10
34   -66   9
35   -59   9
36   -63   9
37   -50   10
38   -60   9
39   -74   9
40   -46   9
41   -45   10
42   -48   8
43   -48   9
44   -36   8
45   -31   9
46   -34   8
47   -27   8
48   -28   9
49   -43   9
50   -24   7
51   -46   10
52   -2   17
53   -36   7
54   -27   11
55   -48   10
56   -30   10
57   -47   11
58   -29   11
59   -18   10
60   -18   11
61   -34   11
62   -31   10
63   -37   10
64   3   10
65   -15   10
66   11   11
67   -16   10
68   22   9
69   2   7
70   -8   8
71   6   7
72   0   8
73   -1   7
74   -15   8
75   25   7
76   11   8
77   17   7
78   24   8
79   35   8
80   52   8
81   46   7
82   66   10
83   58   7
84   66   10
85   68   8
86   82   9
87   64   8
88   68   10
89   99   9
90   85   10
91   78   9
92   96   11
93   113   10
94   134   11
95   146   12
96   86   10
97   98   11
98   78   10
99   88   10
100   64   9
101   68   10
102   78   9
103   58   9
104   72   8
105   85   10
106   79   8
107   36   10
108   60   7
109   65   8
110   49   8
111   25   25
112   23   7
113   24   8
114   6   7
115   12   8
116   18   7
117   8   8
118   20   7
119   6   8
120   34   7
121   22   9
122   -5   11
123   -23   11
124   4   10
125   -8   10
126   -17   10
127   -14   26
APV   19   0   0   8
0   0   0
1   0   0
2   0   0
3   0   0
4   0   0
5   0   0
6   0   0
7   0   0
8   0   0
9   0   0
10   0   0
11   0   0
12   0   0
13   0   0
14   0   0
15   0   0
16   0   0
17   0   0
18   0   0
19   0   0
20   0   0
21   0   0
22   0   0
23   0   0
24   0   0
25   0   0
26   0   0
27   0   0
28   0   0
29   0   0
30   0   0
31   0   0
32   0   0
33   0   0
34   0   0
35   0   0
36   0   0
37   0   0
38   0   0
39   0   0
40   0   0
41   0   0
42   0   0
43   0   0
44   0   0
45   0   0
46   0   0
47   0   0
48   0   0
49   0   0
50   0   0
51   0   0
52   0   0
53   0   0
54   0   0
55   0   0
56   0   0
57   0   0
58   0   0
59   0   0
60   0   0
61   0   0
62   0   0
63   0   0
64   0   0
65   0   0
66   0   0
67   0   0
68   0   0
69   0   0
70   0   0
71   0   0
72   0   0
73   0   0
74   0   0
75   0   0
76   0   0
77   0   0
78   0   0
79   0   0
80   0   0
81   0   0
82   0   0
83   0   0
84   0   0
85   0   0
86   0   0
87   0   0
88   0   0
89   0   0
90   0   0
91   0   0
92   0   0
93   0   0
94   0   0
95   0   0
96   0   0
97   0   0
98   0   0
99   0   0
100   0   0
101   0   0
102   0   0
103   0   0
104   0   0
105   0   0
106   0   0
107   0   0
108   0   0
109   0   0
110   0   0
111   0   0
112   0   0
113   0   0
114   0   0
115   0   0
116   0   0
117   0   0
118   0   0
119   0   0
120   0   0
121   0   0
122   0   0
123   0   0
124   0   0
125   0   0
126   0   0
127   0   0
APV   19   0   0   9
0   20   17
1   12   9
2   19   7
3   -13   8
4   8   8
5   22   7
6   21   9
7   6   7
8   6   7
9   8   7
10   33   8
11   10   7
12   15   7
13   23   7
14   2   7
15   13   7
16   1   18
17   8   7
18   36   8
19   12   7
20   12   8
21   26   7
22   30   8
23   35   7
24   40   8
25   53   8
26   47   8
27   53   8
28   61   9
29   68   8
30   63   9
31   108   9
32   127   10
33   106   10
34   107   9
35   112   9
36   76   8
37   64   9
38   58   8
39   74   9
40   55   7
41   40   8
42   31   7
43   38   8
44   39   7
45   27   8
46   14   7
47   12   7
48   35   7
49   30   7
50   47   7
51   17   7
52   46   7
53   34   7
54   26   7
55   30   7
56   13   7
57   37   7
58   -1   7
59   19   6
60   33   7
61   34   8
62   24   7
63   21   8
64   9   7
65   32   7
66   0   7
67   22   7
68   -8   7
69   -12   8
70   -1   7
71   -11   7
72   -36   7
73   -20   7
74   -16   7
75   -26   8
76   -21   7
77   -41   7
78   -47   7
79   -39   8
80   -51   7
81   -40   7
82   -26   7
83   -41   8
84   -58   7
85   -40   8
86   -72   7
87   -70   8
88   -46   8
89   -58   8
90   -66   8
91   -69   8
92   -31   11
93   -42   8
94   -8   8
95   -10   8
96   50   26
97   -27   8
98   -29   8
99   -26   9
100   -97   15
101   -59   8
102   -48   8
103   -62   8
104   -58   9
105   -56   8
106   -44   7
107   -50   8
108   -65   8
109   -52   7
110   -63   8
111   -50   7
112   -31   21
113   -58   7
114   -54   8
115   -56   7
116   -62   8
117   -38   7
118   -61   7
119   -43   7
120   -51   8
121   -58   7
122   -19   7
123   -40   7
124   -10   7
125   -8   7
126   -5   8
127   -7   7
APV   19   0   0   10
0   -7   15
1   -8   10
2   0   7
3   -6   9
4   -23   9
5   6   7
6   28   7
7   6   7
8   -3   7
9   20   7
10   18   8
11   11   7
12   25   7
13   14   7
14   36   7
15   13   6
16   -8   15
17   15   7
18   16   7
19   12   6
20   12   8
21   25   7
22   4   8
23   34   7
24   20   8
25   55   7
26   39   8
27   26   7
28   41   8
29   25   8
30   63   9
31   65   8
32   88   9
33   75   9
34   46   8
35   61   9
36   49   8
37   36   8
38   45   7
39   31   8
40   20   7
41   42   8
42   19   7
43   15   8
44   29   6
45   27   8
46   27   6
47   25   8
48   8   7
49   26   7
50   23   6
51   19   7
52   25   6
53   15   7
54   20   6
55   -3   7
56   -2   6
57   3   7
58   31   7
59   5   8
60   12   7
61   0   8
62   -2   8
63   23   9
64   0   8
65   -3   7
66   -24   8
67   -16   7
68   -11   7
69   -7   9
70   -32   7
71   14   7
72   -18   6
73   -14   7
74   -26   6
75   -3   8
76   -17   6
77   -7   7
78   -26   7
79   -19   8
80   -22   6
81   7   7
82   -27   7
83   -28   8
84   -23   7
85   -43   8
86   -34   7
87   -31   8
88   -40   7
89   -39   7
90   -17   7
91   -31   7
92   -21   7
93   -33   8
94   -28   8
95   -10   13
96   66   24
97   -15   8
98   -20   11
99   -24   8
100   -83   9
101   -47   8
102   -42   7
103   -32   7
104   -29   7
105   -19   7
106   -27   8
107   -54   7
108   -28   8
109   -31   7
110   -38   8
111   -29   7
112   3   19
113   -23   7
114   -34   7
115   -10   7
116   -42   8
117   -30   7
118   -32   7
119   -57   7
120   -28   8
121   -23   7
122   17   7
123   -14   7
124   -13   7
125   -8   7
126   -9   8
127   -29   8
APV   19   0   0   11
0   -22   7
1   6   8
2   -27   7
3   -35   7
4   -28   7
5   -24   7
6   -16   7
7   -23   8
8   -34   7
9   -37   7
10   -40   7
11   -61   8
12   -36   7
13   -58   8
14   -56   7
15   -31   26
16   -56   6
17   -88   8
18   -61   7
19   -80   8
20   -104   7
21   -77   8
22   -83   7
23   -73   7
24   -100   7
25   -75   7
26   -79   7
27   -156   9
28   -80   8
29   -75   8
30   -82   8
31   4   30
32   -85   7
33   -82   8
34   -75   7
35   -87   7
36   -81   7
37   -88   7
38   -98   7
39   -96   7
40   -89   7
41   -67   7
42   -75   8
43   -76   7
44   -56   8
45   -71   6
46   -54   7
47   -72   6
48   -21   9
49   -38   7
50   -48   7
51   -32   7
52   -17   8
53   -26   6
54   -48   6
55   -29   6
56   -17   7
57   -33   7
58   -5   9
59   -27   7
60   -12   7
61   -26   8
62   3   7
63   -7   9
64   26   9
65   0   8
66   2   9
67   7   7
68   3   8
69   5   7
70   8   8
71   39   7
72   53   8
73   39   6
74   33   7
75   29   6
76   44   7
77   74   6
78   58   7
79   54   7
80   62   8
81   43   6
82   67   8
83   66   6
84   83   8
85   60   7
86   83   8
87   64   7
88   72   8
89   104   7
90   114   8
91   90   8
92   102   9
93   128   8
94   121   9
95   145   9
96   120   8
97   99   9
98   96   8
99   86   8
100   70   7
101   98   8
102   87   7
103   68   8
104   93   7
105   85   8
106   74   7
107   54   8
108   62   7
109   68   7
110   71   7
111   6   22
112   60   6
113   58   7
114   20   7
115   42   7
116   58   7
117   19   8
118   34   7
119   27   7
120   21   7
121   31   8
122   -8   7
123   -22   10
124   0   9
125   8   7
126   -26   11
127   -14   23
APV   19   0   0   12
0   4   9
1   -11   9
2   -10   8
3   -18   8
4   -26   8
5   3   7
6   -14   7
7   -20   8
8   -22   7
9   -16   7
10   -18   7
11   -24   9
12   -14   7
13   -33   8
14   -30   7
15   10   24
16   -28   7
17   -39   9
18   -16   7
19   -36   9
20   -41   8
21   -16   8
22   -45   8
23   -28   8
24   -38   8
25   -32   8
26   -6   8
27   -74   9
28   -23   9
29   0   8
30   -24   8
31   81   29
32   -45   8
33   -41   9
34   -16   8
35   -44   8
36   -26   8
37   -26   8
38   -40   8
39   -25   8
40   -31   8
41   -20   7
42   -33   9
43   -32   7
44   -19   8
45   -28   7
46   -59   8
47   -33   7
48   -21   9
49   -22   7
50   -63   7
51   -13   7
52   13   8
53   -41   7
54   -5   7
55   -7   7
56   -3   8
57   -29   8
58   -7   10
59   -10   8
60   -7   7
61   -22   9
62   -29   8
63   -17   10
64   5   10
65   -15   9
66   0   10
67   -9   9
68   15   9
69   -7   7
70   -10   8
71   -12   7
72   17   8
73   7   7
74   25   8
75   3   7
76   0   8
77   14   7
78   43   8
79   6   7
80   32   9
81   21   7
82   28   9
83   31   7
84   13   8
85   36   7
86   40   8
87   26   7
88   27   9
89   49   8
90   40   9
91   54   8
92   64   9
93   72   9
94   86   10
95   118   10
96   54   9
97   55   9
98   32   8
99   44   9
100   48   8
101   19   9
102   57   8
103   36   9
104   58   7
105   36   8
106   38   7
107   -6   8
108   33   7
109   21   8
110   11   7
111   -18   22
112   39   7
113   14   8
114   5   7
115   10   8
116   6   8
117   -5   9
118   -5   7
119   20   8
120   -7   8
121   8   8
122   -15   8
123   -10   10
124   6   11
125   12   8
126   -4   13
127   2   22
APV   19   0   0   13
0   -27   8
1   -24   8
2   -30   8
3   -22   7
4   -14   7
5   -24   7
6   -40   7
7   -34   8
8   -44   7
9   -58   7
10   -42   7
11   -91   9
12   -70   7
13   -67   8
14   -71   7
15   -45   24
16   -69   7
17   -91   9
18   -72   7
19   -102   8
20   -102   7
21   -102   8
22   -99   8
23   -98   8
24   -116   7
25   -104   8
26   -118   8
27   -174   9
28   -88   8
29   -109   8
30   -89   8
31   -8   28
32   -109   8
33   -117   8
34   -97   8
35   -112   8
36   -99   8
37   -110   8
38   -97   8
39   -93   7
40   -84   8
41   -72   7
42   -77   8
43   -77   7
44   -70   8
45   -66   7
46   -72   8
47   -52   7
48   -59   9
49   -50   7
50   -64   7
51   -55   7
52   -33   8
53   -51   7
54   -34   7
55   -31   7
56   -17   8
57   -24   7
58   -14   9
59   -37   7
60   -1   7
61   0   9
62   2   7
63   -11   10
64   31   10
65   6   9
66   38   9
67   39   8
68   32   9
69   37   7
70   27   8
71   54   7
72   61   8
73   34   7
74   61   8
75   43   7
76   51   7
77   53   7
78   69   8
79   68   7
80   87   8
81   74   7
82   54   9
83   92   7
84   74   8
85   82   7
86   101   8
87   81   7
88   89   8
89   107   8
90   106   9
91   104   8
92   108   9
93   146   9
94   161   10
95   183   10
96   111   9
97   113   9
98   76   8
99   118   9
100   93   8
101   92   9
102   88   8
103   90   8
104   70   7
105   91   8
106   75   7
107   65   9
108   56   7
109   96   8
110   59   7
111   23   19
112   53   7
113   40   7
114   46   7
115   51   8
116   44   7
117   43   9
118   36   7
119   42   8
120   14   8
121   31   8
122   0   8
123   5   11
124   1   10
125   33   8
126   -1   12
127   18   20
APV   19   0   0   14
0   -8   8
1   -2   9
2   -32   8
3   -10   8
4   -5   7
5   -10   7
6   -13   7
7   -26   8
8   -16   7
9   -5   7
10   5   7
11   -36   9
12   -6   7
13   -5   8
14   -26   7
15   2   24
16   -32   7
17   -34   8
18   -37   7
19   -29   9
20   -52   8
21   -66   8
22   -47   8
23   -68   8
24   -62   8
25   -68   8
26   -69   8
27   -117   10
28   -53   9
29   -37   9
30   -53   9
31   49   30
32   -35   9
33   -34   9
34   -56   8
35   -54   8
36   -42   8
37   -59   8
38   -33   8
39   -43   8
40   -44   8
41   -33   8
42   -35   9
43   -23   8
44   -32   8
45   -29   7
46   -35   8
47   -33   7
48   -2   9
49   4   7
50   -18   7
51   -9   7
52   -19   8
53   -3   7
54   -19   7
55   -16   7
56   7   8
57   -2   8
58   18   10
59   -16   7
60   0   7
61   -3   8
62   4   8
63   -18   9
64   1   10
65   -12   8
66   16   9
67   11   8
68   -1   9
69   -9   7
70   11   8
71   1   7
72   33   8
73   12   7
74   30   11
75   29   7
76   41   8
77   43   7
78   27   8
79   46   7
80   30   9
81   38   7
82   46   9
83   39   7
84   51   8
85   48   7
86   59   8
87   48   7
88   33   9
89   35   8
90   52   9
91   30   8
92   64   10
93   66   9
94   63   10
95   79   10
96   48   9
97   38   9
98   41   8
99   48   9
100   42   8
101   49   9
102   15   8
103   34   9
104   33   7
105   35   9
106   31   7
107   46   9
108   43   7
109   49   8
110   23   7
111   6   19
112   26   7
113   2   8
114   27   7
115   49   14
116   0   7
117   14   8
118   9   7
119   -3   8
120   0   8
121   -4   8
122   2   8
123   -28   10
124   -21   10
125   0   8
126   -20   12
127   -8   21
APV   19   0   0   15
0   -8   6
1   0   11
2   -12   5
3   -20   8
4   -17   8
5   -13   8
6   -19   8
7   -38   8
8   -43   7
9   -48   7
10   -49   7
11   -83   8
12   -38   9
13   -38   16
14   -50   8
15   1   24
16   -63   5
17   -47   6
18   -71   6
19   -49   17
20   -66   7
21   -44   8
22   -55   5
23   -77   14
24   -69   11
25   -66   14
26   -66   9
27   -149   9
28   -67   8
29   -67   8
30   -72   10
31   50   29
32   -62   8
33   -89   5
34   -71   15
35   -69   7
36   -70   7
37   -76   7
38   -76   8
39   -90   7
40   -60   6
41   -41   7
42   -58   7
43   -57   8
44   -52   8
45   -47   8
46   -56   16
47   -60   7
48   -48   13
49   -50   8
50   -45   10
51   -56   11
52   -54   11
53   -37   7
54   -43   9
55   -20   6
56   -3   8
57   -13   8
58   -5   11
59   -5   7
60   9   5
61   -8   5
62   9   5
63   -7   5
64   -15   9
65   0   6
66   21   8
67   0   6
68   14   7
69   16   6
70   26   7
71   22   9
72   7   7
73   6   6
74   24   9
75   26   7
76   40   8
77   29   6
78   39   7
79   22   7
80   31   11
81   50   6
82   53   8
83   53   12
84   62   9
85   56   6
86   43   8
87   72   8
88   60   8
89   78   7
90   95   9
91   98   8
92   132   9
93   135   17
94   138   10
95   150   10
96   102   7
97   116   9
98   120   9
99   94   8
100   91   8
101   77   8
102   82   8
103   68   11
104   58   5
105   52   9
106   45   12
107   34   8
108   38   11
109   34   8
110   44   13
111   6   20
112   37   10
113   25   14
114   25   15
115   26   7
116   28   13
117   5   8
118   -1   7
119   18   9
120   -1   5
121   10   9
122   25   6
123   -21   9
124   9   5
125   23   7
126   7   13
127   6   20
APV   19   1   1   0
0   -23   5
1   -26   8
2   -57   11
3   -41   7
4   -40   6
5   -44   6
6   -46   7
7   -54   7
8   -51   7
9   -59   16
10   -30   16
11   -64   6
12   -49   5
13   -39   5
14   -48   7
15   -11   24
16   -53   9
17   -43   9
18   -34   11
19   -38   8
20   -40   7
21   -37   11
22   -50   12
23   -56   7
24   -39   12
25   -45   8
26   -31   11
27   -124   11
28   -26   7
29   -43   12
30   -18   9
31   44   29
32   -33   7
33   -30   12
34   -32   7
35   -44   11
36   -52   8
37   -33   11
38   -44   11
39   -60   11
40   -59   9
41   -65   7
42   -52   7
43   -24   9
44   -67   7
45   -33   6
46   -32   7
47   -28   7
48   -50   8
49   -41   5
50   -52   6
51   -48   6
52   -52   14
53   -25   5
54   -57   6
55   -54   6
56   -39   7
57   -26   6
58   -39   9
59   -22   8
60   -25   11
61   -24   5
62   -23   8
63   -8   5
64   -11   12
65   25   7
66   7   9
67   4   15
68   9   7
69   4   6
70   28   11
71   13   9
72   34   7
73   16   8
74   16   7
75   28   6
76   31   8
77   46   8
78   37   7
79   53   6
80   21   14
81   43   6
82   55   9
83   38   11
84   41   7
85   58   6
86   70   7
87   57   10
88   80   14
89   79   7
90   64   8
91   96   12
92   101   8
93   114   8
94   111   10
95   145   9
96   100   9
97   86   8
98   82   7
99   87   9
100   88   10
101   62   12
102   65   13
103   57   8
104   35   9
105   48   11
106   52   7
107   16   7
108   55   15
109   34   8
110   24   8
111   12   21
112   60   6
113   30   7
114   14   10
115   43   7
116   19   12
117   7   8
118   9   6
119   6   7
120   4   10
121   5   9
122   11   6
123   -5   10
124   2   9
125   -6   10
126   -13   9
127   -16   22
APV   19   1   1   1
0   -5   9
1   -2   16
2   -20   5
3   -19   14
4   -28   7
5   -19   7
6   -19   7
7   -26   6
8   -9   12
9   -1   5
10   -14   9
11   -53   6
12   -36   5
13   -17   4
14   -33   8
15   3   23
16   -7   8
17   -12   8
18   -1   9
19   -29   10
20   -33   14
21   -35   4
22   -55   14
23   -28   15
24   -51   5
25   -49   5
26   -49   4
27   -135   7
28   -23   5
29   -30   8
30   -19   10
31   94   28
32   -42   12
33   -19   5
34   -26   8
35   -30   8
36   -31   5
37   -31   6
38   -50   13
39   -39   14
40   -25   15
41   -16   6
42   -36   12
43   -27   7
44   -34   7
45   -25   4
46   -18   4
47   -27   5
48   -23   6
49   -14   8
50   -7   7
51   3   5
52   -28   12
53   0   4
54   -2   13
55   -25   5
56   6   16
57   -20   8
58   3   9
59   -26   16
60   -22   11
61   -14   5
62   -7   8
63   -9   6
64   2   8
65   27   10
66   -5   8
67   22   13
68   4   12
69   -23   6
70   0   9
71   -12   11
72   4   10
73   19   17
74   9   8
75   26   9
76   19   6
77   23   13
78   21   8
79   17   7
80   14   8
81   48   11
82   43   13
83   27   7
84   35   14
85   46   16
86   38   9
87   39   14
88   21   12
89   31   6
90   43   6
91   42   6
92   65   8
93   55   6
94   46   10
95   68   11
96   42   9
97   62   9
98   52   7
99   53   9
100   53   10
101   48   9
102   23   10
103   31   8
104   20   8
105   43   15
106   45   13
107   34   9
108   35   5
109   16   9
110   36   7
111   4   19
112   12   6
113   -2   7
114   4   5
115   -2   8
116   -3   7
117   -2   12
118   12   4
119   -12   11
120   -20   12
121   -9   8
122   20   9
123   -17   13
124   18   7
125   -4   5
126   19   9
127   11   21
APV   19   1   1   2
0   -30   8
1   -25   8
2   -7   8
3   -12   7
4   -17   7
5   -3   7
6   -9   7
7   -4   8
8   -30   7
9   -19   6
10   -34   7
11   -71   9
12   -33   7
13   -16   7
14   -23   7
15   -32   28
16   -41   7
17   -52   7
18   -53   7
19   -51   8
20   -23   7
21   -21   7
22   -39   7
23   -43   7
24   -17   7
25   -36   7
26   -44   7
27   -105   10
28   -29   8
29   0   8
30   -4   8
31   79   34
32   -4   8
33   -12   8
34   -35   8
35   -30   8
36   -35   7
37   -41   7
38   -36   7
39   -42   7
40   -50   7
41   -52   7
42   -43   7
43   -45   7
44   -33   7
45   -50   6
46   -47   7
47   -57   6
48   2   8
49   -30   7
50   -29   6
51   -25   7
52   -25   7
53   -27   7
54   -13   6
55   -26   6
56   -15   7
57   -20   7
58   1   9
59   -24   7
60   -16   7
61   -3   8
62   -18   7
63   -7   9
64   17   10
65   3   8
66   0   10
67   0   8
68   11   9
69   0   7
70   26   8
71   -7   6
72   30   8
73   16   6
74   46   7
75   25   6
76   29   7
77   40   6
78   23   8
79   52   6
80   26   7
81   20   6
82   37   8
83   22   6
84   36   7
85   47   6
86   38   7
87   41   6
88   56   7
89   48   7
90   53   7
91   38   7
92   80   8
93   65   7
94   81   8
95   51   9
96   60   7
97   38   8
98   67   7
99   47   8
100   48   7
101   47   7
102   24   7
103   38   7
104   41   6
105   43   7
106   59   6
107   26   7
108   16   6
109   42   7
110   5   6
111   -97   21
112   22   6
113   18   7
114   12   6
115   30   8
116   27   7
117   25   9
118   5   7
119   20   8
120   13   7
121   0   8
122   24   7
123   9   11
124   -5   10
125   18   8
126   -8   12
127   -31   25
APV   19   1   1   3
0   -1   7
1   -29   8
2   -29   6
3   -4   6
4   -21   6
5   -52   6
6   -23   6
7   -23   7
8   -22   6
9   -27   6
10   -22   6
11   -36   8
12   -9   6
13   -36   6
14   -22   6
15   -24   28
16   -17   6
17   -31   6
18   -26   6
19   -16   7
20   -22   6
21   -30   6
22   -44   6
23   -7   6
24   -26   6
25   -24   6
26   -7   6
27   -90   10
28   2   7
29   -14   7
30   -4   7
31   85   32
32   -13   7
33   -14   7
34   -17   6
35   -22   7
36   -7   6
37   -16   6
38   -38   6
39   -38   6
40   -11   6
41   -40   6
42   1   7
43   -19   6
44   -5   6
45   -9   6
46   -13   5
47   -21   6
48   -7   7
49   -38   6
50   -23   5
51   -14   6
52   -14   6
53   -24   6
54   -27   6
55   -17   6
56   -8   6
57   -48   6
58   2   9
59   -26   6
60   -10   6
61   -15   7
62   -12   7
63   -8   8
64   25   8
65   -11   7
66   0   8
67   9   7
68   -7   7
69   4   6
70   11   7
71   15   6
72   16   7
73   -2   6
74   30   7
75   18   5
76   3   6
77   25   5
78   46   7
79   25   6
80   26   6
81   12   5
82   9   6
83   23   5
84   24   6
85   38   5
86   57   6
87   38   5
88   56   6
89   40   6
90   55   6
91   55   6
92   64   7
93   81   6
94   97   7
95   18   7
96   44   6
97   48   7
98   44   6
99   42   6
100   27   6
101   45   6
102   34   6
103   28   6
104   42   5
105   23   6
106   19   5
107   21   6
108   28   5
109   10   6
110   6   5
111   -129   20
112   17   6
113   5   7
114   9   6
115   9   6
116   -6   6
117   9   7
118   -5   6
119   13   6
120   1   6
121   -7   7
122   -29   6
123   0   9
124   9   8
125   8   6
126   -14   10
127   -26   25
APV   19   1   1   4
0   -5   8
1   -8   8
2   -27   7
3   -28   7
4   -16   7
5   -8   6
6   -23   7
7   -15   8
8   -31   6
9   -25   6
10   -38   6
11   -56   8
12   -33   7
13   -43   6
14   -60   6
15   -20   27
16   -26   6
17   -48   7
18   -39   6
19   -49   7
20   -51   7
21   -25   7
22   -41   7
23   -37   7
24   -33   7
25   -51   7
26   -43   7
27   -117   10
28   -4   7
29   -18   7
30   -20   7
31   67   32
32   -22   7
33   -31   7
34   -48   7
35   -18   7
36   -24   7
37   -48   7
38   -47   7
39   -41   7
40   -25   7
41   -39   6
42   -35   7
43   -25   6
44   -35   6
45   -54   6
46   -44   6
47   -22   6
48   -31   7
49   -43   6
50   -25   6
51   -24   6
52   -28   7
53   -32   6
54   -22   6
55   -26   6
56   -13   7
57   -37   7
58   -7   9
59   -6   7
60   -1   7
61   -12   8
62   -5   8
63   -19   9
64   22   9
65   -1   8
66   6   9
67   19   7
68   17   8
69   17   6
70   21   7
71   15   6
72   24   7
73   35   6
74   31   7
75   47   6
76   47   7
77   31   6
78   65   8
79   26   6
80   23   7
81   18   6
82   31   7
83   31   6
84   39   6
85   27   6
86   46   6
87   43   6
88   56   7
89   43   6
90   44   7
91   51   7
92   77   7
93   64   7
94   95   8
95   11   8
96   76   7
97   80   7
98   66   6
99   66   7
100   37   6
101   32   7
102   31   6
103   37   6
104   31   6
105   44   7
106   26   6
107   8   7
108   10   6
109   7   7
110   5   6
111   -101   20
112   32   6
113   49   7
114   32   6
115   36   7
116   30   6
117   26   8
118   16   6
119   39   7
120   9   7
121   37   8
122   3   7
123   -13   10
124   -4   9
125   16   7
126   -11   11
127   -8   24
APV   19   1   1   5
0   -44   9
1   -22   5
2   -24   6
3   -52   6
4   -22   11
5   -21   11
6   -23   8
7   -19   9
8   -35   8
9   -38   7
10   -27   6
11   -35   8
12   -1   6
13   -26   7
14   -19   6
15   14   24
16   -30   6
17   -26   6
18   -28   9
19   -11   6
20   -31   7
21   -16   9
22   -25   10
23   -30   7
24   -21   6
25   -9   7
26   -24   11
27   -59   13
28   13   7
29   3   9
30   -3   8
31   99   29
32   14   7
33   -1   6
34   -15   10
35   -3   13
36   -7   11
37   3   11
38   -13   7
39   -28   6
40   -9   7
41   -22   11
42   -33   7
43   -10   6
44   -17   6
45   -44   6
46   -17   6
47   -14   6
48   -15   8
49   -38   6
50   14   6
51   -9   6
52   -13   9
53   -27   6
54   -16   10
55   -23   6
56   -13   7
57   -33   6
58   -14   8
59   -27   6
60   -35   6
61   -32   6
62   -31   6
63   -22   6
64   -15   6
65   -15   6
66   -42   6
67   2   6
68   -11   10
69   -3   11
70   -8   5
71   -7   10
72   -6   6
73   -20   6
74   3   6
75   -5   6
76   1   6
77   38   6
78   23   7
79   0   6
80   14   7
81   24   6
82   32   7
83   34   6
84   34   7
85   34   6
86   58   7
87   37   6
88   46   8
89   57   7
90   48   11
91   56   7
92   97   5
93   88   5
94   84   8
95   108   12
96   75   5
97   64   8
98   53   5
99   36   5
100   48   7
101   23   7
102   40   7
103   35   7
104   37   6
105   38   7
106   25   6
107   6   7
108   14   6
109   24   7
110   4   6
111   3   23
112   11   6
113   -7   6
114   6   6
115   23   6
116   2   6
117   -12   7
118   -1   6
119   -22   6
120   5   10
121   -2   9
122   -30   8
123   -43   10
124   -9   8
125   -19   6
126   -36   6
127   -19   22
APV   19   1   1   6
0   2   6
1   6   7
2   3   6
3   -1   6
4   -13   6
5   -13   6
6   -10   6
7   -4   7
8   -31   6
9   11   6
10   1   6
11   -25   8
12   -30   6
13   -7   6
14   -4   6
15   1   24
16   -15   6
17   -34   6
18   -8   6
19   -6   6
20   -35   6
21   -6   6
22   -54   7
23   -52   7
24   -44   6
25   -32   6
26   -40   6
27   -82   9
28   -30   6
29   -45   6
30   -35   7
31   38   29
32   -31   8
33   -35   6
34   -46   6
35   -22   6
36   -13   6
37   -53   6
38   -30   6
39   -32   6
40   -27   6
41   -18   6
42   -14   6
43   -21   6
44   -23   6
45   -9   6
46   -14   6
47   -17   6
48   -4   8
49   -33   6
50   -36   6
51   -14   6
52   -10   7
53   -13   6
54   0   6
55   -12   6
56   -4   7
57   3   6
58   5   8
59   13   6
60   31   6
61   3   6
62   33   6
63   4   6
64   15   7
65   10   6
66   4   7
67   0   6
68   27   6
69   7   6
70   9   6
71   21   6
72   11   6
73   18   6
74   15   6
75   13   6
76   19   6
77   8   6
78   16   6
79   18   6
80   29   6
81   3   6
82   20   6
83   20   6
84   8   6
85   17   6
86   19   6
87   2   6
88   16   6
89   30   6
90   32   7
91   45   6
92   63   7
93   42   7
94   40   7
95   49   7
96   42   7
97   37   7
98   29   6
99   38   7
100   28   6
101   21   7
102   11   6
103   6   6
104   9   6
105   26   6
106   21   6
107   12   6
108   14   6
109   -4   6
110   20   6
111   -26   22
112   12   6
113   14   6
114   9   6
115   30   6
116   29   6
117   -4   7
118   -2   6
119   -12   6
120   -21   6
121   19   6
122   6   6
123   -5   7
124   5   7
125   -7   6
126   5   7
127   19   22
APV   19   1   1   7
0   -10   6
1   -5   7
2   1   6
3   -1   6
4   -11   6
5   3   6
6   -21   6
7   -15   7
8   -14   6
9   -4   6
10   -22   6
11   -29   8
12   -10   6
13   -15   6
14   -27   6
15   -15   23
16   -27   6
17   -30   6
18   -44   6
19   -36   6
20   -38   6
21   -34   6
22   -60   6
23   -40   6
24   -40   6
25   -33   6
26   -42   6
27   -95   9
28   -50   6
29   -36   6
30   -23   6
31   48   28
32   -44   6
33   -36   6
34   -14   6
35   -54   6
36   -57   6
37   -53   6
38   -49   6
39   -36   6
40   -22   6
41   -39   6
42   -56   6
43   -44   6
44   -46   6
45   -27   6
46   -27   6
47   -30   6
48   -14   7
49   -12   6
50   -17   6
51   -13   6
52   -15   7
53   -19   6
54   -16   6
55   -10   6
56   -2   6
57   -13   6
58   -17   8
59   -4   6
60   -6   6
61   -23   6
62   -2   6
63   4   6
64   -2   7
65   -13   6
66   -2   6
67   -7   6
68   6   6
69   22   6
70   9   6
71   19   6
72   28   6
73   10   6
74   24   6
75   16   6
76   -5   6
77   15   6
78   21   6
79   18   6
80   41   6
81   20   6
82   2   6
83   28   6
84   51   6
85   45   6
86   37   6
87   65   6
88   62   6
89   45   6
90   48   6
91   60   6
92   65   6
93   84   6
94   79   7
95   84   8
96   65   6
97   44   6
98   47   6
99   35   6
100   53   6
101   49   6
102   47   6
103   43   6
104   53   6
105   47   6
106   40   6
107   12   6
108   14   6
109   27   6
110   18   6
111   -17   22
112   24   6
113   -1   6
114   30   6
115   29   6
116   14   6
117   1   6
118   15   6
119   16   6
120   -10   6
121   3   6
122   -13   6
123   -16   7
124   -13   6
125   -11   6
126   -13   7
127   -6   21
APV   19   1   1   8
0   -3   6
1   -2   7
2   -5   6
3   -4   6
4   -13   6
5   -10   6
6   -11   6
7   -27   6
8   -13   6
9   -18   6
10   -10   6
11   -24   8
12   -28   6
13   -9   6
14   0   6
15   -6   23
16   -12   6
17   -10   6
18   -20   6
19   -22   6
20   -19   6
21   -13   6
22   -1   6
23   -30   6
24   6   6
25   -19   6
26   -44   6
27   -75   9
28   -7   6
29   0   6
30   20   7
31   104   28
32   16   6
33   -12   6
34   -16   6
35   -32   6
36   -25   6
37   -29   6
38   -2   6
39   -15   6
40   -25   6
41   -41   6
42   -32   6
43   -10   6
44   8   6
45   -3   6
46   -5   6
47   -8   6
48   0   7
49   7   6
50   -13   6
51   4   6
52   3   7
53   -16   6
54   -8   6
55   -4   6
56   3   6
57   -15   6
58   -12   7
59   4   6
60   0   6
61   -2   6
62   12   6
63   14   6
64   0   6
65   19   6
66   -11   6
67   12   6
68   5   6
69   7   5
70   -4   6
71   7   5
72   8   6
73   -12   6
74   4   6
75   -8   6
76   6   6
77   1   6
78   4   6
79   0   6
80   -1   6
81   6   6
82   3   6
83   16   6
84   16   6
85   0   6
86   22   6
87   12   6
88   19   6
89   10   6
90   20   7
91   10   6
92   42   7
93   43   7
94   81   7
95   67   7
96   36   7
97   28   7
98   39   6
99   17   6
100   0   6
101   11   6
102   17   6
103   0   6
104   13   6
105   16   6
106   12   6
107   -6   6
108   10   9
109   3   6
110   -9   6
111   -17   21
112   4   6
113   -10   6
114   1   6
115   7   6
116   -8   6
117   0   6
118   2   6
119   12   6
120   -7   6
121   9   6
122   -6   6
123   -11   7
124   6   6
125   -5   6
126   -3   7
127   13   21
APV   19   1   1   9
0   -31   8
1   -12   10
2   -24   9
3   -19   9
4   -28   8
5   -7   8
6   -43   8
7   -21   9
8   -23   8
9   -14   7
10   -33   8
11   -67   10
12   -40   8
13   -20   8
14   -63   8
15   -19   31
16   -45   8
17   -60   8
18   -60   8
19   -45   9
20   -67   8
21   -46   9
22   -74   8
23   -68   8
24   -79   8
25   -74   9
26   -72   9
27   -172   12
28   -95   9
29   -44   9
30   -58   9
31   42   37
32   -62   9
33   -75   9
34   -73   9
35   -48   9
36   -64   9
37   -43   9
38   -89   9
39   -60   8
40   -50   9
41   -54   8
42   -60   9
43   -69   8
44   -43   8
45   -16   8
46   -31   8
47   -29   7
48   -26   9
49   -23   8
50   -40   7
51   -37   8
52   -2   8
53   -27   8
54   -19   7
55   -25   7
56   0   8
57   -23   8
58   -15   11
59   -22   8
60   -12   8
61   -28   8
62   -8   9
63   -4   9
64   -18   9
65   -4   8
66   12   9
67   2   8
68   6   9
69   0   7
70   36   8
71   0   7
72   4   8
73   15   7
74   29   8
75   26   7
76   16   8
77   23   7
78   22   8
79   45   8
80   55   8
81   46   7
82   61   9
83   51   7
84   81   8
85   64   8
86   91   9
87   70   8
88   85   9
89   93   7
90   104   9
91   102   7
92   98   10
93   119   10
94   120   11
95   156   11
96   108   10
97   102   10
98   93   9
99   71   9
100   72   8
101   90   9
102   80   8
103   45   9
104   54   8
105   79   9
106   54   8
107   45   9
108   48   8
109   63   8
110   34   8
111   -29   30
112   11   7
113   15   8
114   -3   8
115   19   8
116   6   8
117   3   9
118   7   7
119   4   8
120   5   8
121   20   8
122   -1   8
123   -12   10
124   -15   9
125   12   8
126   -12   10
127   -18   29
APV   19   1   1   10
0   -27   8
1   5   8
2   -14   7
3   -14   7
4   -19   7
5   0   7
6   -14   7
7   -20   8
8   0   7
9   -7   6
10   9   7
11   -43   9
12   -16   7
13   -6   7
14   -7   7
15   8   28
16   -22   7
17   -17   8
18   -20   7
19   -20   8
20   -49   7
21   -14   8
22   -40   7
23   -61   7
24   -58   7
25   -53   8
26   -43   8
27   -130   10
28   -35   8
29   -46   8
30   -63   8
31   59   33
32   -38   8
33   -37   8
34   -61   7
35   -49   8
36   -44   8
37   -41   8
38   -36   7
39   -47   7
40   -44   8
41   -32   7
42   -48   8
43   -48   7
44   -8   7
45   -1   7
46   -21   7
47   -9   6
48   1   8
49   -4   7
50   -2   7
51   -27   7
52   -32   7
53   -16   7
54   -2   7
55   -33   6
56   -22   7
57   -29   7
58   -11   9
59   -11   7
60   7   7
61   -27   8
62   -1   7
63   -1   9
64   -12   9
65   -3   8
66   -4   9
67   -21   8
68   -8   8
69   -19   7
70   2   8
71   -1   6
72   -29   8
73   -8   6
74   -5   7
75   15   6
76   10   7
77   4   6
78   18   7
79   17   7
80   30   8
81   26   7
82   6   8
83   22   7
84   50   8
85   26   7
86   54   8
87   46   7
88   72   8
89   59   7
90   86   8
91   64   8
92   108   9
93   117   8
94   122   9
95   155   9
96   116   8
97   90   9
98   76   8
99   69   8
100   57   7
101   76   8
102   69   7
103   55   8
104   45   7
105   42   8
106   28   7
107   9   8
108   26   7
109   26   8
110   0   7
111   -57   26
112   22   7
113   4   7
114   -4   7
115   -11   7
116   -9   7
117   9   8
118   -1   7
119   7   8
120   -14   7
121   1   8
122   -11   7
123   -37   10
124   -42   9
125   -6   8
126   -42   11
127   -28   25
APV   19   1   1   11
0   -29   7
1   -19   8
2   -17   7
3   -32   7
4   -49   7
5   -11   7
6   -45   7
7   -50   8
8   -56   7
9   -39   7
10   -73   7
11   -68   9
12   -65   7
13   -55   7
14   -62   7
15   -66   28
16   -67   7
17   -76   8
18   -71   7
19   -62   8
20   -53   7
21   -67   8
22   -75   7
23   -82   7
24   -94   7
25   -91   7
26   -67   8
27   -147   11
28   -80   8
29   -59   8
30   -63   8
31   53   32
32   -68   8
33   -79   8
34   -73   7
35   -99   8
36   -79   8
37   -79   8
38   -96   7
39   -78   7
40   -74   8
41   -85   7
42   -71   8
43   -66   7
44   -59   8
45   -56   7
46   -50   7
47   -63   6
48   -68   8
49   -50   7
50   -54   7
51   -57   7
52   -26   7
53   -64   7
54   -50   7
55   -60   7
56   -19   7
57   -22   7
58   -25   9
59   -38   7
60   -37   7
61   -33   8
62   -21   7
63   -15   8
64   23   9
65   -20   8
66   -7   9
67   25   8
68   31   8
69   6   7
70   12   8
71   23   7
72   31   8
73   44   7
74   56   7
75   30   7
76   62   7
77   56   7
78   71   8
79   52   7
80   64   8
81   79   7
82   74   8
83   75   7
84   93   8
85   106   7
86   100   8
87   90   7
88   120   8
89   107   8
90   120   8
91   120   8
92   111   9
93   145   8
94   111   9
95   143   9
96   110   8
97   112   9
98   121   8
99   99   8
100   85   7
101   68   8
102   97   7
103   91   8
104   93   7
105   83   8
106   76   9
107   60   8
108   65   10
109   75   8
110   63   7
111   -32   25
112   45   7
113   47   7
114   42   7
115   37   8
116   35   7
117   34   8
118   33   7
119   19   8
120   8   7
121   28   8
122   0   7
123   -6   10
124   -27   9
125   -2   8
126   -8   10
127   -43   26
APV   19   1   1   12
0   -16   7
1   2   8
2   -18   7
3   -9   7
4   -16   6
5   -6   7
6   -26   6
7   -19   7
8   -25   6
9   -5   6
10   -30   6
11   -16   8
12   -15   7
13   -8   7
14   -25   6
15   -11   28
16   -25   6
17   -58   7
18   -34   7
19   -50   8
20   -56   7
21   -46   7
22   -38   7
23   -44   7
24   -43   7
25   -57   7
26   -67   7
27   -137   10
28   -15   8
29   -44   7
30   -48   7
31   48   33
32   -61   7
33   -72   7
34   -41   7
35   -38   7
36   -44   7
37   -63   7
38   -62   7
39   -47   7
40   -38   7
41   -32   7
42   -41   7
43   -19   7
44   -49   7
45   -34   6
46   -38   7
47   -46   6
48   -31   8
49   -32   6
50   -32   6
51   -9   6
52   -18   7
53   -37   6
54   -23   6
55   -13   6
56   -4   7
57   -38   7
58   -34   9
59   -26   7
60   -27   7
61   -12   7
62   -14   7
63   -29   8
64   10   9
65   -6   7
66   0   8
67   -6   7
68   19   8
69   12   6
70   11   7
71   -11   6
72   41   7
73   5   6
74   32   7
75   8   6
76   35   7
77   46   6
78   44   7
79   25   7
80   42   7
81   38   6
82   25   7
83   36   6
84   35   7
85   55   6
86   56   7
87   55   6
88   50   7
89   47   7
90   61   8
91   57   7
92   76   8
93   94   8
94   103   9
95   113   9
96   72   8
97   93   8
98   78   7
99   40   8
100   32   7
101   57   7
102   49   7
103   45   7
104   58   6
105   38   7
106   44   6
107   33   7
108   35   6
109   34   7
110   9   6
111   -53   26
112   36   6
113   50   7
114   27   6
115   36   7
116   34   7
117   13   8
118   7   6
119   21   7
120   0   7
121   9   7
122   -1   7
123   -26   9
124   -2   8
125   19   7
126   -23   9
127   -6   25
APV   19   1   1   13
0   -28   25
1   1   6
2   3   5
3   -12   5
4   -5   5
5   13   5
6   6   5
7   35   5
8   12   5
9   30   5
10   32   5
11   18   5
12   44   4
13   32   5
14   38   5
15   38   4
16   4   24
17   57   5
18   50   4
19   44   5
20   37   5
21   34   5
22   48   5
23   58   5
24   64   5
25   66   5
26   76   5
27   64   5
28   69   5
29   59   5
30   90   6
31   67   5
32   140   6
33   116   6
34   97   6
35   95   6
36   86   6
37   80   6
38   69   6
39   54   6
40   65   6
41   72   6
42   47   6
43   55   6
44   72   6
45   69   6
46   56   6
47   51   6
48   53   6
49   44   6
50   54   6
51   50   6
52   58   7
53   51   6
54   33   7
55   42   6
56   24   6
57   26   6
58   -1   7
59   25   6
60   21   7
61   10   6
62   10   7
63   7   6
64   10   7
65   14   7
66   3   7
67   2   7
68   -13   8
69   1   10
70   -3   8
71   20   8
72   -20   6
73   -2   7
74   -18   7
75   -1   8
76   -4   6
77   -26   6
78   -30   6
79   -30   8
80   -47   7
81   -33   7
82   -29   7
83   -52   7
84   -58   7
85   -37   7
86   -63   7
87   -47   7
88   -82   14
89   -75   12
90   -99   12
91   -84   12
92   -87   12
93   -88   12
94   -89   13
95   -81   12
96   50   34
97   -94   13
98   -82   13
99   -87   13
100   -178   13
101   -90   13
102   -90   12
103   -83   13
104   -88   12
105   -102   13
106   -102   12
107   -66   12
108   -93   12
109   -59   12
110   -79   11
111   -88   12
112   -25   29
113   -37   13
114   -44   12
115   -56   13
116   -57   13
117   -37   13
118   -18   12
119   -22   13
120   -32   13
121   -25   13
122   -7   13
123   -38   12
124   -14   13
125   -6   12
126   17   15
127   0   12
APV   19   1   1   14
0   -11   23
1   -3   10
2   -8   7
3   -10   8
4   -2   7
5   12   7
6   19   6
7   0   6
8   -6   6
9   15   6
10   9   6
11   22   7
12   37   6
13   33   7
14   46   6
15   32   6
16   -9   22
17   18   7
18   23   6
19   24   6
20   19   7
21   63   7
22   49   7
23   51   6
24   47   7
25   35   7
26   53   7
27   58   7
28   77   8
29   64   7
30   78   8
31   61   8
32   118   9
33   77   9
34   80   8
35   60   8
36   44   7
37   72   8
38   35   7
39   59   7
40   42   6
41   57   7
42   49   6
43   42   7
44   32   6
45   19   7
46   30   6
47   33   6
48   46   7
49   57   7
50   49   6
51   40   6
52   41   6
53   29   6
54   16   6
55   49   6
56   13   6
57   3   6
58   33   6
59   30   6
60   10   7
61   21   6
62   5   7
63   9   6
64   -8   9
65   -17   9
66   -19   8
67   -3   7
68   -17   7
69   -14   11
70   -14   6
71   -17   7
72   -20   6
73   -24   6
74   -34   6
75   -26   8
76   -33   6
77   -25   6
78   -37   7
79   -46   8
80   -18   6
81   -51   7
82   -30   6
83   -31   7
84   -44   7
85   -52   7
86   -36   7
87   -48   7
88   -53   8
89   -53   7
90   -61   8
91   -55   7
92   -44   8
93   -66   8
94   -54   9
95   -48   8
96   95   31
97   -34   9
98   -38   8
99   -37   9
100   -147   9
101   -51   8
102   -56   8
103   -53   8
104   -63   7
105   -50   7
106   -42   7
107   -39   7
108   -58   8
109   -36   7
110   -50   7
111   -63   6
112   -3   26
113   -46   7
114   -32   7
115   -17   7
116   -58   8
117   -26   6
118   -32   7
119   -35   6
120   -28   8
121   -8   7
122   -15   7
123   -4   7
124   -21   7
125   -40   8
126   -1   10
127   -2   9
APV   19   1   1   15
0   13   20
1   -11   5
2   3   5
3   16   5
4   -3   6
5   3   5
6   20   5
7   31   10
8   23   5
9   17   4
10   40   5
11   19   5
12   40   5
13   34   5
14   40   5
15   42   5
16   22   22
17   47   6
18   71   5
19   48   5
20   47   5
21   64   5
22   61   5
23   77   5
24   60   6
25   57   6
26   89   6
27   57   6
28   63   6
29   60   6
30   94   7
31   68   7
32   123   7
33   117   7
34   94   6
35   90   6
36   82   6
37   84   6
38   77   5
39   80   5
40   63   5
41   78   5
42   62   5
43   52   5
44   63   5
45   54   5
46   59   5
47   41   5
48   49   12
49   68   5
50   43   4
51   38   4
52   31   4
53   26   5
54   35   4
55   26   4
56   32   4
57   22   5
58   21   7
59   18   5
60   10   4
61   5   5
62   6   4
63   15   6
64   -17   4
65   -15   6
66   -33   4
67   -20   10
68   -40   4
69   -37   8
70   -35   5
71   -30   6
72   -56   4
73   -52   5
74   -42   5
75   -61   6
76   -68   5
77   -33   5
78   -44   5
79   -47   5
80   -45   6
81   -48   5
82   -19   10
83   -48   5
84   -38   14
85   -48   6
86   -58   11
87   -50   5
88   -60   5
89   -56   10
90   -54   7
91   -39   6
92   -60   5
93   -46   6
94   -46   5
95   -61   5
96   47   27
97   -67   6
98   -34   6
99   -56   6
100   -144   7
101   -69   6
102   -59   6
103   -65   5
104   -59   5
105   -50   6
106   -34   6
107   -47   5
108   -45   5
109   -47   5
110   -45   6
111   -52   12
112   -50   23
113   -44   10
114   -41   12
115   -40   14
116   -89   7
117   -44   5
118   -55   5
119   -66   5
120   -35   7
121   -56   6
122   -24   6
123   -48   5
124   -25   6
125   -47   11
126   -43   7
127   -34   5
APV   19   2   2   0
0   -2   15
1   -4   8
2   -4   6
3   -24   7
4   -23   7
5   -21   6
6   29   6
7   -19   6
8   20   6
9   15   6
10   4   6
11   25   6
12   22   6
13   49   6
14   37   6
15   39   5
16   -8   16
17   41   6
18   46   6
19   29   6
20   34   6
21   56   6
22   68   6
23   49   6
24   57   6
25   63   6
26   88   7
27   80   6
28   79   7
29   90   7
30   115   7
31   117   7
32   163   8
33   150   7
34   125   7
35   118   7
36   89   6
37   74   6
38   63   6
39   62   6
40   42   4
41   53   6
42   57   6
43   65   6
44   60   5
45   64   6
46   47   5
47   56   6
48   36   5
49   53   6
50   39   5
51   28   5
52   12   5
53   26   6
54   19   5
55   4   6
56   12   5
57   -10   6
58   11   5
59   3   6
60   -6   5
61   0   6
62   -12   6
63   2   6
64   -28   6
65   -25   6
66   -27   6
67   -15   5
68   -48   5
69   -42   7
70   -17   5
71   -28   6
72   -31   5
73   -23   5
74   -38   5
75   -43   7
76   -63   5
77   -59   5
78   -57   5
79   -58   7
80   -75   5
81   -50   6
82   -58   5
83   -61   6
84   -54   6
85   -64   6
86   -48   6
87   -51   6
88   -65   6
89   -34   6
90   -46   6
91   -37   6
92   -45   6
93   -42   6
94   -38   6
95   -35   6
96   28   24
97   -2   7
98   -19   7
99   -31   7
100   -97   8
101   -71   6
102   -62   7
103   -52   6
104   -53   6
105   -49   6
106   -50   7
107   -49   6
108   -46   7
109   -60   6
110   -53   7
111   -48   6
112   -23   20
113   -67   6
114   -59   6
115   -68   6
116   -64   7
117   -27   6
118   -29   6
119   -36   6
120   -27   7
121   -27   6
122   -10   6
123   -22   6
124   -41   6
125   -14   6
126   -3   7
127   -10   6
APV   19   2   2   1
0   10   16
1   -30   12
2   38   7
3   -9   10
4   -4   9
5   4   8
6   16   7
7   14   8
8   3   7
9   28   7
10   28   8
11   19   7
12   33   7
13   53   7
14   42   7
15   38   7
16   -6   17
17   47   7
18   15   7
19   20   7
20   23   7
21   31   7
22   49   7
23   55   6
24   42   7
25   58   7
26   44   7
27   54   7
28   76   8
29   63   7
30   93   8
31   69   8
32   128   9
33   99   8
34   84   8
35   90   8
36   60   7
37   63   7
38   60   7
39   31   7
40   60   6
41   60   7
42   26   6
43   63   7
44   28   6
45   45   8
46   31   6
47   32   7
48   44   6
49   38   7
50   56   6
51   34   7
52   17   6
53   23   7
54   22   6
55   32   7
56   27   6
57   35   7
58   -9   6
59   40   8
60   1   7
61   21   9
62   -1   8
63   13   9
64   -38   8
65   -14   7
66   -10   7
67   -23   6
68   -18   6
69   -34   9
70   -52   6
71   -20   7
72   -39   6
73   -43   6
74   -45   6
75   -46   7
76   -52   6
77   -23   6
78   -40   6
79   -26   8
80   -20   6
81   -59   6
82   -10   6
83   -42   7
84   -32   7
85   -67   7
86   -27   7
87   -62   7
88   -42   7
89   -49   7
90   -54   8
91   -49   7
92   -38   8
93   -51   8
94   -17   8
95   -30   8
96   43   24
97   -33   8
98   -22   8
99   -62   8
100   -87   9
101   -29   8
102   -48   8
103   -56   7
104   -60   7
105   -33   7
106   -35   7
107   -44   7
108   -59   8
109   -56   7
110   -29   7
111   -30   7
112   -18   20
113   -38   7
114   -46   7
115   -30   7
116   -22   8
117   -37   6
118   -60   6
119   -36   6
120   -56   8
121   -39   6
122   -31   7
123   -25   6
124   -39   7
125   -53   7
126   6   8
127   -26   7
APV   19   2   2   2
0   23   19
1   -14   12
2   41   7
3   16   10
4   -11   10
5   11   8
6   39   8
7   17   8
8   16   7
9   27   7
10   35   8
11   16   7
12   32   7
13   23   7
14   34   7
15   26   7
16   -39   20
17   7   7
18   25   7
19   37   7
20   8   7
21   11   7
22   34   7
23   6   6
24   8   7
25   15   7
26   -3   8
27   16   7
28   13   8
29   45   8
30   44   8
31   47   8
32   158   9
33   104   9
34   76   8
35   56   8
36   33   7
37   34   8
38   10   7
39   -14   7
40   -7   6
41   12   7
42   16   6
43   10   7
44   15   6
45   14   8
46   20   6
47   52   8
48   57   7
49   30   8
50   33   6
51   25   7
52   25   6
53   60   8
54   -7   6
55   19   8
56   22   6
57   28   8
58   24   7
59   35   9
60   20   7
61   21   9
62   0   8
63   40   10
64   -10   9
65   10   7
66   13   8
67   4   7
68   -6   7
69   30   9
70   -16   7
71   -8   7
72   -2   6
73   -19   7
74   -8   6
75   -25   8
76   -13   6
77   -26   7
78   -47   6
79   -18   8
80   -22   6
81   -36   7
82   -19   7
83   -21   7
84   -41   7
85   -17   8
86   -29   7
87   -29   8
88   -50   7
89   -41   8
90   -29   8
91   -20   8
92   -36   8
93   -49   8
94   -39   8
95   -66   8
96   38   27
97   -51   8
98   -16   8
99   -56   8
100   -99   9
101   -49   8
102   -63   8
103   -42   7
104   -30   7
105   -21   7
106   -52   8
107   -32   7
108   -52   8
109   -28   7
110   -51   8
111   -28   7
112   -21   23
113   -26   7
114   -39   7
115   -22   7
116   -27   8
117   -26   6
118   -24   7
119   -22   6
120   -12   8
121   -21   7
122   1   7
123   -23   7
124   -14   8
125   -6   7
126   -11   9
127   -15   8
APV   19   2   2   3
0   16   22
1   -22   13
2   0   6
3   -5   10
4   -29   9
5   -16   8
6   -6   7
7   -14   7
8   -4   7
9   -12   7
10   3   8
11   -9   7
12   16   7
13   -1   6
14   9   6
15   22   6
16   -10   22
17   3   6
18   27   7
19   24   6
20   -10   7
21   5   6
22   20   7
23   12   6
24   33   7
25   28   6
26   55   7
27   21   6
28   46   7
29   64   7
30   78   8
31   96   8
32   82   8
33   91   8
34   81   8
35   80   8
36   63   7
37   56   7
38   52   6
39   50   7
40   41   6
41   51   7
42   16   6
43   59   7
44   5   6
45   29   8
46   8   6
47   10   8
48   5   6
49   38   8
50   20   6
51   19   7
52   6   6
53   7   7
54   10   6
55   6   7
56   -9   6
57   -24   8
58   -9   6
59   -11   8
60   -2   7
61   -22   9
62   -21   8
63   -8   9
64   -5   9
65   -15   7
66   -13   8
67   14   6
68   -20   6
69   -16   8
70   -21   7
71   -16   8
72   -29   6
73   -15   6
74   -25   6
75   -37   8
76   -37   7
77   -23   6
78   -35   6
79   -8   8
80   -26   6
81   1   7
82   -30   6
83   -17   7
84   -22   6
85   -9   7
86   -9   6
87   0   7
88   8   7
89   -5   7
90   -2   7
91   -6   7
92   -15   7
93   -14   7
94   -13   8
95   -5   7
96   56   30
97   -25   7
98   -16   7
99   -43   8
100   -108   9
101   -30   7
102   -17   7
103   2   7
104   -33   7
105   -14   7
106   1   7
107   -7   7
108   -30   8
109   -7   6
110   -32   8
111   -13   6
112   -2   26
113   -24   6
114   -10   7
115   -14   6
116   -39   8
117   -37   6
118   -37   7
119   -38   6
120   -41   8
121   -40   6
122   -12   6
123   -30   7
124   -21   7
125   -27   7
126   -24   8
127   -27   8
APV   19   2   2   4
0   5   14
1   -14   15
2   -10   7
3   -9   12
4   -17   11
5   -6   9
6   12   8
7   -11   8
8   14   8
9   -10   7
10   17   9
11   6   7
12   34   8
13   31   7
14   25   7
15   45   7
16   23   16
17   16   7
18   45   9
19   51   7
20   57   9
21   60   7
22   39   8
23   35   7
24   30   8
25   48   7
26   64   9
27   39   8
28   56   9
29   41   8
30   47   9
31   52   9
32   100   10
33   65   10
34   65   9
35   39   11
36   47   21
37   25   9
38   37   8
39   53   9
40   75   7
41   38   8
42   43   7
43   43   8
44   51   7
45   41   9
46   53   7
47   42   9
48   22   7
49   41   9
50   32   6
51   39   8
52   24   6
53   8   8
54   28   7
55   19   9
56   9   7
57   -6   9
58   3   7
59   -11   10
60   -4   9
61   -7   10
62   12   9
63   7   11
64   -8   12
65   19   8
66   -8   9
67   24   7
68   0   7
69   6   10
70   13   7
71   8   9
72   -14   7
73   -7   7
74   0   7
75   1   9
76   -11   7
77   -20   7
78   -3   7
79   -10   9
80   -14   7
81   0   7
82   -32   7
83   -16   8
84   -52   7
85   -57   8
86   -62   7
87   -69   8
88   -46   8
89   -54   8
90   -58   8
91   -66   8
92   -79   8
93   -76   8
94   -75   9
95   -62   8
96   16   23
97   -70   9
98   -56   9
99   -50   9
100   -118   9
101   -79   8
102   -76   8
103   -93   8
104   -73   8
105   -55   8
106   -57   8
107   -59   7
108   -37   8
109   -47   7
110   -39   8
111   -40   7
112   -10   18
113   -36   7
114   -46   8
115   -19   7
116   -31   9
117   -27   7
118   -2   7
119   -3   7
120   -6   10
121   -15   7
122   14   7
123   12   7
124   13   8
125   9   8
126   39   9
127   19   9
APV   19   2   2   5
0   18   18
1   0   16
2   6   9
3   5   12
4   7   12
5   17   9
6   15   9
7   13   8
8   26   9
9   31   8
10   26   10
11   27   8
12   31   9
13   57   7
14   42   8
15   53   7
16   -24   19
17   19   7
18   13   9
19   19   7
20   29   9
21   28   7
22   22   9
23   37   7
24   26   9
25   27   8
26   3   9
27   42   8
28   50   9
29   48   9
30   46   10
31   67   9
32   113   11
33   79   11
34   66   10
35   82   10
36   24   8
37   52   9
38   58   8
39   46   9
40   32   7
41   34   9
42   46   7
43   33   9
44   35   7
45   30   10
46   30   7
47   55   9
48   49   7
49   54   10
50   60   7
51   40   9
52   40   7
53   29   9
54   34   7
55   29   9
56   2   7
57   36   10
58   20   8
59   33   11
60   2   9
61   18   11
62   14   10
63   28   12
64   0   12
65   17   9
66   19   10
67   13   8
68   9   8
69   11   10
70   3   8
71   24   9
72   -6   7
73   29   8
74   5   7
75   -1   9
76   -26   7
77   -34   8
78   -15   7
79   -26   9
80   -74   7
81   -39   8
82   -61   7
83   -69   8
84   -62   8
85   -57   9
86   -57   8
87   -55   8
88   -81   8
89   -64   8
90   -39   9
91   -57   9
92   -80   9
93   -81   9
94   -58   9
95   -68   18
96   36   26
97   -31   9
98   -52   9
99   -65   10
100   -118   10
101   -57   9
102   -62   9
103   -75   8
104   -88   8
105   -69   8
106   -69   8
107   -50   8
108   -67   9
109   -52   8
110   -68   9
111   -67   7
112   -3   21
113   -45   7
114   -51   8
115   -34   7
116   -49   9
117   -28   7
118   -22   8
119   -16   7
120   -26   10
121   -13   8
122   6   8
123   7   21
124   5   9
125   15   9
126   19   10
127   25   10
APV   19   2   2   6
0   30   17
1   -1   12
2   0   8
3   19   10
4   7   11
5   16   7
6   16   9
7   3   7
8   26   8
9   41   7
10   26   9
11   25   7
12   27   8
13   30   7
14   44   8
15   44   7
16   -19   18
17   2   7
18   15   8
19   43   7
20   6   8
21   22   7
22   49   8
23   32   7
24   40   9
25   38   8
26   76   9
27   47   8
28   71   9
29   79   8
30   102   9
31   94   9
32   148   10
33   136   10
34   130   9
35   123   10
36   58   8
37   76   9
38   75   8
39   69   9
40   36   7
41   47   8
42   59   7
43   27   8
44   32   7
45   -6   9
46   -3   7
47   18   8
48   22   7
49   7   8
50   39   6
51   32   8
52   19   6
53   26   8
54   24   7
55   49   8
56   7   7
57   22   8
58   5   7
59   24   9
60   0   8
61   28   9
62   0   9
63   20   10
64   -16   10
65   -4   7
66   -1   9
67   12   7
68   -16   7
69   -2   9
70   -23   7
71   0   8
72   -35   7
73   -4   7
74   -18   7
75   -19   8
76   -40   7
77   -23   7
78   -24   7
79   -4   9
80   -46   7
81   -57   8
82   -68   7
83   -48   8
84   -61   7
85   -62   8
86   -44   7
87   -58   8
88   -60   8
89   -75   8
90   -68   8
91   -73   8
92   -59   8
93   -45   8
94   -53   8
95   -46   8
96   54   26
97   -53   8
98   -57   8
99   -63   8
100   -120   9
101   -84   8
102   -88   8
103   -62   8
104   -64   8
105   -55   8
106   -76   8
107   -40   7
108   -48   9
109   -41   7
110   -47   9
111   -56   7
112   -24   21
113   -41   7
114   -23   9
115   -36   7
116   -69   9
117   -11   8
118   1   8
119   -11   8
120   -42   9
121   -27   8
122   -25   8
123   -31   9
124   14   9
125   -9   10
126   -19   9
127   -4   10
APV   19   2   2   7
0   13   23
1   11   11
2   20   7
3   26   9
4   -10   9
5   -10   7
6   11   7
7   -2   7
8   0   8
9   -13   7
10   -13   8
11   3   7
12   -17   7
13   -6   7
14   -7   7
15   -10   7
16   -31   22
17   1   7
18   -16   8
19   -13   7
20   -12   8
21   5   7
22   1   8
23   0   7
24   7   8
25   30   8
26   27   9
27   31   8
28   34   9
29   14   9
30   15   9
31   25   9
32   82   10
33   38   10
34   34   9
35   35   9
36   28   8
37   20   9
38   19   8
39   27   9
40   22   7
41   26   8
42   -3   7
43   -6   8
44   2   7
45   18   8
46   -4   7
47   0   8
48   6   7
49   0   8
50   -7   6
51   16   7
52   -17   6
53   -11   7
54   -8   6
55   -4   7
56   17   7
57   10   8
58   3   7
59   20   8
60   -13   7
61   16   8
62   2   8
63   26   9
64   -16   9
65   14   7
66   6   8
67   9   7
68   -3   7
69   12   9
70   6   7
71   -4   7
72   8   7
73   -3   7
74   6   7
75   5   8
76   -5   7
77   -11   7
78   -6   7
79   -4   9
80   -25   7
81   -26   8
82   -36   7
83   -6   8
84   -30   7
85   -18   8
86   -25   7
87   -17   8
88   -14   8
89   -23   8
90   -21   8
91   3   8
92   -11   8
93   -13   8
94   -25   8
95   -15   8
96   85   30
97   -14   8
98   -21   8
99   5   8
100   -85   10
101   -2   8
102   -25   8
103   0   8
104   -39   8
105   -22   8
106   -18   8
107   -28   7
108   -36   9
109   -41   7
110   -21   9
111   -28   7
112   11   26
113   -6   7
114   -20   8
115   1   7
116   -26   9
117   1   7
118   0   7
119   1   7
120   11   8
121   10   7
122   17   7
123   24   7
124   15   7
125   0   8
126   15   8
127   18   8
APV   19   2   2   8
0   0   19
1   -26   10
2   8   7
3   4   9
4   1   9
5   3   7
6   42   7
7   20   7
8   18   7
9   26   7
10   49   8
11   51   7
12   23   7
13   37   7
14   33   7
15   25   6
16   6   19
17   26   7
18   23   7
19   46   7
20   19   8
21   36   7
22   52   8
23   42   7
24   25   8
25   37   8
26   28   8
27   16   7
28   44   8
29   55   8
30   64   9
31   81   9
32   93   10
33   76   10
34   69   9
35   89   9
36   31   8
37   39   8
38   42   8
39   35   8
40   23   7
41   53   8
42   26   7
43   42   8
44   21   7
45   32   8
46   34   7
47   26   8
48   30   7
49   43   7
50   32   6
51   35   7
52   45   6
53   47   7
54   8   6
55   39   7
56   13   6
57   50   7
58   30   6
59   40   8
60   15   7
61   2   8
62   10   7
63   21   8
64   4   8
65   0   7
66   -15   7
67   -12   6
68   -12   7
69   -10   9
70   -23   7
71   -34   7
72   -46   6
73   -42   6
74   -26   6
75   -26   8
76   -31   7
77   -23   7
78   -36   7
79   -32   8
80   -43   6
81   -45   7
82   -35   7
83   -37   7
84   -55   7
85   -42   8
86   -57   7
87   -46   8
88   -48   7
89   -50   8
90   -47   8
91   -41   8
92   -24   8
93   -25   8
94   -34   8
95   -33   8
96   73   26
97   -15   8
98   -45   8
99   -25   8
100   -66   9
101   -28   8
102   -43   8
103   -58   7
104   -50   8
105   -37   7
106   -44   8
107   -52   7
108   -47   8
109   -35   7
110   -57   8
111   -51   7
112   -22   22
113   -30   7
114   -51   7
115   -40   7
116   -49   8
117   -59   7
118   -55   7
119   -33   7
120   -33   8
121   -48   7
122   -24   7
123   -18   7
124   -5   7
125   -3   7
126   -7   8
127   -23   7
APV   19   2   2   9
0   0   20
1   -5   11
2   19   8
3   -12   9
4   -5   10
5   18   7
6   6   8
7   3   7
8   20   8
9   36   7
10   17   8
11   35   7
12   18   8
13   28   7
14   25   7
15   35   7
16   33   21
17   37   7
18   43   8
19   47   7
20   59   8
21   60   7
22   57   8
23   70   7
24   51   8
25   66   8
26   77   8
27   56   8
28   60   9
29   67   8
30   89   9
31   106   9
32   149   10
33   126   10
34   107   9
35   110   9
36   83   8
37   72   9
38   58   8
39   65   8
40   50   7
41   68   8
42   61   7
43   53   8
44   36   7
45   49   8
46   46   7
47   44   8
48   28   7
49   44   8
50   36   6
51   34   7
52   12   6
53   53   7
54   41   6
55   24   8
56   0   7
57   5   8
58   0   7
59   16   8
60   12   7
61   7   9
62   3   8
63   7   9
64   -24   9
65   13   8
66   -9   8
67   17   7
68   2   7
69   4   9
70   -31   7
71   -16   7
72   -28   7
73   -18   7
74   -12   7
75   -2   8
76   -12   7
77   -27   7
78   -23   7
79   -34   9
80   -52   9
81   -43   7
82   -47   7
83   -36   8
84   -36   7
85   -66   8
86   -77   7
87   -89   8
88   -81   8
89   -80   8
90   -85   8
91   -71   8
92   -73   8
93   -80   8
94   -94   8
95   -67   8
96   4   28
97   -60   8
98   -74   8
99   -74   8
100   -124   9
101   -98   8
102   -73   8
103   -83   8
104   -77   8
105   -99   8
106   -63   8
107   -71   7
108   -52   8
109   -63   7
110   -88   8
111   -61   7
112   -32   23
113   -43   7
114   -55   7
115   -33   7
116   -39   8
117   -31   7
118   -8   7
119   -14   7
120   -25   8
121   -17   7
122   9   7
123   -4   7
124   10   7
125   0   8
126   2   9
127   -5   8
APV   19   2   2   10
0   -23   20
1   -9   11
2   7   7
3   -28   9
4   -26   10
5   -23   7
6   0   8
7   -6   7
8   11   8
9   -9   7
10   9   8
11   4   7
12   28   8
13   18   7
14   38   7
15   22   6
16   -1   21
17   39   7
18   49   8
19   27   7
20   42   8
21   61   7
22   65   8
23   67   7
24   61   8
25   73   8
26   77   9
27   48   8
28   72   9
29   66   8
30   80   9
31   82   9
32   130   10
33   113   10
34   104   9
35   110   9
36   67   8
37   73   9
38   66   8
39   96   8
40   73   7
41   70   8
42   64   7
43   67   8
44   46   7
45   64   9
46   64   7
47   58   8
48   37   7
49   38   8
50   42   6
51   45   7
52   23   6
53   17   7
54   13   6
55   12   7
56   21   6
57   11   8
58   -22   6
59   12   8
60   -8   7
61   -8   9
62   -16   8
63   -1   9
64   -19   9
65   -26   7
66   -25   8
67   -20   7
68   -22   7
69   -13   9
70   -24   7
71   -24   7
72   -29   6
73   -21   6
74   -39   7
75   -28   8
76   -18   7
77   -32   7
78   -26   7
79   -38   8
80   -41   7
81   -51   7
82   -30   7
83   -51   7
84   -65   7
85   -48   8
86   -36   7
87   -20   8
88   -30   8
89   -52   8
90   -44   8
91   -36   8
92   -28   8
93   -36   8
94   -52   8
95   -45   8
96   20   27
97   -43   8
98   -38   8
99   -42   8
100   -122   9
101   -54   8
102   -55   8
103   -35   8
104   -42   8
105   -47   7
106   -23   8
107   -39   7
108   -38   9
109   -69   7
110   -58   8
111   -52   7
112   -25   23
113   -57   7
114   -50   7
115   -39   7
116   -71   8
117   -38   7
118   -34   7
119   -37   7
120   -33   8
121   -26   7
122   -20   7
123   -41   7
124   -22   7
125   -30   7
126   -27   8
127   -32   8
APV   19   2   2   11
0   -8   22
1   -8   11
2   10   7
3   -18   9
4   -27   9
5   -10   7
6   -13   7
7   15   7
8   -3   7
9   25   7
10   7   8
11   -16   6
12   -3   7
13   10   6
14   1   7
15   25   6
16   -6   20
17   26   6
18   11   7
19   32   6
20   0   7
21   13   6
22   14   7
23   24   6
24   36   8
25   42   7
26   44   8
27   29   7
28   37   8
29   49   8
30   39   8
31   54   8
32   100   9
33   75   9
34   75   8
35   62   8
36   53   7
37   52   8
38   42   7
39   35   7
40   36   6
41   44   7
42   43   6
43   20   7
44   14   6
45   8   8
46   2   6
47   4   7
48   19   6
49   8   7
50   0   6
51   13   7
52   8   6
53   3   7
54   -2   6
55   9   7
56   -14   6
57   -4   7
58   -17   6
59   -9   8
60   9   7
61   8   8
62   3   7
63   -4   8
64   -14   9
65   14   7
66   0   12
67   4   6
68   1   6
69   1   9
70   2   7
71   -26   7
72   -14   6
73   7   6
74   -5   6
75   -6   7
76   -11   6
77   6   6
78   -18   6
79   0   8
80   -19   6
81   -12   6
82   -17   6
83   -26   7
84   -21   7
85   -23   7
86   -23   7
87   -16   7
88   -33   7
89   -35   7
90   -22   7
91   -38   7
92   -40   7
93   -31   7
94   -32   8
95   -28   7
96   141   30
97   -8   8
98   -29   8
99   -24   8
100   -129   10
101   -48   7
102   -27   7
103   -46   7
104   -36   7
105   -25   7
106   -22   7
107   -39   7
108   -22   8
109   -11   6
110   -14   7
111   -35   6
112   -11   25
113   -25   6
114   -13   7
115   -14   6
116   -53   8
117   3   6
118   -25   6
119   -16   6
120   -34   7
121   -10   6
122   -10   6
123   -17   6
124   -22   7
125   11   7
126   -25   8
127   -9   7
APV   19   2   2   12
0   -24   21
1   -28   11
2   -6   7
3   -36   9
4   -54   9
5   -30   7
6   -6   7
7   -26   7
8   -10   7
9   -13   7
10   -14   8
11   -14   6
12   -4   7
13   -17   6
14   4   6
15   1   6
16   -24   20
17   24   6
18   14   7
19   25   6
20   16   8
21   67   6
22   46   8
23   10   6
24   60   8
25   69   7
26   46   8
27   74   7
28   68   8
29   90   8
30   94   9
31   94   8
32   155   9
33   112   9
34   130   9
35   108   9
36   74   8
37   85   8
38   76   7
39   75   8
40   70   7
41   64   7
42   41   6
43   63   7
44   21   6
45   25   8
46   30   6
47   59   7
48   -17   6
49   8   7
50   5   6
51   1   7
52   2   6
53   1   7
54   -2   6
55   -18   7
56   -21   6
57   11   7
58   -16   6
59   12   8
60   -28   7
61   -23   8
62   -35   8
63   -4   8
64   -16   9
65   -28   7
66   -10   8
67   -28   7
68   -18   7
69   -23   8
70   -33   7
71   -16   7
72   -32   6
73   -14   6
74   -16   6
75   -21   8
76   -15   6
77   -19   6
78   -25   6
79   -16   8
80   -44   6
81   -41   7
82   -12   6
83   -17   7
84   -26   7
85   -38   8
86   -24   7
87   -17   7
88   -36   7
89   -29   7
90   -6   8
91   -35   8
92   -21   8
93   -17   8
94   -42   8
95   -13   8
96   111   29
97   -14   8
98   -21   8
99   -22   8
100   -118   9
101   -51   8
102   -18   8
103   -43   7
104   -31   7
105   -39   7
106   -20   8
107   -34   7
108   -16   8
109   -42   7
110   -35   7
111   -35   6
112   -7   24
113   -18   7
114   -23   7
115   -13   6
116   -40   8
117   -23   6
118   -17   6
119   -24   6
120   -30   8
121   -28   7
122   -25   7
123   -12   7
124   -23   7
125   -36   7
126   -21   8
127   -18   8
APV   19   2   2   13
0   -2   25
1   -12   13
2   18   8
3   19   11
4   1   10
5   18   8
6   13   8
7   -14   8
8   21   8
9   23   7
10   15   8
11   27   7
12   53   7
13   49   7
14   48   7
15   39   7
16   -16   24
17   16   7
18   26   8
19   17   7
20   31   8
21   54   7
22   24   8
23   22   7
24   19   8
25   36   8
26   38   9
27   38   8
28   59   9
29   53   8
30   58   9
31   68   9
32   105   10
33   91   10
34   73   9
35   63   9
36   24   8
37   56   9
38   45   8
39   51   8
40   33   7
41   29   8
42   31   7
43   23   8
44   19   7
45   43   9
46   25   7
47   41   8
48   58   7
49   35   8
50   50   7
51   50   7
52   23   7
53   38   8
54   29   7
55   29   8
56   21   7
57   25   8
58   20   7
59   27   9
60   -5   8
61   13   9
62   4   9
63   27   10
64   -7   11
65   16   8
66   17   9
67   -8   7
68   -1   7
69   -4   10
70   -20   7
71   -10   8
72   -10   7
73   7   7
74   -22   7
75   -9   8
76   -6   7
77   -22   7
78   -17   7
79   -16   9
80   -33   7
81   -16   7
82   -31   7
83   -57   8
84   -40   7
85   -54   8
86   -55   8
87   -60   8
88   -67   8
89   -79   8
90   -57   8
91   -65   8
92   -50   9
93   -52   8
94   -45   9
95   -53   8
96   107   33
97   -56   9
98   -41   9
99   -41   9
100   -135   10
101   -46   8
102   -58   8
103   -59   8
104   -53   8
105   -59   8
106   -44   8
107   -60   8
108   -69   9
109   -42   7
110   -50   8
111   -46   7
112   -33   28
113   -39   7
114   -33   8
115   -29   7
116   -45   9
117   -39   7
118   -21   7
119   -26   7
120   -15   9
121   -43   7
122   -34   7
123   -12   7
124   -5   8
125   -5   8
126   7   9
127   -3   9
APV   19   2   2   14
0   -25   24
1   -10   12
2   -13   7
3   -22   10
4   -26   10
5   -5   7
6   -9   7
7   0   7
8   13   7
9   6   7
10   23   8
11   15   7
12   28   7
13   26   6
14   43   7
15   52   6
16   19   23
17   35   7
18   31   8
19   58   7
20   62   8
21   54   7
22   48   8
23   55   7
24   76   8
25   75   7
26   100   9
27   88   8
28   97   9
29   103   8
30   103   9
31   95   9
32   159   9
33   132   9
34   127   9
35   140   9
36   86   8
37   109   8
38   85   8
39   96   8
40   75   7
41   63   8
42   57   7
43   67   8
44   60   6
45   65   9
46   48   6
47   50   8
48   32   6
49   45   8
50   26   6
51   57   7
52   31   6
53   23   7
54   19   6
55   18   7
56   19   6
57   26   8
58   8   7
59   24   8
60   -3   7
61   23   9
62   9   8
63   4   9
64   -24   10
65   -33   7
66   -30   8
67   -21   6
68   -41   7
69   -27   9
70   -28   7
71   -13   7
72   -38   6
73   -29   6
74   -61   6
75   -43   8
76   -35   6
77   -46   7
78   -41   7
79   -41   8
80   -26   6
81   -22   7
82   -38   7
83   -31   7
84   -30   7
85   -43   8
86   -35   7
87   -75   7
88   -42   8
89   -57   8
90   -81   8
91   -50   8
92   -57   8
93   -67   8
94   -58   8
95   -64   8
96   38   32
97   -77   8
98   -66   8
99   -81   8
100   -162   10
101   -87   8
102   -77   8
103   -58   7
104   -61   7
105   -59   7
106   -46   8
107   -63   7
108   -66   8
109   -39   7
110   -55   8
111   -45   7
112   -16   27
113   -29   7
114   -40   7
115   -56   6
116   -75   8
117   -39   7
118   -58   7
119   -37   7
120   -36   8
121   -47   7
122   -35   7
123   -36   7
124   -41   7
125   -43   8
126   -5   8
127   -45   8
APV   19   2   2   15
0   19   26
1   5   13
2   31   7
3   34   10
4   -9   10
5   -9   8
6   30   8
7   11   8
8   9   7
9   6   7
10   7   8
11   17   7
12   22   7
13   3   7
14   6   7
15   22   7
16   -24   25
17   -17   7
18   21   8
19   32   7
20   10   8
21   33   7
22   51   8
23   38   7
24   32   8
25   48   8
26   25   8
27   26   8
28   50   8
29   39   8
30   74   9
31   98   9
32   111   10
33   95   10
34   80   9
35   69   9
36   61   8
37   67   9
38   45   8
39   27   8
40   22   7
41   23   8
42   39   7
43   13   8
44   33   7
45   35   9
46   8   7
47   23   8
48   15   7
49   30   8
50   -3   6
51   9   7
52   1   6
53   8   8
54   -3   6
55   4   8
56   19   7
57   -1   8
58   8   7
59   20   9
60   29   8
61   8   9
62   33   8
63   31   10
64   11   10
65   26   7
66   4   9
67   -10   7
68   15   7
69   19   9
70   12   7
71   -6   7
72   -11   7
73   7   7
74   2   7
75   5   8
76   -12   7
77   -3   7
78   -16   7
79   -16   9
80   -51   7
81   -41   7
82   -37   7
83   -37   8
84   -60   7
85   -55   8
86   -48   7
87   -53   8
88   -60   8
89   -70   9
90   -62   8
91   -58   8
92   -64   8
93   -78   8
94   -62   8
95   -52   8
96   71   33
97   -58   8
98   -59   8
99   -51   8
100   -148   10
101   -74   8
102   -67   8
103   -70   8
104   -65   8
105   -77   7
106   -53   8
107   -70   7
108   -60   8
109   -35   7
110   -53   8
111   -22   7
112   -7   29
113   -26   7
114   -20   8
115   10   7
116   -34   9
117   8   7
118   14   7
119   1   7
120   -2   8
121   26   7
122   11   7
123   23   7
124   15   8
125   4   8
126   -7   8
127   22   8
APV   19   3   3   0
0   -25   25
1   -14   11
2   2   7
3   -11   9
4   -28   9
5   1   7
6   17   7
7   -6   7
8   14   7
9   1   7
10   12   7
11   21   7
12   31   7
13   39   7
14   25   7
15   33   6
16   15   24
17   42   7
18   49   7
19   50   7
20   64   8
21   66   7
22   87   8
23   81   7
24   93   8
25   90   7
26   93   8
27   78   7
28   104   8
29   105   8
30   118   9
31   117   8
32   163   9
33   168   9
34   140   9
35   145   9
36   93   8
37   108   8
38   83   7
39   107   8
40   92   7
41   92   7
42   77   7
43   92   7
44   64   7
45   48   8
46   61   7
47   58   7
48   50   7
49   46   7
50   22   6
51   30   7
52   21   6
53   21   7
54   53   6
55   34   7
56   16   6
57   9   7
58   7   7
59   15   8
60   -8   7
61   -14   8
62   -9   8
63   -11   8
64   -16   9
65   -15   7
66   -27   8
67   -31   7
68   -45   7
69   -13   9
70   -36   7
71   -35   7
72   -49   6
73   -34   7
74   -53   6
75   -60   8
76   -75   6
77   -55   7
78   -53   6
79   -53   8
80   -55   6
81   -57   7
82   -56   6
83   -25   7
84   -62   7
85   -51   8
86   -44   7
87   -45   7
88   -59   7
89   -74   7
90   -51   8
91   -75   7
92   -63   8
93   -62   7
94   -37   8
95   -51   7
96   58   32
97   -76   8
98   -62   8
99   -64   8
100   -165   9
101   -59   8
102   -64   7
103   -53   7
104   -60   7
105   -76   7
106   -49   7
107   -60   7
108   -64   8
109   -61   7
110   -53   8
111   -42   6
112   -26   28
113   -53   7
114   -48   7
115   -74   6
116   -99   8
117   -49   7
118   -57   7
119   -70   6
120   -29   8
121   -36   7
122   -53   7
123   -42   7
124   -43   7
125   -31   7
126   -21   8
127   -34   8
APV   19   3   3   1
0   -27   25
1   -10   14
2   18   8
3   -11   11
4   -30   10
5   -8   8
6   -19   8
7   7   8
8   6   8
9   -7   7
10   17   8
11   -1   7
12   3   8
13   22   7
14   33   7
15   15   7
16   -5   24
17   31   7
18   51   8
19   32   7
20   42   8
21   60   7
22   65   8
23   52   7
24   83   8
25   85   8
26   84   9
27   87   8
28   84   9
29   96   8
30   105   9
31   120   9
32   137   10
33   117   10
34   107   9
35   132   10
36   94   8
37   97   9
38   90   8
39   87   9
40   72   7
41   61   8
42   84   7
43   71   8
44   62   7
45   50   9
46   30   7
47   54   8
48   33   7
49   23   8
50   44   6
51   30   7
52   11   7
53   29   8
54   3   7
55   18   8
56   12   7
57   7   8
58   16   7
59   -14   9
60   -1   8
61   -21   9
62   -10   9
63   7   10
64   -11   10
65   -11   7
66   -22   9
67   -14   7
68   -31   7
69   -19   9
70   -48   7
71   -23   7
72   -33   7
73   -27   7
74   -49   7
75   -23   8
76   -40   7
77   -47   7
78   -39   7
79   -22   8
80   -32   7
81   -43   7
82   -33   7
83   -26   8
84   -19   7
85   -55   8
86   -37   7
87   -39   8
88   -66   8
89   -42   8
90   -53   8
91   -68   8
92   -42   8
93   -36   8
94   -47   9
95   -46   8
96   57   32
97   -33   9
98   -15   9
99   -42   9
100   -155   10
101   -53   8
102   -67   8
103   -79   8
104   -69   8
105   -66   8
106   -67   8
107   -71   7
108   -56   8
109   -49   7
110   -52   8
111   -9   7
112   -22   27
113   -30   7
114   -44   8
115   -42   7
116   -84   8
117   -64   7
118   -27   7
119   -38   7
120   -54   8
121   -48   7
122   -23   7
123   -34   7
124   -41   7
125   -33   8
126   0   8
127   -43   9
APV   19   3   3   2
0   -11   25
1   -7   10
2   0   8
3   -16   9
4   -24   10
5   0   7
6   31   8
7   3   7
8   6   8
9   31   7
10   22   8
11   26   7
12   54   8
13   22   6
14   63   8
15   41   6
16   31   24
17   69   7
18   59   8
19   45   7
20   52   8
21   47   7
22   87   8
23   56   7
24   85   8
25   63   7
26   86   8
27   57   8
28   82   8
29   45   8
30   69   9
31   75   9
32   101   10
33   110   10
34   96   9
35   74   9
36   79   8
37   76   9
38   53   8
39   65   8
40   70   7
41   83   8
42   72   7
43   82   8
44   49   7
45   75   9
46   49   7
47   55   8
48   59   7
49   59   8
50   48   6
51   51   8
52   40   6
53   24   8
54   22   6
55   49   8
56   27   6
57   14   8
58   19   7
59   16   8
60   -16   7
61   15   9
62   -23   8
63   0   10
64   -12   9
65   0   7
66   -17   8
67   0   7
68   -12   7
69   -11   9
70   -36   7
71   -12   8
72   -35   6
73   -54   7
74   -31   7
75   -41   8
76   -54   7
77   -48   7
78   -50   7
79   -54   8
80   -46   7
81   -39   7
82   -62   7
83   -46   8
84   -47   7
85   -63   13
86   -39   13
87   -47   13
88   -50   13
89   -73   13
90   -65   13
91   -58   12
92   -37   12
93   -45   8
94   -59   9
95   -36   9
96   90   33
97   -42   8
98   -53   8
99   -45   9
100   -144   10
101   -55   8
102   -69   8
103   -68   8
104   -72   8
105   -74   8
106   -55   8
107   -78   7
108   -56   8
109   -58   7
110   -57   8
111   -46   7
112   -28   28
113   -71   7
114   -79   7
115   -44   7
116   -81   9
117   -57   7
118   -58   7
119   -71   7
120   -44   8
121   -25   7
122   -9   7
123   -39   7
124   -29   7
125   -16   7
126   -16   8
127   -9   8
APV   19   3   3   3
0   -2   27
1   -11   11
2   7   8
3   -3   9
4   -9   10
5   -16   8
6   8   8
7   -12   7
8   0   8
9   -17   7
10   0   8
11   6   7
12   11   8
13   8   7
14   7   8
15   9   7
16   1   25
17   8   7
18   36   8
19   35   7
20   -2   9
21   34   7
22   19   9
23   22   7
24   36   9
25   40   8
26   30   9
27   39   8
28   43   9
29   59   9
30   61   10
31   60   10
32   117   11
33   132   11
34   97   10
35   88   10
36   57   9
37   55   9
38   59   8
39   54   9
40   26   7
41   61   8
42   43   8
43   23   8
44   31   7
45   45   9
46   14   7
47   34   8
48   -7   7
49   13   8
50   -23   7
51   16   7
52   21   7
53   13   8
54   9   7
55   14   8
56   -14   7
57   9   8
58   -7   7
59   -18   8
60   -9   8
61   -8   9
62   -6   8
63   -9   9
64   -45   9
65   -10   8
66   -10   8
67   9   7
68   -16   7
69   -14   9
70   -5   7
71   10   8
72   -25   8
73   -20   7
74   -8   7
75   -8   8
76   -31   7
77   -40   7
78   -41   7
79   -10   9
80   -21   7
81   -17   8
82   -20   7
83   -20   8
84   -42   8
85   -32   8
86   -26   8
87   -44   8
88   -33   8
89   -32   8
90   -33   8
91   -40   8
92   -27   8
93   -26   8
94   -13   8
95   -13   8
96   152   35
97   25   9
98   11   9
99   4   8
100   -136   11
101   -26   8
102   -39   8
103   -18   8
104   -43   8
105   -51   8
106   -40   8
107   -57   8
108   -48   9
109   -38   7
110   -21   9
111   -21   7
112   2   30
113   -34   7
114   -22   8
115   -4   7
116   -37   10
117   -28   7
118   -21   7
119   -62   7
120   -18   8
121   -34   7
122   -14   7
123   -22   8
124   -28   8
125   -34   8
126   -17   8
127   -3   8
APV   19   3   3   4
0   -28   26
1   -53   10
2   -8   8
3   -8   9
4   -35   10
5   -28   7
6   6   8
7   -4   7
8   1   8
9   -17   7
10   4   9
11   11   7
12   19   8
13   12   7
14   14   8
15   37   7
16   12   25
17   29   7
18   40   8
19   35   7
20   51   9
21   41   7
22   59   9
23   71   7
24   77   9
25   81   8
26   96   9
27   70   8
28   91   9
29   100   9
30   114   10
31   121   9
32   163   10
33   140   10
34   128   10
35   142   10
36   84   8
37   123   9
38   109   8
39   93   9
40   67   7
41   90   8
42   68   7
43   67   8
44   58   7
45   58   9
46   34   7
47   68   8
48   29   7
49   30   8
50   29   7
51   11   7
52   -1   7
53   41   8
54   7   7
55   3   8
56   11   7
57   5   8
58   6   7
59   9   8
60   -17   7
61   -22   9
62   -23   8
63   -8   9
64   -37   8
65   -27   8
66   -35   8
67   -13   7
68   -54   7
69   -3   9
70   -32   7
71   -31   8
72   -46   7
73   -54   7
74   -30   7
75   -1   8
76   -42   7
77   -46   7
78   -44   7
79   -23   9
80   -46   7
81   -65   8
82   -42   7
83   -36   8
84   -50   7
85   -46   9
86   -33   8
87   -38   8
88   -67   8
89   -68   8
90   -29   8
91   -46   8
92   -59   8
93   -49   8
94   -37   8
95   -24   8
96   96   33
97   -35   8
98   -22   8
99   -48   8
100   -139   10
101   -63   8
102   -41   8
103   -40   8
104   -50   8
105   -69   8
106   -31   8
107   -32   8
108   -65   9
109   -42   7
110   -50   9
111   -44   7
112   -23   28
113   -41   7
114   -39   8
115   -43   7
116   -55   9
117   -58   7
118   -71   7
119   -53   7
120   -37   8
121   -41   7
122   -24   7
123   -36   7
124   -51   7
125   -37   8
126   -32   8
127   -36   8
APV   19   3   3   5
0   -12   25
1   -56   9
2   -27   8
3   -24   8
4   -35   10
5   -18   7
6   1   8
7   -14   7
8   -1   8
9   -12   6
10   8   8
11   12   7
12   16   8
13   17   6
14   18   7
15   22   6
16   17   24
17   41   7
18   48   8
19   17   6
20   37   8
21   65   7
22   91   8
23   77   7
24   81   8
25   76   7
26   83   8
27   86   7
28   86   8
29   64   8
30   117   9
31   95   8
32   157   9
33   130   9
34   133   9
35   120   9
36   75   8
37   94   8
38   72   7
39   87   8
40   75   7
41   79   8
42   63   7
43   49   8
44   59   6
45   54   8
46   53   7
47   36   8
48   28   7
49   56   8
50   21   6
51   22   7
52   10   6
53   0   7
54   21   6
55   12   7
56   -11   6
57   -2   7
58   -14   6
59   0   8
60   -21   7
61   -20   8
62   -33   7
63   -10   9
64   -17   8
65   -8   7
66   -41   7
67   -8   7
68   -6   6
69   -29   9
70   -28   7
71   -37   7
72   -21   6
73   -40   6
74   -50   6
75   -29   7
76   -29   6
77   -15   7
78   -19   7
79   -42   8
80   -23   6
81   -20   7
82   -20   7
83   -34   7
84   -36   7
85   -47   8
86   -38   7
87   -34   8
88   -53   7
89   -53   8
90   -65   8
91   -32   8
92   -51   7
93   -62   8
94   -50   8
95   -60   8
96   122   32
97   -25   8
98   -39   8
99   -48   7
100   -141   9
101   -82   8
102   -67   8
103   -62   7
104   -51   7
105   -32   7
106   -36   8
107   -61   7
108   -42   8
109   -44   7
110   -50   8
111   -25   7
112   -16   28
113   -46   7
114   -50   7
115   -40   7
116   -51   8
117   -41   7
118   -38   6
119   -56   6
120   -45   8
121   -43   7
122   -35   6
123   -33   7
124   -36   7
125   -19   7
126   3   8
127   -27   7
APV   19   3   3   6
0   -23   25
1   -9   8
2   18   7
3   -6   7
4   -24   8
5   -2   6
6   3   7
7   -16   6
8   1   7
9   34   6
10   11   7
11   35   6
12   24   7
13   34   6
14   26   7
15   25   6
16   19   25
17   60   7
18   44   7
19   45   6
20   46   8
21   71   6
22   71   8
23   85   7
24   87   8
25   83   7
26   76   8
27   90   7
28   98   8
29   74   8
30   77   8
31   86   8
32   146   9
33   95   9
34   105   8
35   85   8
36   61   7
37   84   8
38   90   7
39   83   8
40   78   6
41   86   7
42   64   6
43   78   7
44   79   6
45   66   7
46   45   6
47   55   7
48   52   6
49   54   7
50   48   6
51   44   6
52   23   6
53   24   7
54   19   6
55   27   6
56   23   6
57   1   7
58   8   6
59   19   7
60   -14   6
61   25   7
62   -20   6
63   11   7
64   -3   7
65   9   7
66   -5   7
67   -8   6
68   -12   6
69   -21   9
70   -11   6
71   -29   7
72   -36   6
73   -13   6
74   -24   6
75   -29   7
76   -28   6
77   -33   6
78   -22   6
79   -26   8
80   -50   6
81   -59   7
82   -41   6
83   -46   7
84   -93   6
85   -72   7
86   -78   6
87   -74   7
88   -65   7
89   -80   7
90   -68   7
91   -59   7
92   -76   7
93   -77   7
94   -80   7
95   -70   7
96   110   32
97   -63   7
98   -66   7
99   -80   7
100   -152   9
101   -64   7
102   -87   7
103   -78   7
104   -95   7
105   -53   7
106   -79   7
107   -85   6
108   -73   7
109   -66   6
110   -77   7
111   -63   6
112   -24   28
113   -60   6
114   -52   7
115   -34   6
116   -30   8
117   3   6
118   -22   6
119   -40   6
120   -41   7
121   -20   6
122   -26   6
123   -23   6
124   -33   6
125   -17   6
126   -18   7
127   1   6
APV   19   3   3   7
0   -16   24
1   6   8
2   21   6
3   -7   7
4   -9   8
5   -9   6
6   6   7
7   20   6
8   16   7
9   24   6
10   39   7
11   28   6
12   25   7
13   28   6
14   44   6
15   42   6
16   -32   24
17   20   6
18   64   7
19   48   6
20   37   8
21   61   6
22   85   7
23   70   6
24   73   7
25   76   6
26   83   7
27   69   6
28   97   7
29   88   7
30   98   8
31   101   8
32   142   9
33   130   8
34   109   8
35   103   8
36   100   7
37   70   7
38   83   6
39   95   7
40   80   6
41   62   7
42   71   6
43   71   7
44   78   5
45   57   7
46   51   5
47   50   7
48   44   6
49   34   6
50   52   5
51   33   6
52   32   5
53   31   6
54   25   5
55   32   6
56   22   5
57   25   6
58   22   5
59   19   7
60   13   6
61   1   7
62   -7   6
63   11   7
64   7   7
65   0   7
66   -8   7
67   5   6
68   -7   6
69   9   8
70   -14   6
71   -1   7
72   -47   5
73   -20   6
74   -40   6
75   -46   8
76   -63   6
77   -43   6
78   -45   6
79   -44   7
80   -55   5
81   -47   6
82   -56   6
83   -52   6
84   -83   6
85   -62   7
86   -63   6
87   -89   6
88   -78   6
89   -77   6
90   -77   6
91   -63   6
92   -62   6
93   -67   6
94   -73   6
95   -53   6
96   70   32
97   -75   6
98   -61   6
99   -59   6
100   -161   9
101   -89   6
102   -60   6
103   -84   6
104   -95   6
105   -73   6
106   -78   6
107   -74   6
108   -76   7
109   -73   6
110   -73   6
111   -66   6
112   -41   27
113   -45   6
114   -58   6
115   -46   6
116   -76   8
117   -43   6
118   -33   6
119   -44   6
120   -31   8
121   -19   6
122   -6   6
123   -16   6
124   -23   6
125   -9   6
126   2   7
127   -12   6
APV   19   3   3   8
0   -24   23
1   -17   9
2   8   7
3   -5   8
4   -9   9
5   16   6
6   3   7
7   8   6
8   0   7
9   21   6
10   39   8
11   12   6
12   45   7
13   41   6
14   23   7
15   34   6
16   -31   24
17   33   6
18   54   7
19   61   6
20   36   7
21   51   6
22   54   7
23   67   6
24   65   7
25   76   6
26   87   7
27   80   7
28   115   7
29   125   7
30   138   8
31   151   8
32   173   9
33   149   8
34   138   8
35   130   8
36   110   7
37   81   7
38   104   7
39   93   7
40   79   6
41   75   7
42   76   6
43   76   7
44   44   6
45   41   7
46   58   6
47   61   7
48   57   6
49   37   7
50   49   5
51   73   6
52   49   6
53   44   7
54   31   6
55   30   7
56   1   6
57   33   7
58   13   6
59   44   7
60   -13   6
61   20   8
62   7   7
63   12   7
64   -17   7
65   -23   7
66   -17   7
67   -6   6
68   -17   6
69   -23   10
70   -35   6
71   -14   9
72   -46   6
73   -32   6
74   -44   6
75   -49   8
76   -52   6
77   -60   6
78   -64   6
79   -58   8
80   -67   6
81   -57   6
82   -55   6
83   -68   6
84   -82   6
85   -71   7
86   -69   6
87   -70   7
88   -71   6
89   -71   6
90   -68   6
91   -73   6
92   -52   6
93   -63   7
94   -57   7
95   -42   7
96   50   32
97   -48   8
98   -60   7
99   -61   6
100   -131   10
101   -77   7
102   -68   6
103   -69   6
104   -87   6
105   -84   6
106   -82   7
107   -72   6
108   -84   7
109   -68   6
110   -55   7
111   -72   6
112   -47   27
113   -57   6
114   -68   6
115   -48   6
116   -68   8
117   -37   6
118   -40   6
119   -67   6
120   -28   10
121   -34   6
122   -37   6
123   -48   6
124   -36   6
125   -7   6
126   -18   8
127   -27   6
APV   19   3   3   9
0   0   22
1   -30   8
2   19   7
3   -7   7
4   -28   10
5   -29   6
6   19   7
7   -11   6
8   17   7
9   10   5
10   20   8
11   24   6
12   0   7
13   25   5
14   17   7
15   57   5
16   -15   22
17   26   6
18   64   8
19   38   5
20   24   7
21   30   5
22   39   7
23   47   5
24   41   7
25   68   6
26   69   7
27   57   6
28   66   7
29   89   6
30   73   7
31   84   7
32   98   7
33   128   7
34   113   7
35   54   9
36   74   6
37   89   7
38   65   6
39   93   6
40   50   5
41   68   6
42   34   5
43   55   6
44   28   5
45   31   7
46   46   5
47   34   7
48   32   5
49   20   7
50   26   5
51   50   6
52   31   5
53   28   6
54   30   5
55   46   6
56   0   5
57   7   6
58   3   5
59   3   7
60   -20   6
61   -7   7
62   -11   6
63   6   7
64   -23   6
65   -2   6
66   -25   6
67   -8   6
68   -15   6
69   -37   9
70   -28   6
71   -6   9
72   -24   5
73   -25   5
74   -12   6
75   -29   8
76   -27   5
77   -21   5
78   -32   6
79   -33   8
80   -27   5
81   -57   6
82   -23   5
83   -39   6
84   -47   6
85   -59   6
86   -53   6
87   -48   6
88   -59   6
89   -38   6
90   -52   6
91   -45   6
92   -44   6
93   -46   6
94   -39   6
95   -38   6
96   59   30
97   -34   6
98   -41   6
99   -38   6
100   -82   9
101   -72   6
102   -45   6
103   -49   6
104   -62   6
105   -47   6
106   -38   6
107   -53   6
108   -41   6
109   -37   6
110   -60   6
111   -40   5
112   -31   25
113   -52   6
114   -41   6
115   -29   8
116   -81   8
117   -47   6
118   -35   6
119   -21   5
120   -30   10
121   -6   6
122   -23   6
123   -8   6
124   -29   6
125   0   6
126   -2   8
127   -21   6
APV   19   7   7   8
0   -48   5
1   -45   7
2   -30   6
3   -40   6
4   -50   5
5   -47   6
6   -49   5
7   -42   10
8   -37   5
9   -42   5
10   -26   5
11   -59   9
12   -34   5
13   -54   6
14   -36   5
15   -18   39
16   -37   5
17   -42   6
18   -41   5
19   -48   6
20   -49   5
21   -64   6
22   -47   7
23   -63   7
24   -41   5
25   -60   5
26   -41   6
27   -179   11
28   -49   5
29   -40   6
30   -40   6
31   157   45
32   -43   5
33   -42   5
34   -37   6
35   -47   5
36   -63   6
37   -62   6
38   -76   6
39   -62   5
40   -71   6
41   -56   5
42   -52   6
43   -48   5
44   -51   6
45   -49   5
46   -16   6
47   -50   5
48   -49   8
49   -52   5
50   -43   5
51   -34   5
52   -55   11
53   -40   6
54   -51   6
55   -43   5
56   -51   9
57   -45   6
58   -40   9
59   -48   6
60   -26   6
61   -37   6
62   -18   6
63   -30   7
64   -15   7
65   -13   7
66   0   7
67   7   6
68   9   7
69   24   6
70   15   6
71   16   6
72   32   6
73   26   6
74   34   6
75   26   5
76   56   6
77   43   5
78   70   6
79   47   6
80   59   6
81   51   6
82   62   7
83   60   6
84   54   6
85   64   6
86   75   6
87   60   5
88   85   6
89   79   6
90   106   13
91   83   6
92   117   7
93   101   6
94   124   7
95   143   7
96   87   6
97   88   7
98   64   6
99   88   6
100   65   6
101   72   7
102   55   6
103   77   7
104   64   6
105   65   7
106   61   6
107   46   7
108   47   6
109   30   7
110   38   6
111   23   36
112   47   6
113   33   6
114   46   6
115   20   7
116   32   6
117   6   7
118   12   6
119   10   7
120   -1   6
121   3   7
122   -2   6
123   -21   10
124   -12   7
125   4   7
126   -4   8
127   -14   37
APV   19   7   7   9
0   4   6
1   1   7
2   -12   6
3   -17   6
4   -7   6
5   -18   6
6   -28   6
7   -7   8
8   -32   6
9   -24   6
10   -25   6
11   -65   9
12   -25   6
13   -48   6
14   -24   6
15   -2   36
16   -24   6
17   -57   6
18   -12   6
19   -44   7
20   -74   6
21   -68   6
22   -56   6
23   -62   6
24   -69   6
25   -48   6
26   -77   6
27   -181   11
28   -32   6
29   -40   6
30   -36   6
31   171   42
32   -61   6
33   -61   6
34   -39   6
35   -52   6
36   -77   6
37   -71   6
38   -70   6
39   -69   6
40   -49   6
41   -35   6
42   -27   7
43   -41   6
44   -25   6
45   -10   6
46   -34   6
47   -24   6
48   -39   7
49   -59   6
50   -55   6
51   -44   6
52   -20   7
53   -32   6
54   -35   6
55   5   6
56   -12   8
57   -37   6
58   -20   9
59   -5   6
60   4   6
61   2   7
62   14   7
63   1   7
64   9   8
65   9   7
66   -5   7
67   13   7
68   13   7
69   15   6
70   11   7
71   21   6
72   14   7
73   14   6
74   35   7
75   29   6
76   29   6
77   43   6
78   46   7
79   27   6
80   47   7
81   25   6
82   33   7
83   50   6
84   36   7
85   43   6
86   60   7
87   41   6
88   50   7
89   42   6
90   74   7
91   80   6
92   64   8
93   97   7
94   107   8
95   141   8
96   50   7
97   69   8
98   58   7
99   39   7
100   50   6
101   39   7
102   64   6
103   19   7
104   37   6
105   58   7
106   54   6
107   -9   8
108   40   6
109   51   7
110   18   7
111   -18   33
112   30   6
113   36   7
114   0   6
115   12   7
116   22   6
117   16   7
118   19   6
119   -1   7
120   4   6
121   13   7
122   7   6
123   -22   9
124   11   8
125   3   7
126   16   9
127   6   34
APV   19   7   7   10
0   -18   7
1   15   9
2   6   7
3   26   7
4   7   7
5   -5   7
6   -7   7
7   -29   9
8   -10   7
9   -5   6
10   -13   7
11   -55   9
12   -31   6
13   -29   7
14   -33   6
15   6   35
16   -31   6
17   -29   7
18   -10   6
19   -23   8
20   -24   6
21   -42   7
22   -26   7
23   -51   7
24   -38   7
25   -16   7
26   -38   7
27   -153   11
28   -17   7
29   -22   7
30   -23   7
31   184   41
32   -32   7
33   -39   7
34   -17   7
35   -8   7
36   -26   7
37   -28   7
38   -36   7
39   -23   7
40   -30   7
41   -36   7
42   -48   8
43   -29   6
44   -31   7
45   -17   6
46   -40   7
47   -26   6
48   -19   7
49   -13   7
50   -15   7
51   -6   7
52   -3   8
53   -14   7
54   3   6
55   -11   6
56   3   8
57   -4   7
58   2   10
59   -14   7
60   7   7
61   -14   8
62   -20   8
63   1   8
64   28   8
65   6   8
66   11   8
67   19   7
68   10   8
69   3   7
70   14   7
71   1   7
72   8   7
73   26   6
74   12   7
75   17   6
76   33   7
77   22   6
78   42   7
79   5   7
80   5   7
81   1   7
82   10   8
83   -1   6
84   -3   8
85   -2   6
86   13   8
87   14   6
88   25   8
89   22   7
90   10   8
91   33   7
92   47   9
93   42   8
94   77   9
95   87   9
96   48   8
97   47   9
98   26   7
99   18   8
100   45   7
101   11   8
102   21   7
103   23   8
104   19   6
105   9   8
106   24   7
107   -8   8
108   1   7
109   13   7
110   -9   7
111   -31   32
112   29   7
113   18   7
114   10   7
115   34   7
116   15   7
117   13   8
118   21   7
119   33   8
120   18   7
121   9   8
122   15   7
123   -10   10
124   3   8
125   19   7
126   -17   9
127   10   33
APV   19   7   7   11
0   -40   8
1   -5   8
2   -26   7
3   -30   7
4   -16   7
5   -9   7
6   -10   7
7   -27   10
8   -15   7
9   -25   7
10   -31   7
11   -52   9
12   -2   7
13   -42   8
14   -28   7
15   -10   37
16   -28   7
17   -41   8
18   -38   7
19   -49   8
20   -27   7
21   -59   8
22   -26   7
23   -55   7
24   -51   7
25   -80   7
26   -75   7
27   -200   12
28   -56   7
29   -62   7
30   -62   7
31   165   43
32   -48   7
33   -69   7
34   -57   7
35   -52   7
36   -52   7
37   -56   7
38   -56   7
39   -49   7
40   -20   8
41   -43   7
42   -49   8
43   -45   7
44   -34   8
45   -26   7
46   -18   7
47   -22   6
48   -19   8
49   -32   7
50   -11   7
51   -8   7
52   -7   8
53   -12   7
54   -7   7
55   -10   7
56   6   9
57   -9   7
58   -6   10
59   -20   7
60   -18   7
61   -13   8
62   -18   7
63   -11   9
64   -14   9
65   -10   8
66   32   9
67   16   7
68   10   9
69   19   11
70   26   8
71   23   7
72   28   8
73   27   7
74   30   8
75   7   6
76   19   8
77   8   6
78   20   8
79   14   7
80   43   9
81   45   7
82   60   9
83   55   7
84   54   8
85   55   7
86   45   8
87   31   7
88   68   9
89   83   8
90   56   9
91   58   8
92   105   9
93   98   9
94   115   10
95   118   10
96   87   8
97   57   9
98   66   8
99   31   9
100   33   7
101   44   9
102   57   7
103   24   9
104   38   7
105   38   9
106   33   7
107   19   9
108   25   7
109   37   8
110   35   7
111   -6   34
112   25   7
113   14   7
114   13   7
115   17   8
116   9   7
117   28   9
118   15   7
119   6   8
120   2   7
121   6   8
122   -2   7
123   -11   11
124   -13   9
125   -5   7
126   -39   10
127   -22   34
APV   19   7   7   12
0   20   8
1   24   9
2   0   8
3   11   7
4   5   7
5   1   7
6   9   7
7   11   8
8   -13   7
9   -15   7
10   -9   7
11   -46   9
12   -20   7
13   -12   7
14   -21   7
15   -7   32
16   -13   7
17   -36   8
18   -17   7
19   -40   8
20   -19   7
21   -53   8
22   -18   7
23   -50   7
24   -41   7
25   -37   8
26   -51   8
27   -165   10
28   -27   8
29   -31   8
30   -37   8
31   168   37
32   -46   8
33   -29   8
34   -46   7
35   -49   7
36   -37   7
37   -62   7
38   -58   7
39   -44   7
40   -34   8
41   -27   7
42   -52   8
43   -49   7
44   -19   7
45   -19   7
46   -31   7
47   -14   6
48   -16   9
49   -1   7
50   5   7
51   -6   7
52   -1   8
53   -14   7
54   4   6
55   -12   7
56   13   7
57   7   7
58   7   9
59   9   7
60   27   7
61   0   9
62   24   8
63   2   10
64   6   10
65   -20   9
66   -3   10
67   13   8
68   16   9
69   -5   7
70   15   8
71   21   7
72   25   8
73   15   7
74   13   8
75   30   7
76   24   7
77   13   6
78   15   8
79   6   7
80   19   9
81   5   7
82   34   9
83   16   7
84   14   8
85   18   7
86   14   8
87   2   6
88   26   8
89   1   7
90   13   9
91   17   8
92   74   9
93   72   9
94   62   10
95   90   10
96   50   8
97   39   9
98   39   8
99   16   9
100   25   7
101   6   9
102   -2   7
103   28   8
104   17   6
105   7   8
106   30   7
107   17   9
108   14   7
109   20   8
110   19   7
111   -44   29
112   30   7
113   4   8
114   23   7
115   12   8
116   16   7
117   6   9
118   8   7
119   27   8
120   21   8
121   16   8
122   8   8
123   -10   11
124   6   10
125   14   8
126   -10   11
127   -25   30
APV   19   7   7   13
0   -14   9
1   -6   10
2   -40   8
3   -24   8
4   -10   8
5   0   8
6   -40   8
7   -19   12
8   -29   8
9   -33   7
10   -30   8
11   -65   9
12   -42   7
13   -37   8
14   -41   7
15   -8   31
16   -59   7
17   -66   8
18   -52   7
19   -63   9
20   -47   8
21   -66   8
22   -56   8
23   -67   8
24   -38   8
25   -62   8
26   -67   8
27   -179   11
28   -32   8
29   -33   8
30   -3   8
31   154   36
32   -50   8
33   -56   8
34   -54   8
35   -37   8
36   -45   8
37   -84   8
38   -71   8
39   -72   8
40   -73   9
41   -63   7
42   -63   9
43   -57   7
44   -63   8
45   -40   7
46   -56   8
47   -54   7
48   -29   8
49   -45   7
50   -25   8
51   -45   7
52   -39   11
53   -50   8
54   -42   7
55   -34   7
56   -31   10
57   -25   8
58   -28   12
59   -28   8
60   -20   8
61   -8   9
62   -17   9
63   -13   10
64   15   10
65   -22   9
66   2   10
67   5   9
68   34   10
69   33   8
70   16   9
71   29   8
72   42   9
73   20   7
74   12   9
75   28   7
76   41   8
77   34   7
78   39   9
79   31   8
80   52   9
81   54   8
82   41   10
83   39   7
84   58   9
85   55   8
86   57   9
87   60   7
88   48   9
89   62   8
90   85   10
91   76   8
92   90   10
93   96   10
94   97   11
95   122   11
96   77   9
97   96   10
98   78   9
99   70   10
100   63   8
101   73   9
102   76   8
103   53   9
104   38   7
105   42   9
106   56   7
107   30   9
108   37   7
109   43   9
110   32   8
111   -6   28
112   46   7
113   10   8
114   33   8
115   22   9
116   38   8
117   35   9
118   25   8
119   19   8
120   6   8
121   20   9
122   9   8
123   16   11
124   -1   10
125   -1   8
126   -4   12
127   14   28
APV   19   7   7   14
0   -25   8
1   -15   9
2   -39   7
3   -28   7
4   -38   7
5   -31   7
6   -15   7
7   -22   11
8   -27   7
9   -15   7
10   -30   7
11   -70   9
12   -29   7
13   -23   8
14   -31   7
15   -18   30
16   -15   7
17   -33   8
18   -34   7
19   -17   9
20   -38   7
21   -73   8
22   -41   7
23   -51   7
24   -48   7
25   -47   8
26   -59   7
27   -176   10
28   -44   7
29   -37   8
30   -21   7
31   184   35
32   -52   7
33   -32   7
34   -36   7
35   -44   7
36   -51   7
37   -60   7
38   -54   7
39   -55   7
40   -35   8
41   -32   7
42   -24   8
43   -44   7
44   -14   8
45   -15   7
46   -22   7
47   -26   6
48   -18   8
49   -30   7
50   -24   7
51   -20   7
52   -32   9
53   -30   7
54   -5   7
55   -33   7
56   -13   10
57   -22   8
58   -15   11
59   -24   7
60   -8   7
61   -12   8
62   -11   8
63   -28   9
64   17   10
65   -2   8
66   -8   9
67   9   8
68   18   9
69   11   7
70   20   8
71   -1   7
72   24   8
73   1   7
74   23   8
75   15   7
76   28   7
77   31   6
78   13   8
79   13   7
80   32   8
81   34   7
82   23   9
83   23   7
84   30   8
85   62   7
86   49   8
87   37   7
88   45   8
89   46   7
90   61   9
91   48   8
92   91   9
93   90   9
94   93   10
95   112   10
96   78   9
97   73   9
98   73   8
99   59   9
100   60   7
101   33   8
102   50   7
103   50   9
104   55   7
105   73   9
106   33   7
107   36   9
108   38   7
109   20   8
110   10   7
111   -7   26
112   43   7
113   23   8
114   17   7
115   11   8
116   18   7
117   26   8
118   6   7
119   20   8
120   15   7
121   7   8
122   -13   8
123   -13   10
124   0   9
125   0   7
126   -28   10
127   -22   27
APV   19   7   7   15
0   -42   9
1   -35   9
2   -50   7
3   -61   7
4   -53   7
5   -54   7
6   -69   7
7   -60   11
8   -62   7
9   -70   7
10   -91   7
11   -99   9
12   -57   7
13   -106   7
14   -83   7
15   -68   31
16   -62   7
17   -100   7
18   -64   7
19   -88   8
20   -58   7
21   -48   8
22   -69   7
23   -60   8
24   -74   7
25   -76   8
26   -102   8
27   -173   11
28   -61   8
29   -65   8
30   -57   8
31   121   36
32   -73   8
33   -81   8
34   -100   8
35   -72   7
36   -80   7
37   -97   7
38   -73   8
39   -107   7
40   -79   8
41   -85   7
42   -89   8
43   -69   7
44   -77   7
45   -85   7
46   -78   7
47   -56   7
48   -67   7
49   -73   7
50   -66   7
51   -58   7
52   -44   9
53   -70   7
54   -67   7
55   -66   7
56   -56   10
57   -59   7
58   -51   10
59   -58   7
60   -60   7
61   -64   8
62   -30   8
63   -18   9
64   -5   9
65   -35   8
66   -11   9
67   3   8
68   12   9
69   36   7
70   5   8
71   16   7
72   22   8
73   24   7
74   40   8
75   53   7
76   53   7
77   47   6
78   91   8
79   74   7
80   90   8
81   95   7
82   87   9
83   89   7
84   119   8
85   110   7
86   125   8
87   112   7
88   123   8
89   144   7
90   127   8
91   110   8
92   144   9
93   131   8
94   164   9
95   184   10
96   142   8
97   160   9
98   134   8
99   128   8
100   132   7
101   117   9
102   128   7
103   111   8
104   128   7
105   96   8
106   92   7
107   68   8
108   72   7
109   72   8
110   63   7
111   37   28
112   71   7
113   47   8
114   43   7
115   54   8
116   41   7
117   27   9
118   34   7
119   24   8
120   4   7
121   11   8
122   -8   7
123   -18   10
124   -1   9
125   -13   8
126   -24   10
127   -36   29
APV   19   8   8   0
0   -18   8
1   -7   9
2   -11   7
3   -15   7
4   -9   7
5   2   7
6   -3   7
7   -29   9
8   -33   7
9   -35   7
10   -47   7
11   -83   9
12   -38   7
13   -47   7
14   -39   7
15   -3   36
16   -6   7
17   -33   8
18   -11   7
19   -35   8
20   -13   7
21   -14   8
22   -22   7
23   -51   7
24   -21   7
25   -42   8
26   -40   8
27   -187   12
28   -21   7
29   -36   8
30   -29   7
31   208   43
32   -33   7
33   -48   7
34   -48   7
35   -13   7
36   -51   8
37   -47   7
38   -51   7
39   -39   7
40   -50   8
41   -22   7
42   -30   8
43   -18   7
44   -19   7
45   -27   7
46   -27   7
47   1   6
48   -24   8
49   -38   7
50   -25   7
51   -10   7
52   -44   8
53   -29   7
54   -24   6
55   -42   7
56   -29   8
57   -18   7
58   12   10
59   -20   7
60   -16   7
61   -21   8
62   -5   8
63   -18   9
64   16   9
65   -1   8
66   -5   9
67   0   8
68   -13   8
69   11   7
70   -20   7
71   -22   6
72   9   7
73   -6   6
74   7   7
75   -1   6
76   9   7
77   22   6
78   14   7
79   5   7
80   25   8
81   25   7
82   39   9
83   31   6
84   43   8
85   49   7
86   56   8
87   45   7
88   54   8
89   53   7
90   47   8
91   50   8
92   99   9
93   101   8
94   108   10
95   154   10
96   91   9
97   95   9
98   77   8
99   71   9
100   68   7
101   43   8
102   50   7
103   27   8
104   54   7
105   58   8
106   32   7
107   12   8
108   24   7
109   32   8
110   36   7
111   -31   33
112   13   6
113   39   7
114   -2   7
115   -16   7
116   -16   7
117   0   8
118   4   7
119   2   8
120   -14   8
121   3   8
122   -25   7
123   -41   10
124   -8   9
125   15   7
126   -16   10
127   -22   34
APV   19   8   8   1
0   -18   8
1   -18   9
2   -38   7
3   -28   7
4   -21   7
5   -23   7
6   -29   7
7   -38   10
8   -45   7
9   -26   7
10   -21   7
11   -68   9
12   -28   7
13   -37   7
14   -49   7
15   -32   35
16   -12   7
17   -47   8
18   -42   7
19   -66   8
20   -46   7
21   -66   7
22   -41   7
23   -54   7
24   -63   7
25   -61   8
26   -65   8
27   -178   12
28   -30   8
29   -50   8
30   -43   8
31   152   41
32   -53   11
33   -46   11
34   -55   8
35   -39   8
36   -52   8
37   -63   7
38   -49   8
39   -53   7
40   -44   8
41   -31   7
42   -38   8
43   -36   7
44   -27   7
45   -21   7
46   -4   7
47   -17   7
48   -62   8
49   -46   7
50   -31   7
51   -38   7
52   -51   9
53   -42   7
54   -53   7
55   -22   7
56   -23   9
57   -40   7
58   -18   10
59   -19   7
60   -15   7
61   -40   8
62   -18   8
63   -28   9
64   0   9
65   13   9
66   19   9
67   11   8
68   5   8
69   -4   7
70   20   8
71   17   7
72   41   8
73   13   7
74   32   8
75   43   7
76   25   7
77   43   6
78   36   8
79   19   7
80   50   8
81   44   7
82   55   9
83   56   7
84   74   8
85   54   7
86   45   8
87   51   7
88   77   8
89   46   7
90   74   8
91   70   8
92   76   9
93   93   9
94   114   10
95   123   10
96   103   8
97   62   9
98   84   8
99   86   8
100   57   7
101   63   8
102   47   7
103   59   8
104   36   7
105   57   8
106   44   7
107   43   8
108   40   7
109   32   8
110   41   7
111   -17   32
112   36   7
113   11   7
114   35   7
115   41   8
116   14   7
117   3   8
118   12   7
119   -17   8
120   -6   7
121   11   8
122   -2   8
123   -23   10
124   11   9
125   32   7
126   -15   11
127   -5   33
APV   19   8   8   2
0   -9   7
1   -9   8
2   -5   7
3   -10   7
4   -15   7
5   -18   6
6   -30   7
7   -26   8
8   -53   7
9   -53   6
10   -40   7
11   -99   8
12   -52   7
13   -54   7
14   -69   7
15   -15   33
16   -46   6
17   -43   7
18   -58   6
19   -48   8
20   -43   7
21   -62   7
22   -46   7
23   -57   7
24   -41   7
25   -51   8
26   -53   7
27   -168   11
28   -37   7
29   -11   8
30   -14   7
31   210   39
32   -40   7
33   -31   7
34   -25   7
35   -28   7
36   -45   7
37   -60   7
38   -65   7
39   -46   7
40   -42   8
41   -41   7
42   -62   8
43   -61   7
44   -25   7
45   -70   6
46   -42   7
47   -58   6
48   -44   7
49   -59   6
50   -46   6
51   -33   6
52   -40   7
53   -17   7
54   -35   6
55   -37   6
56   -19   8
57   -25   7
58   -15   9
59   -19   7
60   14   7
61   -6   8
62   -1   8
63   -1   8
64   7   8
65   0   7
66   3   8
67   9   7
68   13   8
69   0   7
70   0   7
71   2   6
72   0   7
73   6   6
74   4   7
75   15   6
76   22   7
77   28   6
78   23   7
79   17   7
80   59   8
81   42   7
82   45   8
83   48   7
84   47   8
85   57   7
86   53   8
87   62   7
88   42   8
89   73   7
90   84   8
91   72   8
92   106   9
93   131   9
94   132   9
95   133   10
96   95   8
97   87   9
98   87   8
99   83   8
100   52   7
101   66   8
102   70   7
103   63   8
104   65   7
105   52   8
106   52   7
107   28   8
108   42   7
109   21   7
110   24   7
111   -16   29
112   31   6
113   20   7
114   12   7
115   11   7
116   -3   7
117   -8   8
118   -8   6
119   -1   7
120   -3   7
121   15   7
122   -2   7
123   -19   10
124   -6   8
125   7   7
126   5   10
127   3   30
APV   19   8   8   3
0   -30   8
1   -16   9
2   -6   8
3   -33   8
4   -28   7
5   -16   7
6   -38   7
7   -29   8
8   -29   7
9   -31   7
10   -39   7
11   -60   10
12   -26   7
13   -26   8
14   -46   7
15   -10   36
16   -46   7
17   -51   8
18   -43   7
19   -61   9
20   -62   7
21   -39   8
22   -51   8
23   -68   8
24   -60   8
25   -78   8
26   -60   8
27   -192   12
28   -43   8
29   -38   8
30   -53   8
31   179   42
32   -50   8
33   -43   8
34   -36   8
35   -61   8
36   -75   8
37   -89   8
38   -68   8
39   -65   8
40   -66   8
41   -39   7
42   -59   8
43   -41   7
44   -72   8
45   -56   7
46   -45   8
47   -36   7
48   -21   9
49   -35   7
50   -39   7
51   -27   7
52   -31   8
53   -22   7
54   -30   7
55   -30   7
56   -16   8
57   -12   7
58   -4   10
59   -23   7
60   -18   8
61   -20   8
62   0   8
63   -14   8
64   -17   8
65   -10   8
66   4   8
67   -3   8
68   -4   8
69   4   7
70   8   8
71   -6   7
72   27   8
73   20   7
74   25   8
75   21   7
76   41   7
77   24   7
78   34   7
79   30   8
80   34   8
81   38   7
82   38   8
83   34   7
84   58   8
85   63   7
86   61   8
87   67   7
88   47   8
89   59   8
90   66   9
91   90   8
92   106   9
93   108   9
94   133   10
95   150   10
96   107   9
97   95   9
98   99   8
99   69   9
100   60   8
101   71   8
102   53   8
103   55   8
104   54   7
105   61   8
106   44   7
107   28   8
108   45   7
109   46   7
110   39   8
111   13   32
112   28   7
113   30   7
114   24   7
115   25   7
116   21   7
117   34   8
118   10   7
119   34   8
120   3   7
121   15   8
122   0   8
123   -14   9
124   2   9
125   -8   7
126   -3   10
127   -12   34
APV   19   8   8   4
0   0   8
1   16   9
2   -6   7
3   7   8
4   10   7
5   -18   7
6   -1   7
7   -3   8
8   0   7
9   -33   7
10   -24   7
11   -31   9
12   8   7
13   -4   7
14   -12   7
15   16   37
16   -25   7
17   -38   8
18   -13   7
19   -19   8
20   -5   7
21   2   8
22   3   7
23   -32   7
24   -18   7
25   -17   8
26   -12   8
27   -138   12
28   -17   7
29   -14   8
30   -8   8
31   175   42
32   -26   7
33   -36   7
34   -30   8
35   -15   7
36   -13   8
37   -19   8
38   -31   8
39   -39   7
40   -3   8
41   -23   7
42   -36   8
43   -13   7
44   6   7
45   -21   7
46   -11   7
47   -15   7
48   -20   9
49   -20   7
50   -4   7
51   -12   7
52   5   8
53   -11   7
54   -1   7
55   7   7
56   9   8
57   4   7
58   4   10
59   11   7
60   0   7
61   -19   8
62   11   8
63   1   8
64   -7   8
65   -3   8
66   10   8
67   13   7
68   1   8
69   -9   7
70   7   8
71   0   7
72   22   7
73   39   7
74   25   8
75   30   7
76   8   7
77   31   7
78   39   7
79   22   7
80   -7   8
81   19   7
82   23   8
83   16   7
84   0   8
85   -6   7
86   3   8
87   -15   7
88   20   8
89   -1   7
90   -6   8
91   8   7
92   27   9
93   13   9
94   45   9
95   62   10
96   34   8
97   24   9
98   5   8
99   13   8
100   -13   7
101   10   8
102   -1   7
103   -12   8
104   21   7
105   15   8
106   -12   7
107   -29   8
108   3   7
109   -3   7
110   17   7
111   -23   34
112   30   7
113   47   7
114   32   7
115   29   7
116   23   7
117   16   8
118   28   7
119   17   7
120   -24   7
121   14   7
122   -17   7
123   -37   9
124   -7   8
125   -5   7
126   -13   9
127   2   34
APV   19   8   8   5
0   -17   7
1   -3   9
2   -18   7
3   -16   7
4   -29   7
5   -28   7
6   -26   7
7   -25   8
8   -31   7
9   -33   7
10   -58   7
11   -58   9
12   -32   7
13   -26   7
14   -35   7
15   -34   34
16   -37   6
17   -49   7
18   -43   6
19   -35   8
20   -39   7
21   -44   7
22   -54   7
23   -76   7
24   -79   7
25   -85   7
26   -67   7
27   -165   11
28   -53   7
29   -40   7
30   -34   7
31   148   39
32   -54   7
33   -83   7
34   -45   7
35   -75   7
36   -67   7
37   -78   7
38   -53   7
39   -72   7
40   -23   7
41   -40   7
42   -34   8
43   -43   6
44   -32   7
45   -18   6
46   -47   7
47   -27   6
48   -35   8
49   -29   7
50   -33   7
51   -27   6
52   -29   7
53   -30   7
54   -21   7
55   -39   6
56   -20   7
57   -8   7
58   -21   9
59   -31   7
60   -8   7
61   -19   7
62   -7   8
63   -25   8
64   36   9
65   3   8
66   48   9
67   2   7
68   18   8
69   21   7
70   49   8
71   33   7
72   50   7
73   22   6
74   22   7
75   21   6
76   46   7
77   41   6
78   25   7
79   47   7
80   41   7
81   34   7
82   45   8
83   34   6
84   21   7
85   49   7
86   43   8
87   52   7
88   48   8
89   52   7
90   55   8
91   57   7
92   60   9
93   100   8
94   77   9
95   112   9
96   71   8
97   70   9
98   59   7
99   63   8
100   48   7
101   50   8
102   63   7
103   33   8
104   43   6
105   39   8
106   24   7
107   9   8
108   28   7
109   40   7
110   24   7
111   3   31
112   48   6
113   39   7
114   42   7
115   36   7
116   41   7
117   12   8
118   42   7
119   43   7
120   31   7
121   14   8
122   -5   7
123   5   9
124   0   8
125   18   7
126   21   9
127   -18   32
APV   19   8   8   6
0   -17   8
1   -31   9
2   -22   7
3   -32   8
4   -17   7
5   -15   7
6   -15   7
7   -35   8
8   -34   7
9   -43   7
10   -23   7
11   -63   9
12   -37   7
13   -29   8
14   -22   7
15   -12   35
16   -41   6
17   -49   7
18   -33   6
19   -50   8
20   -30   7
21   -42   7
22   -56   7
23   -56   7
24   -41   7
25   -33   7
26   -34   7
27   -157   12
28   -43   7
29   -34   7
30   -20   7
31   191   40
32   -58   7
33   -41   8
34   -61   7
35   -42   7
36   -75   7
37   -36   7
38   -38   7
39   -54   7
40   -45   7
41   -29   7
42   -46   8
43   -50   6
44   -61   7
45   -56   6
46   -35   7
47   -57   6
48   -44   9
49   -28   7
50   -49   7
51   -35   7
52   -31   8
53   -8   7
54   -17   7
55   -11   7
56   -14   8
57   -17   7
58   -4   10
59   -32   7
60   -23   8
61   -25   8
62   -18   8
63   -9   9
64   -18   9
65   -13   8
66   -5   9
67   -19   8
68   -4   8
69   -4   7
70   8   8
71   0   7
72   15   8
73   23   7
74   14   8
75   14   7
76   26   7
77   32   7
78   25   8
79   44   7
80   42   8
81   58   7
82   44   8
83   43   7
84   71   8
85   63   7
86   43   8
87   52   7
88   59   8
89   89   7
90   65   8
91   69   8
92   105   9
93   84   9
94   103   9
95   128   9
96   94   8
97   95   9
98   87   8
99   74   8
100   71   7
101   53   8
102   50   7
103   51   8
104   51   7
105   46   8
106   42   7
107   36   8
108   38   7
109   44   8
110   25   7
111   4   31
112   19   7
113   24   7
114   13   7
115   10   7
116   11   7
117   15   8
118   -8   7
119   16   8
120   1   8
121   7   8
122   16   8
123   -17   10
124   -18   9
125   -13   7
126   -42   11
127   -18   32
APV   19   8   8   7
0   23   8
1   -7   9
2   -23   8
3   -23   8
4   -28   7
5   7   7
6   -9   7
7   -13   8
8   -28   7
9   -9   7
10   -36   7
11   -66   9
12   -21   7
13   -41   7
14   -34   7
15   -24   25
16   -36   7
17   -52   8
18   -41   7
19   -58   8
20   -64   7
21   -65   8
22   -46   7
23   -58   7
24   -78   7
25   -67   7
26   -58   7
27   -134   10
28   -68   8
29   -66   8
30   -71   8
31   20   30
32   -69   7
33   -60   8
34   -53   8
35   -70   7
36   -55   8
37   -89   7
38   -68   8
39   -55   7
40   -49   8
41   -42   7
42   -62   8
43   -40   7
44   -53   7
45   -37   7
46   -54   7
47   -47   7
48   -17   9
49   -42   7
50   -20   7
51   -49   7
52   -11   8
53   -31   7
54   -17   7
55   -21   7
56   6   8
57   -10   7
58   -7   10
59   -40   7
60   10   7
61   18   8
62   3   8
63   -6   9
64   18   9
65   -2   8
66   12   9
67   10   8
68   23   8
69   30   7
70   21   8
71   32   7
72   24   8
73   20   7
74   19   8
75   35   6
76   44   7
77   27   6
78   23   8
79   62   7
80   35   8
81   36   7
82   29   8
83   48   7
84   60   8
85   54   7
86   51   8
87   57   7
88   60   8
89   57   7
90   68   8
91   55   7
92   67   9
93   65   8
94   108   9
95   112   9
96   80   8
97   64   9
98   70   8
99   70   8
100   48   7
101   61   8
102   59   7
103   42   8
104   52   7
105   64   8
106   54   7
107   42   8
108   57   7
109   28   8
110   38   7
111   -63   22
112   43   7
113   20   7
114   27   7
115   40   8
116   19   7
117   40   8
118   30   7
119   20   8
120   12   7
121   19   8
122   21   8
123   7   10
124   11   9
125   2   8
126   -10   11
127   -18   22
APV   19   8   8   8
0   0   7
1   -2   9
2   -17   7
3   -15   7
4   -9   7
5   -30   7
6   -26   7
7   -11   8
8   -27   7
9   -28   7
10   -2   7
11   -75   9
12   -32   7
13   -24   7
14   -55   7
15   -22   26
16   -10   7
17   -78   7
18   -62   7
19   -75   8
20   -101   7
21   -64   8
22   -59   7
23   -49   7
24   -74   7
25   -68   8
26   -72   7
27   -133   10
28   -55   8
29   -26   8
30   -34   8
31   48   33
32   -90   8
33   -72   8
34   -64   8
35   -67   7
36   -61   7
37   -71   7
38   -65   8
39   -71   7
40   -49   7
41   -27   7
42   -84   8
43   -77   7
44   -54   7
45   -41   7
46   -56   7
47   -67   6
48   -39   8
49   -38   7
50   -34   7
51   0   7
52   -10   8
53   -20   7
54   -15   7
55   -12   6
56   -18   8
57   -9   7
58   -21   10
59   4   7
60   -3   7
61   0   7
62   -11   8
63   -25   8
64   -3   8
65   -24   7
66   8   8
67   24   7
68   -14   7
69   19   7
70   8   7
71   12   6
72   19   7
73   19   6
74   30   7
75   46   6
76   25   7
77   44   6
78   52   7
79   29   7
80   58   7
81   26   7
82   38   8
83   48   7
84   57   7
85   71   7
86   55   8
87   62   7
88   52   8
89   62   7
90   85   8
91   82   7
92   113   9
93   103   8
94   104   9
95   137   9
96   66   8
97   100   9
98   62   8
99   96   8
100   49   7
101   57   8
102   62   7
103   49   8
104   66   7
105   78   7
106   52   7
107   27   7
108   37   7
109   58   7
110   26   7
111   -51   24
112   51   7
113   27   7
114   31   7
115   23   7
116   50   7
117   18   8
118   7   7
119   26   7
120   20   7
121   24   8
122   0   7
123   -9   9
124   -5   8
125   24   7
126   -15   10
127   3   24
APV   19   8   8   9
0   -13   7
1   -17   9
2   -6   7
3   -24   7
4   -38   7
5   -25   7
6   -18   7
7   -26   8
8   -38   7
9   -42   7
10   -48   7
11   -48   9
12   -39   7
13   -54   7
14   -45   7
15   -26   26
16   -53   7
17   -61   7
18   -70   7
19   -61   8
20   -72   7
21   -68   8
22   -61   7
23   -96   7
24   -72   7
25   -77   8
26   -84   7
27   -147   10
28   -63   7
29   -59   8
30   -43   8
31   59   31
32   -68   7
33   -66   8
34   -59   7
35   -56   7
36   -71   7
37   -69   7
38   -80   7
39   -63   7
40   -62   7
41   -65   7
42   -60   8
43   -69   7
44   -69   7
45   -41   7
46   -48   7
47   -67   6
48   -50   8
49   -50   8
50   -34   7
51   -61   7
52   -37   8
53   -25   7
54   -40   7
55   -41   7
56   -26   7
57   -36   7
58   -30   9
59   -15   7
60   -15   7
61   -16   7
62   -21   8
63   -18   8
64   15   8
65   9   7
66   9   8
67   7   7
68   7   7
69   13   7
70   0   7
71   4   6
72   20   7
73   22   6
74   22   7
75   39   6
76   53   7
77   44   6
78   42   7
79   40   7
80   59   7
81   44   7
82   76   8
83   55   7
84   50   7
85   78   7
86   80   7
87   90   7
88   73   8
89   96   7
90   73   8
91   62   8
92   128   9
93   123   8
94   110   9
95   164   9
96   100   8
97   118   9
98   96   8
99   106   8
100   93   7
101   84   8
102   74   7
103   79   8
104   78   7
105   52   8
106   86   7
107   57   7
108   45   7
109   58   7
110   56   7
111   -16   23
112   57   7
113   34   7
114   44   7
115   16   7
116   17   7
117   0   8
118   14   7
119   5   7
120   9   7
121   31   7
122   11   7
123   -13   9
124   -6   8
125   -4   7
126   4   9
127   -19   22
APV   19   8   8   10
0   -39   8
1   -27   9
2   -58   8
3   -28   7
4   -54   7
5   -31   7
6   -54   7
7   -57   10
8   -40   7
9   -44   7
10   -39   7
11   -64   9
12   -50   7
13   -48   8
14   -60   7
15   -54   28
16   -20   7
17   -47   8
18   -45   7
19   -37   9
20   -51   7
21   -70   8
22   -40   7
23   -53   8
24   -30   8
25   -37   8
26   -30   8
27   -113   11
28   -28   8
29   -48   8
30   -39   8
31   74   32
32   -38   8
33   -23   8
34   -32   8
35   -13   8
36   -49   8
37   -43   8
38   -49   8
39   -21   7
40   -43   8
41   -24   7
42   -26   8
43   -32   7
44   -71   8
45   -47   7
46   -61   7
47   -53   7
48   -41   9
49   -49   7
50   -53   7
51   -29   7
52   -49   9
53   -41   7
54   -61   7
55   -55   7
56   -39   9
57   -52   7
58   -33   11
59   -67   7
60   -25   7
61   -28   8
62   -40   8
63   -44   9
64   5   10
65   -23   9
66   -24   9
67   17   8
68   -21   9
69   4   7
70   21   8
71   0   7
72   15   8
73   14   7
74   15   8
75   6   7
76   42   8
77   53   7
78   45   8
79   49   7
80   88   9
81   66   7
82   57   9
83   71   7
84   57   8
85   69   7
86   51   8
87   68   7
88   95   9
89   85   8
90   99   9
91   89   8
92   105   9
93   126   9
94   160   10
95   137   10
96   135   9
97   91   9
98   82   8
99   78   8
100   102   7
101   88   9
102   80   7
103   73   8
104   69   7
105   59   8
106   63   7
107   45   8
108   53   7
109   22   8
110   50   7
111   -49   24
112   30   7
113   43   8
114   31   7
115   34   8
116   20   7
117   7   9
118   7   7
119   15   8
120   8   7
121   1   8
122   -6   8
123   -27   11
124   -24   10
125   -39   8
126   -36   11
127   -38   25
APV   19   8   8   11
0   -7   8
1   -41   9
2   -23   7
3   -25   7
4   -30   7
5   -26   7
6   -26   7
7   -37   9
8   -11   7
9   -17   7
10   -31   7
11   -57   9
12   -16   7
13   -23   7
14   -33   7
15   -20   27
16   -30   7
17   -28   8
18   -33   7
19   -31   9
20   -22   7
21   -17   8
22   -18   7
23   -21   8
24   -11   8
25   -4   8
26   -27   8
27   -112   11
28   -16   8
29   -18   8
30   -8   8
31   90   33
32   -12   8
33   -15   8
34   -3   8
35   2   8
36   -31   8
37   -27   8
38   -33   8
39   -20   8
40   -44   8
41   -36   7
42   -18   8
43   -30   7
44   -33   7
45   -23   7
46   -10   7
47   -28   7
48   -33   7
49   -30   7
50   -14   7
51   -34   7
52   -19   8
53   -16   7
54   -19   7
55   -25   7
56   -1   9
57   -44   7
58   -24   10
59   -11   7
60   -20   7
61   -24   8
62   2   8
63   -16   9
64   -7   10
65   -2   8
66   -27   9
67   0   8
68   31   9
69   9   7
70   16   8
71   24   7
72   42   8
73   31   7
74   12   8
75   24   7
76   33   7
77   24   6
78   20   8
79   36   7
80   56   8
81   48   7
82   40   9
83   26   7
84   41   8
85   58   7
86   21   8
87   28   7
88   24   8
89   43   7
90   32   8
91   43   8
92   42   9
93   63   9
94   56   9
95   39   10
96   57   8
97   51   9
98   65   8
99   42   8
100   33   7
101   27   8
102   32   7
103   33   8
104   32   7
105   36   8
106   50   7
107   31   8
108   51   7
109   33   8
110   39   7
111   -83   23
112   24   7
113   7   7
114   28   7
115   12   8
116   10   7
117   15   8
118   19   7
119   6   8
120   -14   7
121   2   8
122   -6   7
123   -29   10
124   -14   9
125   -19   8
126   -20   11
127   -49   24
APV   19   8   8   12
0   -32   8
1   -14   9
2   -59   7
3   -52   7
4   -42   7
5   -40   7
6   -50   7
7   -39   9
8   -50   7
9   -45   7
10   -53   7
11   -62   8
12   -34   7
13   -31   8
14   -34   7
15   -37   27
16   -28   7
17   -25   8
18   -48   7
19   -32   9
20   -45   7
21   -51   8
22   -53   7
23   -56   8
24   -66   7
25   -72   8
26   -67   8
27   -135   11
28   -35   8
29   -62   8
30   -50   8
31   41   32
32   -65   8
33   -59   8
34   -56   8
35   -68   8
36   -52   8
37   -47   8
38   -74   8
39   -72   7
40   -33   8
41   -48   7
42   -38   8
43   -34   7
44   -31   8
45   -39   7
46   -31   7
47   -29   7
48   -11   7
49   -29   7
50   -24   7
51   -48   7
52   -39   8
53   -36   7
54   -42   7
55   -32   7
56   -32   8
57   -48   7
58   -16   10
59   -43   7
60   -23   7
61   -33   8
62   -3   8
63   -24   9
64   -11   9
65   9   8
66   3   9
67   -17   8
68   11   9
69   24   7
70   27   8
71   10   7
72   0   8
73   10   7
74   31   8
75   30   7
76   16   8
77   43   6
78   42   8
79   45   7
80   31   8
81   50   7
82   59   9
83   62   7
84   61   8
85   68   7
86   63   8
87   66   7
88   89   9
89   84   8
90   109   9
91   92   8
92   109   9
93   96   9
94   131   10
95   130   10
96   95   9
97   103   9
98   74   8
99   104   9
100   72   7
101   81   9
102   83   7
103   58   8
104   76   7
105   51   8
106   67   7
107   39   8
108   53   7
109   43   8
110   41   7
111   -60   22
112   31   7
113   34   8
114   14   7
115   40   8
116   34   7
117   21   9
118   15   7
119   7   8
120   18   7
121   16   8
122   -1   7
123   1   11
124   -10   9
125   6   8
126   -21   10
127   -35   24
APV   19   8   8   13
0   -11   8
1   -15   9
2   -3   8
3   -45   7
4   -23   7
5   -6   7
6   -26   7
7   -6   11
8   -19   8
9   -20   7
10   -12   7
11   -51   9
12   -23   7
13   -43   8
14   -20   7
15   -29   27
16   -22   7
17   -57   8
18   -47   7
19   -35   9
20   -44   7
21   -43   8
22   -52   7
23   -68   8
24   -49   7
25   -50   8
26   -40   8
27   -135   11
28   -36   8
29   -59   8
30   -50   8
31   70   32
32   -69   8
33   -41   8
34   -49   8
35   -45   7
36   -47   8
37   -61   8
38   -35   8
39   -53   7
40   -34   8
41   -51   7
42   -26   8
43   -45   7
44   -33   8
45   -39   7
46   -32   7
47   -19   7
48   -37   9
49   -37   7
50   -40   7
51   -24   7
52   -20   9
53   -16   7
54   -13   7
55   -23   7
56   -13   9
57   -19   7
58   -10   10
59   -15   7
60   -32   7
61   -3   8
62   -5   8
63   -29   9
64   -1   9
65   5   8
66   13   9
67   14   8
68   31   9
69   10   7
70   17   8
71   29   7
72   33   8
73   42   7
74   29   8
75   26   7
76   50   8
77   60   7
78   44   8
79   34   7
80   32   8
81   29   7
82   31   9
83   18   7
84   44   8
85   56   7
86   54   8
87   52   7
88   59   8
89   63   7
90   66   9
91   41   8
92   70   9
93   67   9
94   81   10
95   84   10
96   70   8
97   56   9
98   62   8
99   77   8
100   53   7
101   46   8
102   45   7
103   38   8
104   39   7
105   8   8
106   33   7
107   12   8
108   27   7
109   27   8
110   34   7
111   -43   23
112   47   7
113   53   8
114   29   7
115   43   8
116   11   7
117   32   9
118   22   7
119   21   8
120   7   7
121   34   8
122   2   7
123   -32   10
124   -3   9
125   3   8
126   -19   10
127   -21   24
APV   19   8   8   14
0   1   8
1   11   10
2   -7   8
3   -6   8
4   -16   8
5   -10   8
6   -27   8
7   -28   9
8   -21   8
9   -19   8
10   -39   8
11   -58   10
12   -27   8
13   -33   8
14   -27   8
15   -24   27
16   -35   7
17   -37   8
18   -47   7
19   -28   9
20   -67   8
21   -72   8
22   -64   8
23   -80   8
24   -71   8
25   -85   8
26   -69   8
27   -156   11
28   -59   8
29   -51   9
30   -68   8
31   61   32
32   -66   8
33   -47   8
34   -84   8
35   -78   8
36   -62   8
37   -84   8
38   -70   8
39   -54   8
40   -57   9
41   -51   8
42   -63   9
43   -73   7
44   -50   8
45   -30   7
46   -19   8
47   -31   7
48   -27   9
49   -29   8
50   -36   7
51   -37   7
52   -5   10
53   -29   8
54   -7   7
55   -19   7
56   -17   8
57   -31   8
58   -19   10
59   -4   8
60   5   8
61   5   9
62   19   9
63   -6   10
64   33   11
65   4   9
66   13   11
67   21   9
68   10   10
69   20   8
70   4   9
71   16   7
72   14   9
73   13   7
74   16   9
75   29   7
76   25   8
77   30   7
78   58   9
79   47   8
80   49   9
81   53   7
82   67   10
83   46   7
84   42   13
85   50   8
86   50   9
87   54   7
88   50   9
89   42   8
90   76   9
91   70   8
92   93   10
93   77   9
94   96   11
95   120   14
96   52   10
97   74   10
98   66   8
99   57   9
100   65   8
101   56   9
102   56   8
103   48   9
104   66   7
105   46   9
106   42   7
107   59   9
108   46   7
109   30   9
110   30   8
111   -23   25
112   56   7
113   36   9
114   29   7
115   33   9
116   24   8
117   16   10
118   24   7
119   15   9
120   2   8
121   26   9
122   -5   8
123   -1   12
124   6   10
125   9   9
126   -1   12
127   -17   25
APV   19   8   8   15
0   -5   8
1   -20   9
2   4   7
3   -16   7
4   -10   7
5   -26   7
6   -12   7
7   -22   9
8   -16   7
9   -22   7
10   -6   7
11   -53   9
12   -25   7
13   -28   7
14   -17   7
15   -21   27
16   -13   7
17   -39   8
18   -17   7
19   -27   8
20   -37   7
21   -30   8
22   -27   7
23   -33   7
24   -31   7
25   -36   8
26   -32   7
27   -124   11
28   -32   8
29   -40   8
30   -2   8
31   97   33
32   -43   8
33   -30   8
34   -47   7
35   -16   7
36   -40   8
37   -41   7
38   -50   7
39   -34   7
40   -35   8
41   -17   7
42   -42   8
43   -47   7
44   -45   7
45   -31   6
46   -26   7
47   -35   6
48   -30   7
49   -2   7
50   -37   7
51   1   7
52   -34   8
53   -32   7
54   -9   7
55   -8   7
56   -7   8
57   -47   7
58   -12   10
59   0   7
60   -10   8
61   -27   8
62   -12   8
63   -15   10
64   9   10
65   -7   9
66   23   9
67   19   8
68   9   9
69   7   7
70   10   8
71   30   7
72   38   8
73   12   7
74   14   8
75   18   7
76   15   7
77   6   6
78   33   8
79   18   7
80   39   8
81   27   7
82   29   8
83   40   7
84   43   8
85   39   7
86   18   8
87   29   7
88   33   8
89   41   7
90   47   8
91   27   7
92   62   9
93   56   8
94   82   9
95   86   9
96   35   8
97   41   8
98   45   7
99   47   8
100   57   7
101   22   8
102   42   7
103   50   8
104   28   7
105   56   8
106   53   7
107   14   8
108   51   7
109   25   8
110   12   7
111   -58   25
112   13   7
113   20   7
114   16   7
115   12   8
116   10   7
117   11   8
118   18   7
119   21   8
120   -11   7
121   15   8
122   4   8
123   -10   11
124   4   10
125   3   8
126   -5   11
127   -15   24
APV   19   9   9   0
0   10   7
1   13   8
2   -7   7
3   12   7
4   10   7
5   5   7
6   0   7
7   23   8
8   21   7
9   17   7
10   -10   7
11   -41   9
12   2   7
13   -2   8
14   -6   7
15   13   26
16   -6   7
17   -14   8
18   -24   11
19   -25   8
20   -18   7
21   -11   8
22   -26   7
23   -19   8
24   -34   7
25   -31   8
26   -30   8
27   -108   10
28   -26   7
29   -2   8
30   -3   8
31   131   32
32   -29   7
33   -33   7
34   -11   7
35   -18   7
36   -19   8
37   -13   7
38   -26   8
39   -31   7
40   -9   8
41   -9   7
42   -40   8
43   -16   7
44   -26   8
45   -28   7
46   -43   7
47   -10   7
48   1   9
49   -9   7
50   13   7
51   8   7
52   23   8
53   19   7
54   12   7
55   25   7
56   10   8
57   -14   7
58   8   9
59   15   7
60   6   7
61   5   7
62   5   8
63   3   8
64   27   8
65   9   8
66   -1   8
67   19   7
68   14   8
69   6   7
70   11   7
71   19   7
72   7   7
73   16   7
74   18   7
75   14   7
76   6   7
77   21   7
78   25   7
79   11   7
80   12   8
81   15   7
82   17   8
83   2   7
84   0   8
85   -6   7
86   6   8
87   4   7
88   -26   8
89   -23   8
90   -5   8
91   -3   8
92   4   9
93   10   9
94   18   9
95   39   10
96   -12   8
97   -11   9
98   3   8
99   -21   8
100   -23   7
101   2   8
102   3   7
103   -4   8
104   3   7
105   3   8
106   19   7
107   -10   8
108   13   7
109   15   7
110   -7   7
111   -43   24
112   21   7
113   5   7
114   -5   7
115   7   7
116   -8   7
117   34   8
118   11   7
119   -5   8
120   8   7
121   49   8
122   12   7
123   -5   9
124   13   8
125   32   7
126   7   9
127   22   23
APV   19   9   9   1
0   -32   8
1   -14   9
2   -41   8
3   -33   8
4   -19   8
5   -30   8
6   -20   8
7   -26   11
8   -36   7
9   -34   7
10   -38   8
11   -58   10
12   -35   7
13   -26   8
14   -57   7
15   -36   27
16   -47   7
17   -51   9
18   -57   7
19   -55   9
20   -52   8
21   -58   8
22   -53   8
23   -47   8
24   -51   8
25   -57   8
26   -66   8
27   -127   11
28   -38   8
29   -30   8
30   -26   8
31   74   32
32   -66   8
33   -60   8
34   -47   8
35   -52   8
36   -74   8
37   -53   8
38   -51   8
39   -35   8
40   -51   8
41   -57   7
42   -41   9
43   -48   7
44   -56   8
45   -48   7
46   -44   8
47   -34   7
48   -25   9
49   -27   7
50   -43   8
51   -62   7
52   -19   9
53   -19   7
54   -44   7
55   -47   7
56   -28   10
57   -42   8
58   -4   10
59   -28   8
60   -3   8
61   -25   8
62   4   8
63   12   9
64   4   10
65   0   8
66   -8   9
67   13   8
68   -10   9
69   12   7
70   26   8
71   2   7
72   5   8
73   4   7
74   8   8
75   12   7
76   16   8
77   41   7
78   42   8
79   44   7
80   45   9
81   44   7
82   45   9
83   52   7
84   62   9
85   49   7
86   73   9
87   68   7
88   64   9
89   57   8
90   67   9
91   90   8
92   92   10
93   103   9
94   138   10
95   144   10
96   106   9
97   91   9
98   90   8
99   78   9
100   87   8
101   74   9
102   74   8
103   48   9
104   65   7
105   68   9
106   62   7
107   65   9
108   59   7
109   26   9
110   37   7
111   -27   26
112   39   8
113   39   8
114   5   7
115   8   8
116   0   7
117   8   9
118   11   7
119   5   8
120   -9   7
121   18   8
122   1   8
123   3   10
124   -1   9
125   -3   8
126   -10   10
127   -21   24
APV   19   9   9   2
0   -30   7
1   4   9
2   -14   7
3   -10   7
4   3   7
5   -18   7
6   -23   7
7   -28   10
8   -28   7
9   -44   7
10   -59   7
11   -46   9
12   0   7
13   -48   7
14   -31   7
15   -42   29
16   -36   7
17   -59   8
18   -56   7
19   -50   8
20   -39   7
21   -48   8
22   -47   7
23   -50   7
24   -59   7
25   -73   8
26   -74   7
27   -130   11
28   -41   7
29   -65   8
30   -42   7
31   47   34
32   -45   8
33   -74   7
34   -81   7
35   -51   7
36   -59   8
37   -81   7
38   -62   8
39   -86   7
40   -65   8
41   -36   7
42   -64   8
43   -55   7
44   -59   7
45   -45   7
46   -34   7
47   -16   7
48   -29   8
49   -28   7
50   -34   7
51   -30   7
52   -1   8
53   -41   7
54   -37   6
55   -6   7
56   -31   9
57   -6   7
58   -15   10
59   -13   7
60   -3   7
61   -21   7
62   16   8
63   -1   8
64   18   8
65   -22   7
66   -1   8
67   32   7
68   22   8
69   30   7
70   27   7
71   30   6
72   38   7
73   48   6
74   30   7
75   51   6
76   46   7
77   36   6
78   48   7
79   40   7
80   20   7
81   46   7
82   23   8
83   34   7
84   31   7
85   55   7
86   52   8
87   34   7
88   61   8
89   74   7
90   52   8
91   53   7
92   82   9
93   78   8
94   120   9
95   99   9
96   87   8
97   79   8
98   41   7
99   45   8
100   38   7
101   40   8
102   68   7
103   21   8
104   56   7
105   50   8
106   68   7
107   12   8
108   32   6
109   27   7
110   42   7
111   -50   27
112   55   6
113   63   7
114   34   7
115   47   7
116   63   7
117   37   8
118   23   6
119   20   7
120   15   7
121   49   7
122   -6   7
123   -11   9
124   35   8
125   2   7
126   -14   9
127   -18   26
APV   19   9   9   3
0   -10   7
1   -3   9
2   -34   7
3   -20   7
4   -28   7
5   -35   7
6   -23   7
7   -28   12
8   -14   7
9   -45   7
10   -50   7
11   -61   9
12   -29   7
13   -35   7
14   -40   7
15   -39   27
16   -37   7
17   -44   7
18   -40   7
19   -75   8
20   -43   7
21   -58   8
22   -59   7
23   -51   7
24   -52   7
25   -57   7
26   -54   7
27   -120   10
28   -8   7
29   -34   8
30   -20   8
31   45   32
32   -52   8
33   -44   8
34   -49   7
35   -39   7
36   -54   7
37   -54   7
38   -57   7
39   -48   7
40   -65   7
41   -55   7
42   -34   8
43   -65   7
44   -48   7
45   -54   7
46   -45   7
47   -44   7
48   -49   9
49   -51   7
50   -54   7
51   -15   7
52   -46   12
53   -46   7
54   -36   7
55   -40   7
56   -13   10
57   -31   7
58   0   11
59   -29   7
60   -29   7
61   -11   7
62   9   8
63   -15   8
64   14   8
65   4   7
66   -10   8
67   9   7
68   18   8
69   17   7
70   44   7
71   14   6
72   13   7
73   16   6
74   23   7
75   17   6
76   31   7
77   24   6
78   44   7
79   44   7
80   48   7
81   50   7
82   61   8
83   49   7
84   65   8
85   47   7
86   65   8
87   55   7
88   64   8
89   81   7
90   65   8
91   57   7
92   85   9
93   100   8
94   107   9
95   152   9
96   98   8
97   75   8
98   87   8
99   79   8
100   68   7
101   39   8
102   49   7
103   33   8
104   49   6
105   53   8
106   46   7
107   49   8
108   47   7
109   48   7
110   46   7
111   -54   23
112   31   7
113   18   7
114   30   7
115   32   7
116   25   7
117   23   8
118   8   7
119   3   7
120   -5   7
121   8   7
122   17   7
123   -6   9
124   -7   8
125   15   7
126   19   9
127   -26   24
APV   19   9   9   4
0   -20   7
1   -33   9
2   -20   7
3   -15   7
4   -39   7
5   -4   7
6   -25   7
7   -22   11
8   -32   7
9   -36   6
10   -37   7
11   -57   9
12   2   7
13   -32   7
14   -22   7
15   -23   27
16   -41   6
17   -30   7
18   -42   7
19   -47   8
20   -36   7
21   -7   7
22   -50   7
23   -25   7
24   -22   7
25   -44   7
26   -51   7
27   -97   10
28   -31   7
29   -31   7
30   -44   7
31   83   31
32   -47   7
33   -56   7
34   -36   6
35   -44   7
36   -31   7
37   -31   7
38   -57   7
39   -25   7
40   -31   7
41   -27   7
42   -37   8
43   -29   7
44   -36   7
45   -21   6
46   -33   7
47   -19   6
48   -17   9
49   -20   7
50   1   7
51   -42   6
52   -22   8
53   -22   7
54   13   6
55   -6   6
56   -15   9
57   -36   7
58   -19   10
59   5   7
60   -15   7
61   -21   7
62   -21   8
63   -25   8
64   -12   8
65   1   7
66   0   8
67   -4   7
68   2   7
69   4   6
70   20   7
71   18   6
72   1   7
73   3   6
74   17   7
75   25   6
76   25   7
77   32   6
78   51   7
79   43   7
80   35   7
81   39   6
82   25   8
83   20   6
84   49   7
85   38   6
86   49   7
87   46   6
88   74   8
89   60   7
90   52   8
91   78   7
92   81   8
93   98   8
94   107   9
95   111   9
96   79   8
97   74   8
98   74   7
99   69   8
100   59   7
101   38   8
102   65   7
103   53   8
104   41   6
105   29   7
106   26   7
107   8   8
108   1   6
109   30   7
110   -1   7
111   -62   23
112   26   6
113   25   7
114   41   7
115   10   7
116   35   7
117   12   7
118   15   6
119   4   7
120   2   7
121   7   7
122   -21   7
123   -20   9
124   -30   8
125   -21   7
126   -57   8
127   -39   24
APV   19   9   9   5
0   -4   6
1   4   8
2   -29   6
3   -11   7
4   -22   6
5   -30   6
6   -25   6
7   -26   10
8   -44   6
9   -46   6
10   -55   6
11   -65   8
12   -70   6
13   -39   6
14   -32   7
15   -41   26
16   -44   5
17   -40   5
18   -31   5
19   -53   5
20   -33   5
21   -40   5
22   -32   5
23   -62   4
24   -40   5
25   -40   5
26   -49   5
27   -105   9
28   -40   4
29   -28   5
30   -24   5
31   108   31
32   -28   4
33   -24   7
34   -47   7
35   -30   6
36   -31   7
37   -23   7
38   -39   7
39   -23   6
40   -28   7
41   -47   6
42   -25   7
43   -42   6
44   -50   6
45   -39   6
46   -34   6
47   -54   6
48   -42   8
49   -26   6
50   -45   6
51   -46   6
52   -45   8
53   -45   6
54   -39   6
55   -33   6
56   0   8
57   -16   6
58   0   10
59   0   6
60   3   6
61   -8   6
62   13   7
63   1   6
64   7   7
65   13   6
66   21   7
67   18   6
68   12   7
69   34   6
70   21   7
71   20   5
72   17   6
73   16   5
74   16   6
75   25   5
76   11   6
77   30   5
78   32   7
79   40   6
80   57   7
81   50   6
82   50   7
83   35   6
84   48   5
85   69   6
86   49   7
87   48   6
88   45   7
89   47   6
90   63   7
91   50   7
92   71   8
93   80   7
94   91   8
95   120   8
96   71   7
97   50   8
98   51   7
99   41   7
100   43   6
101   38   7
102   29   6
103   36   7
104   58   6
105   60   7
106   47   6
107   28   7
108   43   6
109   37   7
110   24   6
111   -65   24
112   10   5
113   1   5
114   -9   5
115   13   5
116   -8   5
117   26   5
118   23   5
119   -14   5
120   22   5
121   9   5
122   11   5
123   0   5
124   -8   6
125   18   5
126   7   6
127   -15   23
APV   19   9   9   6
0   -7   21
1   21   5
2   24   5
3   25   4
4   22   6
5   25   4
6   23   5
7   24   4
8   51   5
9   39   4
10   48   5
11   38   4
12   28   4
13   46   4
14   26   5
15   49   4
16   -78   18
17   20   4
18   23   4
19   9   4
20   7   4
21   24   4
22   25   4
23   26   4
24   17   4
25   29   4
26   8   4
27   33   4
28   11   4
29   38   4
30   15   4
31   30   4
32   -27   5
33   35   4
34   48   4
35   17   4
36   34   4
37   38   4
38   25   4
39   29   4
40   34   4
41   27   4
42   34   4
43   27   4
44   18   4
45   7   4
46   29   4
47   17   4
48   48   4
49   54   5
50   52   4
51   43   4
52   39   4
53   47   4
54   33   4
55   42   4
56   37   4
57   24   4
58   19   4
59   25   4
60   19   4
61   29   5
62   32   4
63   18   4
64   13   4
65   6   5
66   4   4
67   1   4
68   9   4
69   3   7
70   -2   4
71   9   6
72   -4   4
73   -9   4
74   -21   4
75   -13   5
76   -22   4
77   -9   4
78   -15   4
79   -21   4
80   -14   4
81   -31   4
82   -35   4
83   -32   4
84   -21   4
85   -39   4
86   -26   4
87   -45   4
88   -43   4
89   -50   4
90   -50   4
91   -49   4
92   -62   4
93   -57   4
94   -66   4
95   -54   4
96   30   30
97   -62   5
98   -41   5
99   -56   5
100   -136   8
101   -41   5
102   -49   5
103   -59   5
104   -53   4
105   -54   5
106   -36   5
107   -49   5
108   -49   5
109   -31   4
110   -28   5
111   -10   4
112   -24   25
113   -35   4
114   -23   4
115   -26   4
116   -74   6
117   -4   4
118   -19   4
119   -10   4
120   3   6
121   -12   4
122   2   5
123   -6   4
124   0   5
125   6   4
126   7   6
127   5   4
APV   19   9   9   7
0   6   23
1   28   6
2   23   5
3   40   5
4   6   7
5   22   5
6   37   5
7   18   4
8   37   5
9   32   4
10   25   5
11   30   4
12   31   5
13   35   5
14   48   5
15   40   4
16   -87   19
17   36   4
18   19   4
19   47   4
20   27   5
21   35   4
22   54   5
23   37   4
24   23   4
25   36   4
26   21   5
27   38   4
28   15   5
29   27   5
30   36   5
31   30   5
32   4   6
33   57   5
34   61   5
35   27   5
36   19   5
37   33   5
38   17   4
39   27   4
40   34   4
41   34   4
42   35   4
43   25   4
44   25   4
45   49   5
46   32   4
47   30   4
48   44   5
49   58   5
50   66   4
51   31   5
52   35   4
53   34   5
54   42   4
55   48   5
56   45   4
57   39   5
58   27   4
59   36   5
60   21   5
61   30   6
62   13   5
63   32   5
64   0   5
65   14   5
66   2   5
67   -6   5
68   2   4
69   -1   7
70   -9   5
71   10   6
72   -18   4
73   -5   4
74   -15   4
75   -10   6
76   -18   4
77   -25   4
78   -28   5
79   -44   5
80   -40   4
81   -45   4
82   -49   4
83   -47   4
84   -43   5
85   -43   5
86   -67   5
87   -47   5
88   -58   5
89   -49   5
90   -43   5
91   -55   5
92   -42   5
93   -48   5
94   -53   5
95   -55   5
96   56   32
97   -57   5
98   -42   5
99   -34   5
100   -141   9
101   -51   5
102   -48   5
103   -45   5
104   -52   5
105   -54   5
106   -48   5
107   -39   5
108   -50   5
109   -35   5
110   -37   5
111   -37   5
112   -42   26
113   -41   5
114   -39   5
115   -27   5
116   -58   7
117   -35   5
118   -19   4
119   -25   5
120   -13   8
121   -10   5
122   -10   5
123   -1   5
124   -10   5
125   4   5
126   8   6
127   0   5
APV   19   9   9   8
0   4   22
1   0   8
2   26   6
3   17   7
4   -6   8
5   37   5
6   14   6
7   39   5
8   22   6
9   25   5
10   37   7
11   43   5
12   43   6
13   66   5
14   54   6
15   54   5
16   -43   18
17   34   5
18   27   5
19   32   5
20   35   5
21   39   5
22   36   5
23   60   5
24   34   5
25   21   5
26   42   6
27   42   5
28   54   6
29   51   5
30   53   6
31   53   6
32   -17   7
33   78   6
34   80   6
35   70   6
36   77   5
37   59   6
38   44   5
39   60   5
40   67   5
41   49   5
42   31   5
43   44   5
44   34   5
45   39   6
46   47   5
47   37   5
48   74   6
49   65   6
50   62   5
51   69   6
52   65   5
53   43   6
54   37   5
55   37   6
56   56   5
57   51   6
58   29   5
59   40   6
60   16   6
61   24   7
62   21   6
63   7   7
64   -2   7
65   0   6
66   -22   6
67   -13   5
68   -18   5
69   -14   8
70   -31   6
71   -30   7
72   -34   5
73   -53   5
74   -22   5
75   -50   7
76   -38   5
77   -50   5
78   -48   5
79   -47   6
80   -31   5
81   -31   5
82   -44   5
83   -51   5
84   -31   6
85   -50   6
86   -45   6
87   -52   6
88   -37   6
89   -53   6
90   -38   6
91   -55   6
92   -45   6
93   -40   6
94   -32   6
95   -58   6
96   35   30
97   -50   6
98   -45   6
99   -44   6
100   -112   9
101   -43   6
102   -52   6
103   -52   6
104   -61   6
105   -52   6
106   -56   6
107   -41   6
108   -50   6
109   -37   6
110   -52   6
111   -53   5
112   -50   25
113   -58   6
114   -48   5
115   -21   6
116   -72   7
117   -41   5
118   -62   5
119   -36   5
120   -48   8
121   -31   5
122   -37   6
123   -25   5
124   -25   6
125   -13   6
126   -28   7
127   -12   6
APV   19   9   9   9
0   -25   23
1   0   9
2   27   6
3   -4   7
4   -14   9
5   -11   6
6   14   7
7   3   6
8   9   7
9   13   6
10   28   7
11   22   6
12   29   6
13   8   6
14   19   6
15   31   6
16   -79   19
17   17   6
18   33   6
19   27   5
20   -12   6
21   36   5
22   24   6
23   23   5
24   22   6
25   32   6
26   54   7
27   32   6
28   63   7
29   36   6
30   65   7
31   70   7
32   58   8
33   55   8
34   63   7
35   49   7
36   52   6
37   31   7
38   39   6
39   48   6
40   31   5
41   44   6
42   36   5
43   9   6
44   27   5
45   10   7
46   41   6
47   22   6
48   36   6
49   33   7
50   38   5
51   25   6
52   42   5
53   23   7
54   11   5
55   21   7
56   1   6
57   27   7
58   41   6
59   8   7
60   8   6
61   1   8
62   -10   7
63   -6   8
64   -3   7
65   6   7
66   -10   7
67   -11   6
68   20   6
69   4   9
70   -22   6
71   9   8
72   -17   6
73   -2   6
74   -10   6
75   -10   7
76   5   6
77   -27   6
78   -49   6
79   -30   7
80   -18   6
81   -20   6
82   -29   6
83   -28   6
84   -24   6
85   -49   7
86   -38   6
87   -39   7
88   -61   6
89   -49   7
90   -31   7
91   -39   7
92   -20   7
93   -57   7
94   -46   7
95   -37   7
96   44   31
97   -36   7
98   -44   7
99   -29   11
100   -122   10
101   -32   7
102   -36   7
103   -42   6
104   -19   6
105   -32   6
106   -34   7
107   -36   6
108   -48   7
109   -46   6
110   -12   6
111   -33   6
112   -20   27
113   -24   6
114   -36   6
115   -9   6
116   -41   8
117   -22   6
118   -21   6
119   -37   6
120   5   8
121   -4   6
122   -2   6
123   0   6
124   -17   6
125   -4   6
126   9   8
127   4   6
APV   19   9   9   10
0   4   21
1   26   8
2   26   6
3   23   7
4   8   8
5   34   6
6   34   6
7   34   5
8   48   6
9   39   5
10   66   7
11   41   5
12   61   6
13   51   5
14   78   6
15   49   5
16   -49   20
17   26   5
18   25   6
19   29   5
20   34   6
21   43   5
22   29   6
23   44   5
24   24   5
25   55   5
26   62   6
27   22   5
28   44   6
29   73   6
30   55   6
31   50   6
32   18   7
33   78   7
34   70   6
35   55   6
36   57   6
37   44   6
38   55   5
39   46   6
40   28   5
41   27   5
42   30   5
43   23   5
44   29   5
45   44   6
46   44   5
47   38   5
48   94   6
49   76   6
50   62   5
51   89   6
52   56   5
53   47   6
54   55   5
55   52   6
56   24   5
57   33   6
58   43   5
59   37   6
60   34   6
61   22   7
62   27   6
63   43   7
64   33   7
65   26   6
66   14   6
67   19   5
68   1   5
69   3   8
70   16   5
71   -2   7
72   -21   5
73   -35   5
74   -29   5
75   -14   6
76   -37   5
77   -43   5
78   -36   5
79   -31   6
80   -61   5
81   -36   5
82   -29   5
83   -48   6
84   -72   5
85   -80   6
86   -73   5
87   -78   6
88   -67   6
89   -75   6
90   -66   6
91   -70   6
92   -62   6
93   -94   6
94   -90   6
95   -82   6
96   9   30
97   -73   6
98   -60   6
99   -73   6
100   -142   9
101   -51   6
102   -84   6
103   -76   6
104   -86   6
105   -63   6
106   -85   6
107   -75   6
108   -76   6
109   -55   5
110   -37   6
111   -60   5
112   -41   24
113   -37   5
114   -57   5
115   -38   5
116   -74   7
117   -45   5
118   -33   5
119   -25   5
120   -37   7
121   -18   5
122   -14   5
123   -3   5
124   10   6
125   5   6
126   15   7
127   16   6
APV   19   9   9   11
0   -1   22
1   19   8
2   19   6
3   26   7
4   -3   8
5   9   6
6   13   7
7   22   6
8   35   7
9   42   6
10   14   7
11   55   6
12   48   6
13   55   6
14   50   6
15   71   6
16   -46   22
17   60   6
18   44   6
19   56   5
20   14   6
21   52   6
22   68   6
23   70   5
24   54   6
25   75   6
26   52   7
27   69   6
28   87   7
29   83   6
30   97   7
31   102   7
32   91   8
33   105   8
34   133   7
35   115   7
36   73   6
37   83   7
38   67   6
39   77   6
40   81   6
41   84   6
42   76   6
43   70   6
44   54   5
45   63   7
46   42   5
47   31   6
48   55   6
49   69   7
50   71   5
51   74   6
52   49   5
53   72   6
54   44   5
55   55   6
56   45   5
57   33   6
58   41   6
59   29   7
60   8   6
61   30   7
62   11   6
63   15   7
64   -1   7
65   2   6
66   13   6
67   21   6
68   -7   6
69   -5   9
70   -16   6
71   -24   8
72   -24   6
73   -20   6
74   -23   6
75   -41   8
76   -24   6
77   -39   6
78   -36   6
79   -35   7
80   -47   6
81   -56   6
82   -69   6
83   -47   6
84   -67   6
85   -66   6
86   -86   6
87   -88   6
88   -86   6
89   -107   6
90   -107   6
91   -118   6
92   -96   6
93   -78   6
94   -78   6
95   -84   6
96   30   30
97   -73   6
98   -73   7
99   -63   6
100   -176   9
101   -81   6
102   -114   6
103   -95   6
104   -105   6
105   -101   6
106   -87   6
107   -77   6
108   -71   7
109   -89   6
110   -77   6
111   -58   6
112   -45   25
113   -46   6
114   -53   6
115   -43   6
116   -67   8
117   -52   6
118   -46   6
119   -37   6
120   -16   9
121   -31   6
122   -19   6
123   -17   6
124   -12   6
125   -26   6
126   2   8
127   3   6
APV   19   9   9   12
0   -22   24
1   0   9
2   4   7
3   12   8
4   -1   9
5   14   6
6   3   7
7   15   6
8   15   7
9   20   6
10   4   7
11   21   6
12   38   7
13   30   6
14   37   7
15   35   6
16   -74   20
17   36   6
18   33   6
19   38   5
20   36   6
21   59   6
22   40   6
23   73   5
24   46   6
25   49   6
26   55   7
27   64   6
28   71   7
29   66   6
30   52   7
31   59   7
32   42   8
33   77   8
34   80   7
35   81   7
36   76   6
37   74   7
38   48   6
39   61   6
40   65   5
41   52   6
42   52   5
43   35   6
44   41   5
45   48   7
46   46   5
47   45   6
48   83   6
49   42   7
50   54   5
51   43   6
52   30   5
53   34   7
54   30   5
55   12   7
56   14   5
57   4   7
58   20   6
59   26   7
60   23   6
61   -13   8
62   10   7
63   11   8
64   8   8
65   6   6
66   -17   7
67   12   6
68   -23   6
69   0   8
70   -27   6
71   -28   7
72   -21   6
73   -40   5
74   -25   6
75   -40   7
76   -37   6
77   -25   5
78   -26   6
79   -36   6
80   -26   6
81   -26   6
82   -36   6
83   -13   6
84   -42   6
85   -64   6
86   -50   6
87   -60   6
88   -61   11
89   -49   6
90   -62   7
91   -64   6
92   -55   6
93   -52   7
94   -31   7
95   -61   6
96   55   32
97   -42   7
98   -55   7
99   -43   7
100   -124   9
101   -68   6
102   -50   6
103   -58   6
104   -68   6
105   -48   9
106   -54   6
107   -35   6
108   -52   7
109   -53   6
110   -32   6
111   -19   6
112   -33   26
113   -51   6
114   -22   6
115   -32   6
116   -68   7
117   -37   6
118   -20   5
119   -27   6
120   -28   8
121   -23   6
122   -44   6
123   -13   6
124   -26   6
125   -10   6
126   0   7
127   -21   6
APV   19   9   9   13
0   -17   22
1   -5   6
2   16   5
3   4   6
4   -4   7
5   19   9
6   18   6
7   8   5
8   24   6
9   35   5
10   27   6
11   27   6
12   18   6
13   25   6
14   37   6
15   30   6
16   -68   20
17   23   6
18   40   6
19   28   6
20   26   7
21   25   6
22   33   7
23   22   6
24   41   7
25   56   7
26   41   8
27   57   9
28   70   8
29   77   8
30   72   9
31   76   9
32   121   10
33   100   10
34   89   9
35   85   9
36   68   8
37   66   8
38   74   10
39   45   7
40   45   6
41   51   7
42   35   6
43   39   7
44   48   6
45   40   7
46   36   6
47   42   6
48   42   6
49   42   7
50   52   5
51   35   6
52   52   5
53   31   6
54   41   5
55   15   6
56   18   5
57   18   6
58   33   5
59   34   6
60   10   10
61   16   6
62   16   5
63   20   6
64   19   5
65   25   6
66   5   6
67   15   6
68   2   5
69   -1   9
70   -16   6
71   -10   8
72   -29   6
73   -28   6
74   -22   6
75   -32   8
76   -34   6
77   -19   9
78   -34   6
79   -34   8
80   -23   6
81   -27   6
82   -23   6
83   -40   6
84   -40   9
85   -48   7
86   -60   8
87   -50   7
88   -74   7
89   -71   7
90   -65   7
91   -72   7
92   -51   6
93   -60   7
94   -80   7
95   -53   7
96   53   31
97   -34   7
98   -48   7
99   -41   7
100   -139   10
101   -95   7
102   -74   7
103   -72   7
104   -92   7
105   -72   7
106   -78   7
107   -62   7
108   -56   7
109   -29   6
110   -44   6
111   -31   6
112   -25   26
113   -32   9
114   -32   6
115   -32   12
116   -64   10
117   -26   6
118   -19   6
119   -32   6
120   -32   9
121   -33   6
122   -19   6
123   -19   6
124   2   6
125   -16   6
126   -15   8
127   -6   6
APV   19   9   9   14
0   -4   20
1   0   8
2   13   6
3   -10   6
4   -23   8
5   0   5
6   19   6
7   16   5
8   26   6
9   27   5
10   24   6
11   32   5
12   35   6
13   54   5
14   34   6
15   27   5
16   -60   20
17   23   5
18   26   6
19   22   5
20   33   6
21   32   5
22   41   6
23   40   5
24   53   6
25   17   5
26   56   6
27   55   5
28   62   6
29   67   6
30   60   7
31   62   6
32   36   8
33   96   7
34   85   6
35   95   7
36   79   6
37   67   6
38   71   6
39   54   6
40   31   5
41   50   6
42   29   5
43   54   6
44   18   5
45   43   6
46   38   5
47   29   6
48   80   6
49   70   6
50   51   5
51   63   6
52   54   5
53   55   6
54   34   5
55   32   6
56   13   5
57   27   6
58   27   5
59   32   6
60   0   6
61   4   7
62   5   6
63   9   7
64   6   6
65   32   6
66   -18   6
67   2   6
68   0   5
69   -5   8
70   -3   5
71   -15   7
72   -13   5
73   -8   5
74   -5   5
75   -8   8
76   -17   5
77   -27   5
78   -35   5
79   -25   6
80   -33   5
81   -31   5
82   -46   6
83   -58   5
84   -76   6
85   -71   6
86   -50   6
87   -62   6
88   -75   6
89   -74   6
90   -80   6
91   -70   6
92   -41   6
93   -64   6
94   -64   6
95   -58   6
96   25   27
97   -44   6
98   -61   6
99   -40   6
100   -154   8
101   -79   6
102   -65   6
103   -70   6
104   -68   6
105   -72   6
106   -49   6
107   -54   6
108   -60   6
109   -70   6
110   -61   6
111   -37   6
112   -20   23
113   -30   6
114   -20   5
115   -27   5
116   -52   7
117   -14   5
118   -9   5
119   -15   5
120   -23   8
121   -7   5
122   -6   6
123   3   5
124   -4   6
125   -3   6
126   -11   7
127   0   6
APV   19   9   9   15
0   -23   19
1   -2   7
2   4   6
3   2   6
4   -20   7
5   -25   5
6   -2   6
7   -12   5
8   10   6
9   5   5
10   29   6
11   17   5
12   24   6
13   14   6
14   27   6
15   28   5
16   -52   18
17   22   5
18   34   5
19   23   5
20   15   6
21   14   5
22   34   6
23   26   5
24   46   6
25   40   6
26   30   6
27   31   6
28   36   6
29   50   6
30   39   7
31   40   7
32   13   8
33   78   7
34   65   7
35   44   7
36   56   6
37   55   6
38   49   6
39   43   6
40   41   5
41   34   6
42   54   5
43   30   6
44   33   5
45   36   6
46   33   5
47   32   5
48   47   6
49   19   6
50   31   5
51   33   6
52   34   5
53   16   6
54   19   5
55   14   6
56   15   5
57   9   6
58   13   5
59   19   6
60   7   6
61   8   6
62   8   6
63   6   6
64   -4   6
65   -11   7
66   14   6
67   1   6
68   -6   5
69   -1   9
70   -7   6
71   7   8
72   -3   5
73   -9   5
74   -17   6
75   4   7
76   -11   5
77   -17   5
78   -12   6
79   -22   6
80   -39   5
81   -37   5
82   -26   6
83   -30   6
84   -31   6
85   -47   6
86   -34   6
87   -37   6
88   -42   6
89   -40   6
90   -30   6
91   -55   6
92   -48   6
93   -23   6
94   -49   6
95   -51   6
96   55   26
97   -25   6
98   -40   6
99   -17   6
100   -99   8
101   -42   6
102   -55   6
103   -51   6
104   -32   6
105   -29   6
106   -44   6
107   -32   6
108   -39   6
109   -31   6
110   -25   6
111   -47   6
112   -17   22
113   -19   6
114   -20   6
115   -11   6
116   -38   7
117   -26   6
118   -7   5
119   -24   5
120   -12   9
121   -15   6
122   0   6
123   -20   5
124   -11   6
125   -16   6
126   -4   8
127   8   6
APV   19   10   10   0
0   -29   21
1   4   10
2   7   7
3   13   8
4   -11   9
5   -7   6
6   11   7
7   15   6
8   -5   7
9   6   6
10   14   8
11   17   6
12   9   7
13   28   6
14   13   7
15   35   6
16   -47   19
17   29   6
18   15   7
19   10   6
20   1   7
21   34   6
22   27   7
23   41   6
24   28   7
25   51   6
26   53   7
27   40   6
28   32   7
29   66   7
30   40   7
31   54   7
32   28   8
33   67   8
34   86   7
35   70   8
36   61   7
37   39   7
38   29   6
39   29   7
40   41   6
41   39   6
42   33   6
43   37   6
44   26   6
45   20   7
46   29   6
47   30   7
48   27   6
49   23   7
50   30   5
51   18   6
52   27   6
53   17   7
54   32   6
55   18   7
56   10   6
57   25   7
58   1   6
59   12   8
60   17   7
61   0   8
62   -1   7
63   9   8
64   1   8
65   20   6
66   -4   7
67   -18   6
68   -3   6
69   4   9
70   0   7
71   -22   8
72   -7   6
73   0   6
74   0   6
75   -1   8
76   -11   6
77   -27   6
78   -31   6
79   -28   7
80   -24   6
81   -24   6
82   -43   6
83   -43   6
84   -28   6
85   -37   7
86   -25   6
87   -55   7
88   -32   6
89   -63   6
90   -53   7
91   -38   7
92   -39   7
93   -18   7
94   -19   7
95   -47   7
96   54   28
97   -30   7
98   -31   7
99   -16   7
100   -118   9
101   -61   7
102   -47   7
103   -47   6
104   -28   7
105   -49   6
106   -46   7
107   -42   6
108   -46   7
109   -39   6
110   -29   7
111   -16   6
112   -28   23
113   -32   6
114   -24   6
115   -15   6
116   -57   8
117   -43   6
118   -13   6
119   -16   6
120   0   10
121   -3   6
122   -9   6
123   1   6
124   6   6
125   2   7
126   2   7
127   13   7
APV   19   10   10   1
0   -41   21
1   -8   9
2   5   6
3   17   7
4   -6   8
5   -1   6
6   36   7
7   19   6
8   21   7
9   24   6
10   13   7
11   32   6
12   35   6
13   20   6
14   39   6
15   41   6
16   -74   20
17   9   6
18   17   6
19   16   6
20   0   7
21   30   6
22   31   7
23   34   6
24   43   7
25   60   6
26   53   7
27   31   6
28   58   7
29   68   7
30   75   8
31   79   8
32   104   9
33   94   9
34   86   8
35   70   8
36   57   7
37   60   7
38   48   6
39   69   7
40   41   6
41   39   7
42   32   6
43   43   7
44   27   6
45   24   7
46   17   6
47   24   6
48   47   6
49   42   6
50   49   5
51   40   6
52   33   5
53   29   6
54   27   5
55   19   6
56   27   5
57   17   6
58   23   6
59   36   7
60   10   6
61   28   7
62   13   7
63   13   7
64   13   7
65   -3   7
66   12   7
67   -4   6
68   -19   6
69   -7   9
70   -30   6
71   -13   7
72   6   6
73   -9   6
74   -18   6
75   -13   7
76   -35   6
77   -26   6
78   -40   6
79   -27   7
80   -43   6
81   -52   6
82   -37   6
83   -41   6
84   -40   6
85   -57   7
86   -53   6
87   -58   7
88   -56   6
89   -68   7
90   -48   7
91   -57   7
92   -61   7
93   -30   7
94   -29   7
95   -38   7
96   73   29
97   -23   7
98   -16   7
99   -3   7
100   -133   9
101   -41   7
102   -54   7
103   -52   7
104   -65   7
105   -60   6
106   -53   7
107   -57   6
108   -69   7
109   -33   6
110   -55   7
111   -46   6
112   -36   24
113   -22   6
114   -45   6
115   -42   6
116   -70   8
117   -17   6
118   -37   6
119   -25   6
120   -15   8
121   -18   6
122   -27   6
123   -1   6
124   -27   6
125   -22   7
126   11   8
127   -4   7
APV   19   10   10   2
0   -14   23
1   -5   8
2   3   6
3   -6   7
4   -16   8
5   -5   6
6   11   6
7   -1   6
8   -12   6
9   2   5
10   2   6
11   -18   6
12   -1   6
13   7   6
14   3   6
15   15   5
16   -67   23
17   0   5
18   4   6
19   24   5
20   -12   6
21   27   5
22   28   6
23   7   5
24   18   6
25   47   6
26   55   6
27   40   6
28   51   6
29   55   6
30   50   7
31   77   7
32   22   8
33   68   7
34   55   6
35   70   7
36   39   6
37   53   6
38   49   6
39   48   6
40   45   5
41   25   6
42   9   5
43   21   6
44   16   5
45   -1   6
46   14   5
47   -5   6
48   15   6
49   12   6
50   4   5
51   19   6
52   6   5
53   -11   6
54   12   5
55   0   6
56   4   5
57   -12   6
58   -12   5
59   0   6
60   -8   6
61   -14   7
62   1   6
63   6   7
64   -1   7
65   2   6
66   -6   6
67   10   6
68   0   5
69   -7   8
70   0   6
71   2   6
72   -11   5
73   6   5
74   -21   5
75   -2   7
76   0   5
77   1   5
78   -6   5
79   -16   7
80   -2   5
81   -1   5
82   4   5
83   3   6
84   -12   6
85   -7   6
86   -19   6
87   -2   6
88   -23   6
89   -26   6
90   -22   6
91   -35   6
92   -34   6
93   -25   6
94   -25   7
95   -21   6
96   57   32
97   -26   7
98   -36   7
99   -31   7
100   -124   10
101   -44   6
102   -48   6
103   -29   6
104   -55   6
105   -39   6
106   -25   6
107   -27   6
108   -25   6
109   -11   6
110   -10   6
111   1   5
112   0   26
113   6   6
114   -3   6
115   -26   6
116   -37   8
117   -5   5
118   3   5
119   -18   5
120   -11   7
121   -21   5
122   3   6
123   -6   5
124   -15   6
125   -7   6
126   -9   7
127   0   6
APV   19   10   10   3
0   -4   23
1   5   10
2   28   7
3   34   8
4   5   9
5   27   6
6   31   7
7   42   6
8   24   7
9   27   6
10   26   7
11   28   6
12   15   7
13   25   6
14   28   6
15   34   6
16   -67   23
17   7   6
18   24   7
19   32   6
20   19   7
21   32   6
22   14   7
23   26   6
24   15   7
25   9   6
26   3   7
27   28   7
28   11   7
29   21   7
30   22   8
31   47   7
32   37   9
33   56   8
34   59   8
35   44   8
36   32   7
37   10   7
38   0   7
39   19   7
40   14   6
41   19   6
42   22   6
43   14   6
44   12   6
45   11   7
46   14   6
47   4   6
48   11   6
49   23   7
50   38   6
51   12   6
52   37   6
53   25   7
54   33   6
55   30   7
56   31   6
57   36   7
58   33   6
59   27   7
60   28   7
61   44   8
62   6   7
63   32   8
64   6   8
65   20   7
66   -17   7
67   16   6
68   9   6
69   12   8
70   1   6
71   15   7
72   3   6
73   3   6
74   -13   6
75   0   7
76   -17   6
77   -12   6
78   -30   6
79   -10   7
80   -19   6
81   -17   6
82   -31   6
83   -17   6
84   -41   6
85   -38   7
86   -25   6
87   -41   7
88   -48   7
89   -53   7
90   -58   7
91   -35   7
92   -68   7
93   -38   7
94   -59   7
95   -46   7
96   69   32
97   -25   7
98   -44   7
99   -57   7
100   -143   10
101   -64   7
102   -49   7
103   -56   7
104   -55   7
105   -36   7
106   -50   7
107   -42   6
108   -43   7
109   -31   6
110   -25   7
111   -30   6
112   -36   27
113   -29   6
114   -24   6
115   -13   6
116   -51   8
117   -11   6
118   10   6
119   -5   6
120   -6   7
121   7   6
122   0   6
123   -3   6
124   -10   7
125   16   6
126   23   8
127   13   7
APV   19   10   10   4
0   -23   22
1   3   13
2   8   8
3   -5   10
4   20   11
5   18   7
6   43   8
7   27   7
8   38   8
9   40   6
10   37   8
11   52   7
12   53   8
13   42   6
14   29   7
15   60   6
16   -39   23
17   39   6
18   44   7
19   58   6
20   47   8
21   61   6
22   53   7
23   53   6
24   67   7
25   51   7
26   74   8
27   76   7
28   88   8
29   87   7
30   76   8
31   90   8
32   111   9
33   105   9
34   86   8
35   82   8
36   59   7
37   83   8
38   82   7
39   61   7
40   41   6
41   46   7
42   49   6
43   66   7
44   49   6
45   33   8
46   47   6
47   34   7
48   70   7
49   53   7
50   82   6
51   70   7
52   63   6
53   43   7
54   53   6
55   46   7
56   20   6
57   45   8
58   39   7
59   40   9
60   9   8
61   15   9
62   0   8
63   20   10
64   -32   10
65   -34   7
66   -35   8
67   -28   7
68   -44   7
69   -26   9
70   -34   7
71   -44   7
72   -27   6
73   -28   6
74   -26   6
75   -33   7
76   -51   6
77   -48   6
78   -71   6
79   -69   8
80   -21   6
81   -45   6
82   -34   6
83   -56   7
84   -64   6
85   -73   7
86   -63   6
87   -65   7
88   -53   7
89   -68   7
90   -61   7
91   -55   7
92   -66   7
93   -75   7
94   -57   8
95   -48   7
96   57   31
97   -40   8
98   -45   8
99   -59   8
100   -137   10
101   -71   7
102   -59   7
103   -53   7
104   -67   7
105   -65   7
106   -46   7
107   -59   7
108   -53   7
109   -47   6
110   -64   7
111   -50   6
112   -44   26
113   -63   6
114   -53   7
115   -62   6
116   -85   8
117   -51   6
118   -65   6
119   -37   6
120   -32   8
121   -22   7
122   -23   6
123   -41   7
124   -24   7
125   -40   7
126   -16   8
127   -20   8
APV   19   10   10   5
0   5   17
1   19   11
2   27   7
3   22   9
4   -10   11
5   33   7
6   40   8
7   29   7
8   39   8
9   54   7
10   50   8
11   47   7
12   56   7
13   59   6
14   54   7
15   55   6
16   30   17
17   70   7
18   89   8
19   64   6
20   50   9
21   81   7
22   59   8
23   99   7
24   83   8
25   88   7
26   103   8
27   73   7
28   105   8
29   109   8
30   89   9
31   127   9
32   128   10
33   138   10
34   120   9
35   105   9
36   115   8
37   120   8
38   93   7
39   96   8
40   62   6
41   82   8
42   80   7
43   85   8
44   63   6
45   63   8
46   77   6
47   62   8
48   56   6
49   66   7
50   49   6
51   49   7
52   57   6
53   42   7
54   45   6
55   26   7
56   29   6
57   33   8
58   24   7
59   40   8
60   16   7
61   12   8
62   18   8
63   10   9
64   -19   9
65   -14   7
66   -24   8
67   -6   7
68   -19   7
69   -13   9
70   -27   7
71   -30   8
72   -44   6
73   -41   7
74   -57   7
75   -40   8
76   -42   6
77   -71   7
78   -51   6
79   -63   8
80   -74   6
81   -75   7
82   -78   6
83   -88   7
84   -93   7
85   -77   7
86   -75   7
87   -88   7
88   -74   7
89   -111   7
90   -103   7
91   -90   7
92   -79   7
93   -103   7
94   -67   8
95   -106   7
96   64   29
97   -84   8
98   -83   8
99   -96   8
100   -166   14
101   -101   7
102   -98   7
103   -73   7
104   -103   7
105   -78   7
106   -102   7
107   -83   10
108   -103   8
109   -78   6
110   -95   8
111   -70   6
112   -47   21
113   -77   7
114   -81   7
115   -52   7
116   -110   10
117   -59   7
118   -38   7
119   -37   7
120   -45   8
121   -20   7
122   -7   7
123   -29   7
124   -31   8
125   -25   9
126   -11   10
127   -7   8
APV   19   10   10   6
0   -1   19
1   1   8
2   5   6
3   2   7
4   -24   9
5   7   6
6   8   7
7   -10   6
8   5   6
9   18   6
10   29   7
11   3   6
12   5   6
13   16   6
14   9   6
15   38   5
16   -7   18
17   17   6
18   15   6
19   37   6
20   12   7
21   40   6
22   31   7
23   39   6
24   28   7
25   68   6
26   54   7
27   53   6
28   48   7
29   71   7
30   70   8
31   81   8
32   71   8
33   84   8
34   84   8
35   85   8
36   64   7
37   53   7
38   54   6
39   31   7
40   59   6
41   61   6
42   50   6
43   33   6
44   31   6
45   26   7
46   12   6
47   5   6
48   25   6
49   19   6
50   7   5
51   15   6
52   21   5
53   9   6
54   3   5
55   6   6
56   20   6
57   4   6
58   0   6
59   12   7
60   22   6
61   21   7
62   29   6
63   1   7
64   -3   8
65   -2   6
66   9   7
67   -1   6
68   -7   6
69   0   9
70   -17   6
71   -12   7
72   -29   6
73   0   6
74   -7   6
75   -22   7
76   -13   6
77   -10   6
78   -1   6
79   -29   7
80   -18   6
81   -32   6
82   -21   6
83   -46   6
84   -21   6
85   -51   7
86   -46   6
87   -53   6
88   -40   6
89   -54   6
90   -34   7
91   -74   6
92   -51   6
93   -37   6
94   -60   7
95   -56   6
96   109   31
97   -45   7
98   -58   7
99   -36   7
100   -148   14
101   -81   7
102   -59   7
103   -64   6
104   -73   6
105   -51   6
106   -57   7
107   -29   6
108   -30   7
109   -33   6
110   -35   7
111   -43   6
112   -7   23
113   -20   6
114   -19   6
115   -23   6
116   -95   10
117   -26   6
118   -25   6
119   -16   6
120   -25   7
121   -5   6
122   0   6
123   9   6
124   -2   6
125   4   6
126   10   7
127   18   6
APV   19   10   10   7
0   -4   20
1   0   10
2   14   7
3   18   8
4   -25   10
5   7   7
6   19   7
7   16   7
8   4   7
9   20   6
10   44   8
11   31   6
12   48   7
13   41   6
14   45   7
15   49   6
16   25   18
17   60   6
18   36   7
19   78   6
20   18   8
21   48   6
22   72   8
23   75   6
24   63   8
25   91   7
26   98   8
27   71   7
28   82   8
29   95   8
30   120   9
31   115   8
32   126   9
33   110   9
34   123   8
35   117   8
36   75   7
37   111   8
38   102   7
39   92   8
40   72   6
41   83   7
42   72   6
43   74   7
44   64   6
45   75   8
46   57   6
47   64   7
48   47   6
49   72   7
50   52   6
51   46   6
52   44   6
53   34   7
54   34   6
55   31   7
56   29   6
57   1   7
58   11   6
59   15   8
60   25   7
61   0   8
62   -3   7
63   23   8
64   -19   9
65   19   7
66   -21   7
67   -6   6
68   -17   6
69   -23   9
70   -33   7
71   -30   7
72   -57   6
73   -55   6
74   -44   6
75   -44   7
76   -63   6
77   -64   6
78   -49   6
79   -76   8
80   -52   6
81   -55   6
82   -83   6
83   -58   7
84   -65   6
85   -79   7
86   -54   6
87   -68   7
88   -79   7
89   -53   7
90   -79   7
91   -64   7
92   -49   7
93   -50   7
94   -58   7
95   -63   7
96   77   31
97   -41   7
98   -78   7
99   -53   7
100   -156   15
101   -79   7
102   -88   7
103   -52   7
104   -76   7
105   -65   7
106   -68   7
107   -74   7
108   -85   7
109   -72   6
110   -51   7
111   -67   6
112   -27   24
113   -78   6
114   -65   7
115   -49   6
116   -123   10
117   -67   6
118   -68   6
119   -39   6
120   -48   8
121   -26   6
122   -19   7
123   -36   8
124   -37   7
125   -6   7
126   -10   8
127   -35   7
APV   19   10   10   8
0   -18   20
1   9   8
2   -9   6
3   3   7
4   -17   9
5   9   6
6   0   7
7   -1   6
8   15   6
9   24   6
10   24   7
11   27   6
12   17   6
13   33   6
14   40   6
15   38   6
16   -13   20
17   21   6
18   52   7
19   41   6
20   22   7
21   69   6
22   48   7
23   59   6
24   62   7
25   64   6
26   58   7
27   65   6
28   82   7
29   92   7
30   81   8
31   106   8
32   131   9
33   119   8
34   119   7
35   113   8
36   71   7
37   79   7
38   73   6
39   61   7
40   88   6
41   65   6
42   58   6
43   73   6
44   41   6
45   34   7
46   30   6
47   35   6
48   64   6
49   43   6
50   45   5
51   45   6
52   36   5
53   3   6
54   32   5
55   28   6
56   2   5
57   15   6
58   24   5
59   20   6
60   24   6
61   9   7
62   1   6
63   2   7
64   -8   6
65   13   7
66   -13   6
67   6   6
68   -22   6
69   -16   8
70   -14   6
71   4   6
72   -20   7
73   0   7
74   -25   6
75   -15   7
76   -14   6
77   -31   6
78   -42   6
79   -59   7
80   -29   6
81   -53   6
82   -36   6
83   -43   6
84   -62   6
85   -61   7
86   -53   6
87   -73   7
88   -59   6
89   -81   7
90   -84   7
91   -79   7
92   -64   6
93   -74   7
94   -60   6
95   -84   7
96   76   32
97   -73   7
98   -72   7
99   -68   6
100   -163   14
101   -71   7
102   -83   7
103   -61   6
104   -73   7
105   -47   6
106   -51   7
107   -54   6
108   -63   7
109   -47   6
110   -64   6
111   -54   6
112   -19   24
113   -27   6
114   -47   6
115   -57   6
116   -84   10
117   -42   6
118   -38   6
119   -46   6
120   -30   7
121   -8   6
122   -26   6
123   -7   6
124   -27   6
125   -6   6
126   -12   8
127   12   6
APV   19   10   10   9
0   -1   21
1   -2   8
2   18   6
3   2   7
4   -15   10
5   21   6
6   14   7
7   0   6
8   29   7
9   31   6
10   28   7
11   31   6
12   30   7
13   55   6
14   53   7
15   60   6
16   4   20
17   61   6
18   57   7
19   54   6
20   37   8
21   71   6
22   47   7
23   58   6
24   34   7
25   76   7
26   53   8
27   47   7
28   48   7
29   71   7
30   80   8
31   44   8
32   77   9
33   82   9
34   63   8
35   74   8
36   63   7
37   65   8
38   51   7
39   53   7
40   56   6
41   56   7
42   69   6
43   29   7
44   45   6
45   56   8
46   49   6
47   74   7
48   71   6
49   51   7
50   48   5
51   47   6
52   72   6
53   58   7
54   43   6
55   34   7
56   23   6
57   36   7
58   39   6
59   28   7
60   11   6
61   7   7
62   14   6
63   36   7
64   -4   7
65   3   7
66   -19   7
67   -25   6
68   -19   6
69   -16   9
70   -25   6
71   -44   8
72   -62   6
73   -36   6
74   -49   6
75   -30   9
76   -29   6
77   -46   6
78   -25   6
79   -40   7
80   -39   6
81   -33   6
82   -42   6
83   -46   6
84   -38   6
85   -60   7
86   -55   6
87   -68   7
88   -66   6
89   -56   7
90   -54   7
91   -70   7
92   -62   6
93   -61   7
94   -54   6
95   -68   6
96   121   34
97   -57   7
98   -68   7
99   -31   6
100   -151   15
101   -77   7
102   -85   7
103   -75   7
104   -53   7
105   -50   6
106   -59   7
107   -63   6
108   -55   7
109   -35   6
110   -29   7
111   -59   6
112   -24   25
113   -38   6
114   -54   6
115   -30   6
116   -107   10
117   -41   6
118   -51   6
119   -46   6
120   -26   10
121   -38   6
122   -27   6
123   -41   6
124   -10   6
125   -33   6
126   -27   8
127   -14   6
APV   19   10   10   10
0   10   21
1   29   9
2   26   6
3   18   7
4   -8   9
5   33   6
6   18   7
7   9   6
8   22   7
9   28   6
10   19   7
11   35   6
12   19   7
13   34   6
14   5   6
15   19   6
16   -19   20
17   0   6
18   18   7
19   0   6
20   -6   7
21   10   6
22   10   7
23   14   6
24   13   7
25   25   6
26   31   7
27   19   6
28   35   7
29   58   7
30   44   8
31   49   8
32   67   9
33   42   9
34   22   8
35   30   8
36   35   7
37   34   7
38   39   7
39   22   7
40   24   6
41   15   7
42   39   6
43   4   7
44   10   6
45   25   7
46   13   6
47   17   7
48   30   6
49   21   7
50   50   5
51   39   6
52   29   5
53   15   6
54   29   5
55   19   6
56   8   6
57   9   7
58   16   6
59   38   7
60   23   6
61   16   7
62   25   7
63   35   7
64   10   7
65   18   7
66   7   7
67   16   6
68   11   6
69   8   9
70   1   6
71   -30   9
72   -15   6
73   -32   6
74   -6   6
75   -20   11
76   -31   6
77   -32   6
78   -24   6
79   -34   7
80   -22   6
81   -29   6
82   -21   6
83   -33   6
84   -14   6
85   -35   7
86   -20   6
87   -33   7
88   -26   6
89   -37   6
90   -45   6
91   -33   7
92   -50   6
93   -16   7
94   -43   7
95   -34   7
96   80   31
97   -28   7
98   -32   7
99   -37   7
100   -134   14
101   -26   7
102   -58   7
103   -36   6
104   -49   7
105   -52   6
106   -34   7
107   -29   6
108   -31   7
109   -32   6
110   -20   7
111   -10   6
112   7   24
113   -47   6
114   -36   6
115   -36   6
116   -90   10
117   -14   6
118   -26   6
119   -7   6
120   -13   10
121   -23   6
122   -15   6
123   -3   6
124   8   6
125   3   6
126   6   8
127   -8   7
APV   19   10   10   11
0   -16   22
1   -14   9
2   17   7
3   4   8
4   -31   10
5   11   6
6   11   7
7   12   6
8   28   7
9   18   6
10   27   7
11   37   6
12   37   7
13   31   6
14   27   7
15   40   6
16   15   20
17   32   6
18   59   7
19   71   6
20   49   8
21   59   6
22   47   8
23   86   6
24   47   8
25   68   7
26   74   8
27   57   7
28   60   8
29   65   8
30   112   9
31   75   8
32   117   10
33   115   9
34   98   8
35   78   9
36   83   8
37   49   8
38   62   7
39   72   8
40   76   6
41   52   7
42   71   6
43   77   7
44   51   6
45   49   8
46   41   6
47   63   7
48   43   6
49   40   7
50   31   6
51   36   6
52   36   6
53   30   7
54   17   6
55   31   7
56   2   6
57   29   7
58   14   6
59   9   7
60   31   7
61   6   7
62   12   7
63   19   8
64   -8   8
65   -31   7
66   -10   7
67   8   7
68   -12   6
69   -16   9
70   -17   6
71   -22   9
72   -16   6
73   -37   6
74   -42   6
75   -40   8
76   -41   6
77   -47   6
78   -44   6
79   -67   8
80   -38   6
81   -57   6
82   -36   6
83   -34   7
84   -46   6
85   -56   7
86   -47   6
87   -66   7
88   -25   7
89   -53   7
90   -42   7
91   -61   7
92   -41   7
93   -49   7
94   -61   7
95   -44   7
96   107   33
97   -51   7
98   -35   7
99   -74   7
100   -179   15
101   -74   7
102   -48   7
103   -64   7
104   -71   7
105   -44   7
106   -63   7
107   -58   7
108   -75   8
109   -47   6
110   -59   7
111   -60   6
112   -43   25
113   -70   6
114   -39   7
115   -54   6
116   -108   10
117   -53   6
118   -56   6
119   -53   6
120   -41   9
121   -45   6
122   -23   6
123   -11   6
124   -26   7
125   -20   7
126   -2   8
127   -14   7
APV   19   10   10   12
0   -1   19
1   29   7
2   40   7
3   32   6
4   -8   8
5   18   5
6   29   6
7   21   5
8   21   8
9   35   5
10   15   6
11   29   6
12   27   6
13   21   6
14   20   6
15   36   9
16   -34   19
17   11   6
18   13   11
19   28   10
20   -12   7
21   -7   6
22   10   7
23   6   6
24   9   7
25   4   6
26   22   7
27   15   6
28   34   10
29   35   6
30   22   6
31   35   6
32   31   8
33   54   8
34   34   6
35   40   6
36   39   8
37   15   18
38   36   11
39   15   11
40   15   7
41   0   7
42   11   6
43   14   9
44   13   6
45   19   9
46   15   7
47   2   10
48   25   12
49   25   7
50   26   5
51   10   8
52   40   9
53   38   6
54   18   6
55   35   6
56   13   6
57   28   9
58   40   5
59   28   6
60   40   5
61   35   6
62   17   5
63   25   4
64   -19   5
65   -2   7
66   -9   5
67   -6   6
68   14   6
69   20   8
70   2   6
71   13   6
72   7   5
73   -1   14
74   10   11
75   0   7
76   -2   8
77   -7   6
78   -21   6
79   -15   8
80   -17   5
81   -19   6
82   -23   6
83   -24   6
84   -26   6
85   -36   6
86   -40   6
87   -57   7
88   -58   8
89   -61   6
90   -58   7
91   -54   7
92   -57   6
93   -59   7
94   -61   9
95   -34   7
96   45   30
97   -42   9
98   -48   12
99   -45   7
100   -137   13
101   -46   8
102   -35   9
103   -44   9
104   -62   6
105   -17   9
106   -46   9
107   -29   6
108   -20   7
109   -25   6
110   -26   7
111   -14   6
112   2   23
113   -15   6
114   -27   6
115   -13   6
116   -57   9
117   -14   6
118   14   8
119   0   6
120   -4   10
121   11   6
122   0   6
123   16   6
124   4   6
125   2   9
126   2   8
127   5   5
APV   19   10   10   13
0   36   18
1   27   7
2   31   6
3   14   7
4   -21   9
5   0   6
6   44   6
7   5   5
8   37   6
9   19   5
10   42   7
11   45   6
12   41   6
13   38   5
14   24   6
15   51   5
16   0   18
17   35   6
18   51   7
19   46   6
20   3   7
21   31   6
22   32   7
23   39   5
24   43   7
25   54   6
26   67   7
27   50   6
28   45   7
29   52   7
30   41   8
31   67   7
32   72   9
33   70   8
34   59   7
35   57   8
36   63   7
37   57   7
38   58   6
39   62   7
40   53   6
41   45   7
42   41   6
43   39   7
44   28   5
45   35   7
46   30   5
47   45   7
48   46   6
49   62   7
50   39   5
51   24   6
52   43   5
53   58   6
54   48   5
55   32   6
56   9   5
57   22   6
58   19   5
59   24   7
60   30   6
61   39   7
62   21   6
63   22   7
64   34   6
65   37   7
66   20   6
67   12   6
68   14   6
69   30   9
70   31   6
71   36   8
72   14   6
73   -2   6
74   -2   6
75   -11   10
76   -9   6
77   -28   6
78   -10   6
79   -47   7
80   -35   6
81   -39   6
82   -57   6
83   -64   6
84   -48   6
85   -68   7
86   -88   6
87   -85   6
88   -67   6
89   -79   6
90   -82   6
91   -83   6
92   -83   6
93   -99   6
94   -83   6
95   -96   6
96   15   29
97   -101   6
98   -106   6
99   -108   6
100   -186   13
101   -88   6
102   -96   6
103   -75   6
104   -107   6
105   -76   6
106   -80   6
107   -83   6
108   -70   7
109   -42   6
110   -52   6
111   -57   6
112   -17   22
113   -53   6
114   -34   6
115   -34   6
116   -70   9
117   -30   6
118   -3   6
119   0   6
120   -15   10
121   6   6
122   17   6
123   3   6
124   17   6
125   48   6
126   29   7
127   30   6
APV   19   10   10   14
0   -3   19
1   20   8
2   26   6
3   12   7
4   -7   9
5   42   6
6   51   7
7   37   6
8   30   7
9   47   6
10   37   7
11   32   6
12   45   7
13   50   6
14   52   7
15   52   6
16   -9   19
17   29   6
18   41   7
19   34   6
20   2   7
21   31   6
22   40   7
23   35   6
24   19   7
25   30   6
26   48   7
27   61   6
28   74   7
29   70   7
30   64   8
31   92   8
32   116   9
33   116   9
34   98   8
35   86   8
36   66   7
37   69   7
38   52   6
39   56   7
40   22   6
41   45   7
42   56   6
43   27   7
44   14   5
45   47   7
46   42   6
47   35   7
48   52   6
49   55   7
50   40   5
51   47   6
52   41   5
53   51   6
54   46   5
55   62   6
56   41   5
57   32   6
58   38   6
59   43   7
60   35   6
61   37   7
62   42   6
63   30   7
64   0   7
65   20   7
66   -13   7
67   -1   6
68   -26   6
69   -8   8
70   -23   6
71   -16   7
72   -26   6
73   -53   6
74   -44   6
75   -71   7
76   -63   6
77   -55   6
78   -51   6
79   -71   6
80   -44   5
81   -47   6
82   -55   6
83   -52   6
84   -54   6
85   -47   7
86   -42   6
87   -47   7
88   -64   6
89   -48   6
90   -49   6
91   -68   6
92   -42   6
93   -39   7
94   -41   6
95   -43   6
96   117   32
97   -18   7
98   -45   7
99   -35   7
100   -152   14
101   -75   7
102   -48   7
103   -55   6
104   -74   7
105   -49   6
106   -51   7
107   -46   6
108   -81   7
109   -50   6
110   -66   7
111   -39   6
112   -57   24
113   -73   6
114   -85   6
115   -72   6
116   -140   9
117   -53   6
118   -49   6
119   -52   6
120   -39   8
121   -39   6
122   -26   6
123   -29   6
124   -16   6
125   -20   6
126   -9   7
127   -17   6
APV   19   10   10   15
0   5   22
1   14   8
2   11   6
3   -11   7
4   -12   9
5   6   6
6   6   7
7   18   6
8   -12   6
9   21   6
10   18   7
11   16   6
12   13   6
13   16   6
14   41   6
15   20   5
16   -28   20
17   10   6
18   25   6
19   24   6
20   -3   7
21   12   6
22   24   7
23   21   6
24   45   7
25   36   6
26   45   7
27   59   6
28   49   7
29   52   7
30   61   8
31   73   7
32   105   9
33   76   8
34   77   8
35   70   8
36   49   7
37   45   7
38   47   6
39   54   7
40   45   6
41   34   7
42   16   6
43   29   6
44   26   5
45   23   7
46   36   6
47   23   6
48   18   6
49   26   6
50   13   5
51   17   6
52   29   5
53   13   6
54   7   6
55   28   6
56   -7   5
57   0   6
58   16   6
59   0   7
60   16   6
61   2   7
62   9   6
63   13   7
64   -19   7
65   3   7
66   -20   7
67   -4   6
68   -38   6
69   -12   8
70   -19   6
71   -15   6
72   -13   6
73   -14   6
74   -6   6
75   -6   7
76   -10   6
77   -32   6
78   -28   6
79   -10   8
80   -25   6
81   -22   6
82   -8   6
83   -31   6
84   -35   6
85   -43   7
86   -36   6
87   -37   7
88   -44   8
89   -43   7
90   -39   7
91   -56   7
92   -18   6
93   -57   7
94   -27   7
95   -37   7
96   95   32
97   -11   7
98   -30   7
99   -40   7
100   -160   14
101   -46   7
102   -51   7
103   -35   6
104   -44   7
105   -48   6
106   -44   7
107   -40   6
108   -48   7
109   -48   6
110   -37   7
111   -24   6
112   1   26
113   -28   6
114   -8   6
115   -20   6
116   -61   9
117   -14   6
118   -7   6
119   -6   6
120   -17   7
121   -7   6
122   -15   6
123   3   6
124   -13   6
125   -16   6
126   -8   7
127   0   6
APV   19   11   11   0
0   16   19
1   2   7
2   11   6
3   -9   6
4   0   8
5   18   6
6   28   6
7   30   6
8   19   7
9   35   6
10   35   7
11   33   6
12   57   7
13   45   6
14   41   7
15   44   6
16   14   17
17   45   6
18   49   7
19   30   7
20   26   8
21   63   6
22   61   8
23   54   6
24   50   8
25   56   7
26   57   8
27   65   7
28   70   8
29   62   8
30   80   9
31   47   8
32   77   11
33   80   9
34   85   8
35   75   9
36   69   7
37   51   8
38   52   7
39   46   8
40   60   6
41   38   7
42   57   6
43   50   7
44   49   11
45   52   8
46   58   9
47   61   7
48   68   6
49   68   7
50   72   6
51   45   7
52   48   6
53   33   7
54   36   6
55   37   6
56   35   6
57   35   6
58   11   6
59   8   6
60   17   6
61   2   7
62   13   6
63   5   6
64   -13   6
65   -24   7
66   -13   6
67   -1   7
68   -27   6
69   -23   10
70   -34   6
71   -40   9
72   -33   6
73   -34   6
74   -33   6
75   -33   8
76   -23   6
77   -31   6
78   -25   7
79   -28   8
80   -48   6
81   -56   6
82   -39   6
83   -32   7
84   -63   7
85   -44   7
86   -68   7
87   -42   7
88   -65   7
89   -54   7
90   -48   7
91   -66   7
92   -63   7
93   -38   7
94   -55   7
95   -56   7
96   72   28
97   -15   8
98   -67   7
99   -47   7
100   -163   14
101   -88   7
102   -59   7
103   -76   7
104   -75   8
105   -61   7
106   -49   7
107   -63   7
108   -44   8
109   -48   7
110   -49   7
111   -27   6
112   -27   23
113   -31   7
114   -44   6
115   -46   6
116   -91   10
117   -28   6
118   -47   6
119   -39   6
120   -54   10
121   -31   6
122   -41   6
123   -33   6
124   -22   7
125   -37   6
126   -23   8
127   -19   6
APV   19   11   11   1
0   14   19
1   -13   7
2   6   6
3   1   6
4   -25   8
5   0   6
6   10   7
7   3   6
8   14   7
9   25   6
10   30   7
11   35   6
12   42   6
13   15   6
14   20   6
15   20   6
16   9   16
17   30   6
18   1   6
19   1   6
20   -19   7
21   17   6
22   24   7
23   10   6
24   9   7
25   36   6
26   17   7
27   33   7
28   18   7
29   29   7
30   37   8
31   46   8
32   57   9
33   73   8
34   36   8
35   37   8
36   41   7
37   19   7
38   31   7
39   24   7
40   29   6
41   22   6
42   32   6
43   -8   6
44   18   6
45   39   7
46   38   6
47   19   6
48   34   6
49   44   6
50   27   5
51   6   6
52   45   5
53   25   6
54   15   5
55   13   6
56   23   5
57   17   6
58   34   5
59   24   6
60   20   5
61   2   6
62   0   9
63   26   6
64   -1   6
65   5   7
66   -9   6
67   -38   6
68   1   5
69   -9   8
70   -23   6
71   -20   6
72   -7   6
73   -14   6
74   -4   6
75   -17   7
76   -12   6
77   -6   6
78   -20   6
79   -19   8
80   -11   6
81   -12   6
82   -34   6
83   -25   6
84   -10   6
85   -34   7
86   -25   6
87   -31   7
88   -36   6
89   -44   7
90   -29   7
91   -19   7
92   -27   6
93   -25   7
94   -39   7
95   -10   7
96   83   28
97   -24   7
98   -52   7
99   -31   6
100   -111   13
101   -37   7
102   -36   7
103   -27   6
104   -33   7
105   -13   6
106   -8   7
107   -25   6
108   -43   7
109   -23   6
110   -11   6
111   -7   6
112   7   23
113   -24   6
114   -19   6
115   -12   6
116   -69   9
117   -27   6
118   -33   6
119   -25   6
120   -35   7
121   -16   6
122   -13   6
123   -8   6
124   -28   6
125   -18   6
126   -3   8
127   -28   6
APV   19   11   11   2
0   1   22
1   -31   6
2   3   7
3   -3   6
4   -27   9
5   -7   6
6   16   7
7   18   6
8   22   6
9   9   6
10   22   7
11   28   6
12   43   7
13   18   6
14   14   7
15   18   9
16   8   19
17   50   7
18   42   7
19   53   6
20   30   10
21   59   7
22   60   12
23   54   9
24   73   13
25   75   10
26   84   15
27   77   13
28   67   12
29   80   11
30   76   7
31   76   7
32   148   8
33   85   7
34   104   7
35   97   8
36   78   10
37   74   7
38   58   8
39   77   7
40   74   7
41   65   9
42   68   9
43   62   8
44   52   6
45   55   15
46   47   6
47   64   7
48   64   6
49   22   7
50   20   6
51   31   6
52   23   9
53   43   7
54   25   6
55   7   7
56   11   5
57   17   7
58   12   5
59   4   7
60   -9   6
61   9   7
62   3   6
63   5   6
64   -26   6
65   -12   7
66   -11   6
67   -29   6
68   -18   6
69   -21   10
70   -16   6
71   -2   10
72   -19   6
73   -43   6
74   -24   6
75   -23   10
76   -17   6
77   -28   6
78   -44   6
79   -30   9
80   -53   6
81   -66   6
82   -46   6
83   -51   7
84   -58   6
85   -45   7
86   -49   6
87   -36   7
88   -55   7
89   -44   7
90   -40   7
91   -59   7
92   -45   7
93   -56   7
94   -66   7
95   -70   7
96   78   30
97   -58   7
98   -68   7
99   -55   7
100   -157   15
101   -75   7
102   -64   7
103   -70   7
104   -60   7
105   -60   7
106   -66   7
107   -51   7
108   -71   7
109   -46   6
110   -35   7
111   -36   6
112   -23   25
113   -53   6
114   -42   7
115   -46   6
116   -103   10
117   -22   6
118   -36   6
119   -27   6
120   -16   11
121   -26   6
122   -12   7
123   -20   6
124   -13   7
125   -28   6
126   -10   8
127   -23   6
APV   19   11   11   3
0   -21   22
1   -5   6
2   -19   7
3   -20   6
4   -39   10
5   -6   6
6   -2   8
7   -8   6
8   -9   8
9   12   6
10   14   8
11   -1   6
12   25   8
13   16   6
14   31   7
15   22   6
16   17   19
17   42   6
18   34   8
19   24   6
20   21   9
21   41   7
22   60   8
23   57   6
24   48   8
25   51   7
26   71   8
27   84   6
28   67   5
29   85   8
30   77   9
31   78   6
32   125   6
33   84   6
34   95   6
35   87   6
36   84   6
37   73   6
38   60   6
39   84   6
40   66   6
41   59   6
42   40   6
43   51   5
44   41   6
45   65   6
46   37   6
47   61   7
48   32   6
49   30   7
50   37   5
51   34   7
52   28   5
53   11   7
54   15   5
55   9   7
56   15   5
57   15   7
58   0   5
59   7   7
60   2   5
61   16   7
62   18   5
63   12   7
64   -8   5
65   -1   8
66   -18   5
67   4   6
68   -22   5
69   -25   10
70   -35   5
71   -29   9
72   -22   5
73   -14   6
74   -51   5
75   -42   8
76   -53   5
77   -36   6
78   -29   6
79   -17   8
80   -32   5
81   -33   6
82   -31   6
83   -24   6
84   -44   6
85   -21   6
86   -25   6
87   -57   6
88   -50   6
89   -28   6
90   -35   6
91   -52   6
92   -20   6
93   -40   6
94   -25   6
95   -53   6
96   76   29
97   -38   6
98   -27   6
99   -57   6
100   -156   15
101   -79   6
102   -50   6
103   -59   6
104   -78   6
105   -52   5
106   -38   5
107   -58   6
108   -46   7
109   -41   6
110   -41   6
111   -35   6
112   -21   25
113   -57   6
114   -40   6
115   -40   6
116   -107   9
117   -29   6
118   -40   6
119   -39   6
120   -24   10
121   -19   6
122   -38   6
123   -10   6
124   -20   6
125   -13   6
126   8   6
127   3   6
APV   19   15   15   0
0   0   0
1   0   0
2   0   0
3   0   0
4   0   0
5   0   0
6   0   0
7   0   0
8   0   0
9   0   0
10   0   0
11   0   0
12   0   0
13   0   0
14   0   0
15   0   0
16   0   0
17   0   0
18   0   0
19   0   0
20   0   0
21   0   0
22   0   0
23   0   0
24   0   0
25   0   0
26   0   0
27   0   0
28   0   0
29   0   0
30   0   0
31   0   0
32   0   0
33   0   0
34   0   0
35   0   0
36   0   0
37   0   0
38   0   0
39   0   0
40   0   0
41   0   0
42   0   0
43   0   0
44   0   0
45   0   0
46   0   0
47   0   0
48   0   0
49   0   0
50   0   0
51   0   0
52   0   0
53   0   0
54   0   0
55   0   0
56   0   0
57   0   0
58   0   0
59   0   0
60   0   0
61   0   0
62   0   0
63   0   0
64   0   0
65   0   0
66   0   0
67   0   0
68   0   0
69   0   0
70   0   0
71   0   0
72   0   0
73   0   0
74   0   0
75   0   0
76   0   0
77   0   0
78   0   0
79   0   0
80   0   0
81   0   0
82   0   0
83   0   0
84   0   0
85   0   0
86   0   0
87   0   0
88   0   0
89   0   0
90   0   0
91   0   0
92   0   0
93   0   0
94   0   0
95   0   0
96   0   0
97   0   0
98   0   0
99   0   0
100   0   0
101   0   0
102   0   0
103   0   0
104   0   0
105   0   0
106   0   0
107   0   0
108   0   0
109   0   0
110   0   0
111   0   0
112   0   0
113   0   0
114   0   0
115   0   0
116   0   0
117   0   0
118   0   0
119   0   0
120   0   0
121   0   0
122   0   0
123   0   0
124   0   0
125   0   0
126   0   0
127   0   0
APV   19   15   15   1
0   -23   6
1   1   8
2   -1   6
3   -9   6
4   -15   6
5   -2   6
6   -42   6
7   -18   7
8   -32   6
9   -31   6
10   -41   6
11   -75   9
12   -26   6
13   -39   6
14   -38   6
15   -14   36
16   -17   6
17   -30   7
18   -48   6
19   -15   7
20   -29   6
21   -35   7
22   -51   6
23   -61   6
24   -39   6
25   -60   6
26   -43   6
27   -182   11
28   -47   6
29   -44   7
30   -17   6
31   99   41
32   -50   6
33   -46   6
34   -66   6
35   -51   6
36   -35   6
37   -50   6
38   -40   6
39   -44   6
40   -25   7
41   -21   6
42   -26   7
43   -19   6
44   -19   6
45   -21   6
46   -26   6
47   -20   6
48   -35   8
49   -27   6
50   -39   6
51   -37   6
52   -3   7
53   -44   6
54   -40   6
55   -9   6
56   -13   6
57   -23   6
58   -18   9
59   -11   6
60   -8   6
61   -29   7
62   12   7
63   -26   7
64   5   7
65   -1   7
66   -6   7
67   6   7
68   -12   7
69   22   6
70   12   6
71   -9   6
72   -1   6
73   27   6
74   26   7
75   10   6
76   13   6
77   39   6
78   23   6
79   31   6
80   41   6
81   63   6
82   44   7
83   56   6
84   43   6
85   51   6
86   71   7
87   51   6
88   54   7
89   58   6
90   71   7
91   36   7
92   82   7
93   82   7
94   98   8
95   111   8
96   87   7
97   66   8
98   53   7
99   49   7
100   66   6
101   48   7
102   61   6
103   54   7
104   49   6
105   52   7
106   64   6
107   -13   7
108   47   6
109   30   7
110   50   6
111   -9   32
112   12   6
113   41   7
114   -3   6
115   19   7
116   9   6
117   27   7
118   10   6
119   -9   7
120   -14   6
121   22   7
122   -13   6
123   -39   9
124   -8   7
125   -17   7
126   -28   8
127   -8   34
APV   19   15   15   2
0   -10   7
1   -4   8
2   -29   7
3   -14   7
4   0   7
5   -7   7
6   -23   7
7   -21   7
8   -26   6
9   -26   7
10   -29   6
11   -76   9
12   -5   6
13   -33   7
14   -25   6
15   0   36
16   -32   6
17   -33   7
18   -27   6
19   -44   8
20   -18   6
21   -41   7
22   -31   6
23   -42   7
24   -18   7
25   -46   7
26   -36   7
27   -162   11
28   -4   7
29   -1   7
30   3   7
31   157   41
32   -36   7
33   -10   7
34   -8   7
35   -29   7
36   -40   7
37   -16   7
38   -45   7
39   -46   7
40   -23   7
41   -30   6
42   -45   7
43   -21   6
44   -34   7
45   -28   6
46   -19   7
47   -33   6
48   -18   8
49   -28   6
50   -30   6
51   -7   6
52   -11   7
53   -33   6
54   -32   6
55   -12   6
56   1   7
57   -11   6
58   -4   9
59   -14   6
60   -15   6
61   0   7
62   -11   7
63   -17   8
64   6   8
65   3   7
66   0   8
67   -12   7
68   15   8
69   -5   6
70   -10   7
71   -10   6
72   12   7
73   11   6
74   22   7
75   16   6
76   -9   6
77   9   6
78   3   7
79   3   6
80   20   7
81   38   6
82   28   8
83   18   6
84   46   7
85   47   6
86   37   7
87   52   6
88   53   7
89   44   7
90   50   8
91   59   7
92   62   8
93   86   8
94   83   9
95   104   9
96   46   8
97   54   8
98   62   7
99   48   8
100   39   7
101   38   8
102   23   7
103   59   7
104   34   6
105   18   8
106   45   6
107   1   8
108   33   6
109   24   7
110   8   6
111   -12   32
112   -6   6
113   14   7
114   0   6
115   7   7
116   9   6
117   18   8
118   8   6
119   1   7
120   -4   7
121   8   8
122   6   7
123   -21   10
124   0   8
125   2   7
126   -11   9
127   -15   33
APV   19   15   15   3
0   12   8
1   28   9
2   -31   7
3   -2   7
4   -13   7
5   10   7
6   -19   7
7   -27   8
8   -15   7
9   -21   7
10   -18   7
11   -58   9
12   3   7
13   -13   7
14   -36   7
15   -4   36
16   -26   7
17   -13   8
18   -12   7
19   -16   8
20   -16   7
21   -51   7
22   -43   7
23   -65   7
24   -42   8
25   -44   8
26   -66   8
27   -184   12
28   -15   8
29   -32   8
30   -4   8
31   176   42
32   -32   8
33   -34   8
34   -26   8
35   -19   8
36   -36   8
37   -46   8
38   -51   8
39   -45   7
40   -35   7
41   -18   7
42   -42   8
43   -24   7
44   -23   7
45   -35   7
46   -19   7
47   13   7
48   4   8
49   -25   7
50   -7   7
51   -16   7
52   -7   8
53   -3   7
54   -4   7
55   5   6
56   -8   7
57   -24   7
58   -2   9
59   -16   7
60   -32   7
61   -4   8
62   8   8
63   6   8
64   -5   9
65   0   7
66   2   9
67   16   7
68   11   9
69   5   6
70   17   8
71   7   6
72   30   8
73   -1   6
74   0   8
75   16   6
76   19   8
77   16   6
78   27   8
79   30   7
80   15   8
81   26   7
82   20   9
83   35   7
84   38   8
85   22   7
86   50   8
87   45   7
88   49   9
89   41   8
90   31   9
91   53   8
92   41   9
93   47   9
94   73   10
95   74   11
96   37   13
97   35   13
98   51   13
99   57   13
100   43   13
101   54   12
102   3   12
103   50   9
104   39   7
105   22   9
106   30   7
107   4   9
108   32   7
109   17   8
110   9   7
111   -28   33
112   -8   6
113   11   7
114   -3   7
115   8   8
116   7   7
117   13   8
118   8   7
119   12   8
120   -11   7
121   6   8
122   -3   7
123   -26   10
124   -13   9
125   -4   7
126   -28   10
127   -16   34
APV   19   15   15   4
0   -32   7
1   -11   9
2   4   7
3   -23   7
4   -19   7
5   -1   7
6   -26   7
7   -31   8
8   -45   6
9   -29   7
10   -25   7
11   -66   9
12   -41   7
13   -67   7
14   -22   7
15   -20   31
16   -53   7
17   -68   7
18   -54   7
19   -61   8
20   -47   7
21   -51   7
22   -51   7
23   -70   7
24   -44   7
25   -69   7
26   -72   7
27   -195   11
28   -39   8
29   -49   8
30   -25   8
31   116   36
32   -49   8
33   -63   8
34   -55   7
35   -48   8
36   -60   7
37   -69   8
38   -99   7
39   -49   7
40   -70   8
41   -49   7
42   -82   8
43   -45   7
44   -54   7
45   -53   6
46   -53   7
47   -15   6
48   -23   8
49   -24   7
50   -33   7
51   -16   7
52   -10   7
53   -33   6
54   -22   7
55   2   6
56   -21   7
57   -31   7
58   2   10
59   0   7
60   -10   7
61   -22   7
62   -16   8
63   3   8
64   17   10
65   -5   7
66   18   10
67   5   7
68   14   9
69   11   6
70   13   8
71   25   6
72   15   9
73   19   6
74   21   9
75   38   6
76   20   8
77   57   6
78   38   9
79   48   7
80   49   9
81   33   8
82   43   10
83   65   13
84   46   11
85   77   12
86   53   12
87   46   12
88   44   12
89   83   12
90   63   12
91   55   12
92   103   11
93   87   11
94   88   11
95   124   13
96   95   12
97   79   12
98   36   12
99   51   10
100   46   9
101   52   10
102   89   11
103   55   9
104   42   7
105   55   9
106   67   7
107   30   9
108   42   7
109   30   9
110   46   7
111   31   27
112   16   7
113   19   8
114   30   7
115   35   8
116   33   7
117   25   9
118   29   7
119   7   9
120   32   7
121   43   9
122   -20   7
123   -33   11
124   3   8
125   0   8
126   -30   10
127   0   29
APV   19   15   15   5
0   -7   9
1   26   9
2   -8   8
3   -1   8
4   -17   8
5   -16   7
6   -23   7
7   -8   8
8   -12   7
9   -17   7
10   -27   7
11   -39   9
12   -23   7
13   -37   8
14   -40   7
15   -21   30
16   -19   7
17   -38   8
18   -45   7
19   -46   9
20   -75   7
21   -66   8
22   -58   7
23   -69   8
24   -70   8
25   -70   8
26   -62   8
27   -197   11
28   -84   8
29   -76   8
30   -72   8
31   98   35
32   -67   8
33   -83   8
34   -62   8
35   -67   8
36   -82   8
37   -64   8
38   -77   8
39   -55   8
40   -66   8
41   -47   7
42   -53   8
43   -52   7
44   -36   8
45   -42   7
46   -35   7
47   -33   7
48   -19   9
49   -40   7
50   -20   7
51   12   7
52   -19   8
53   -16   7
54   -20   7
55   -17   7
56   -6   8
57   -1   8
58   8   10
59   1   8
60   -3   8
61   -14   9
62   -5   9
63   -9   10
64   23   11
65   6   9
66   11   11
67   9   9
68   22   10
69   15   8
70   18   9
71   18   7
72   29   10
73   30   8
74   25   8
75   27   7
76   32   8
77   33   7
78   48   8
79   52   8
80   51   9
81   65   7
82   43   10
83   32   7
84   30   8
85   41   7
86   42   9
87   49   7
88   65   9
89   43   8
90   50   9
91   53   8
92   76   10
93   72   9
94   77   10
95   110   11
96   57   9
97   70   10
98   66   8
99   63   9
100   68   8
101   53   9
102   29   8
103   66   9
104   40   7
105   42   9
106   51   7
107   12   9
108   21   7
109   37   9
110   38   8
111   4   27
112   38   7
113   32   8
114   31   7
115   26   8
116   13   8
117   26   9
118   1   8
119   14   8
120   22   8
121   22   9
122   19   9
123   -6   12
124   14   11
125   21   8
126   22   13
127   -7   29
APV   19   15   15   6
0   -6   8
1   12   9
2   -15   8
3   7   7
4   -19   7
5   -33   7
6   -22   7
7   -39   8
8   -37   7
9   -51   7
10   -40   7
11   -74   9
12   -37   7
13   -36   8
14   -63   7
15   -34   28
16   -50   7
17   -53   8
18   -46   7
19   -56   8
20   -71   7
21   -61   8
22   -65   7
23   -91   7
24   -77   7
25   -79   8
26   -73   8
27   -199   11
28   -63   8
29   -60   8
30   -71   8
31   80   33
32   -69   8
33   -75   8
34   -88   7
35   -90   7
36   -92   7
37   -54   8
38   -79   8
39   -73   7
40   -54   8
41   -43   7
42   -65   8
43   -76   7
44   -63   7
45   -55   6
46   -46   7
47   -54   6
48   -27   9
49   -32   7
50   -29   7
51   -28   7
52   -40   8
53   -20   7
54   -29   7
55   -43   7
56   -34   7
57   -26   7
58   -23   9
59   -27   7
60   -18   7
61   7   8
62   -14   8
63   -27   9
64   -12   10
65   -10   9
66   -11   10
67   0   8
68   9   9
69   8   7
70   16   8
71   0   7
72   17   8
73   36   7
74   36   8
75   38   7
76   27   7
77   45   7
78   41   8
79   39   7
80   46   8
81   72   7
82   50   9
83   72   7
84   81   8
85   68   7
86   78   8
87   69   7
88   61   8
89   94   7
90   100   8
91   77   7
92   109   9
93   128   9
94   113   9
95   159   9
96   101   8
97   80   9
98   107   8
99   111   8
100   102   7
101   71   8
102   88   7
103   86   8
104   82   7
105   71   8
106   68   7
107   35   8
108   55   7
109   76   8
110   48   7
111   32   24
112   36   7
113   26   7
114   10   7
115   26   8
116   -7   7
117   26   8
118   36   7
119   23   8
120   8   7
121   14   8
122   -2   8
123   -15   10
124   -8   10
125   2   8
126   -27   12
127   -6   26
APV   19   15   15   7
0   -19   8
1   -6   9
2   -12   7
3   -12   8
4   -27   7
5   -6   7
6   -30   7
7   -29   8
8   -34   7
9   -17   7
10   -12   7
11   -64   9
12   -40   7
13   -31   7
14   -50   6
15   -26   27
16   -38   6
17   -54   7
18   -64   7
19   -65   8
20   -62   7
21   -59   7
22   -70   7
23   -74   7
24   -99   7
25   -61   7
26   -64   7
27   -193   10
28   -87   7
29   -91   8
30   -58   8
31   74   32
32   -84   7
33   -93   7
34   -94   7
35   -65   7
36   -75   7
37   -81   7
38   -77   7
39   -95   7
40   -79   7
41   -65   7
42   -69   8
43   -63   7
44   -53   7
45   -55   6
46   -51   7
47   -53   6
48   -42   8
49   -53   6
50   -35   7
51   -34   6
52   -13   8
53   -35   7
54   -30   7
55   -39   6
56   -23   8
57   -13   7
58   -5   9
59   0   7
60   -4   7
61   -8   8
62   -7   8
63   -21   9
64   27   10
65   -8   8
66   -5   9
67   11   8
68   5   9
69   -4   7
70   -16   8
71   5   7
72   12   8
73   41   7
74   29   8
75   18   6
76   47   7
77   42   6
78   45   8
79   46   7
80   73   8
81   39   7
82   84   8
83   66   7
84   62   8
85   59   7
86   66   8
87   56   7
88   102   8
89   96   7
90   89   8
91   99   8
92   109   9
93   124   8
94   121   9
95   161   9
96   117   8
97   98   9
98   92   8
99   103   8
100   87   7
101   98   8
102   61   7
103   70   8
104   53   7
105   81   8
106   62   7
107   63   8
108   50   7
109   79   8
110   46   7
111   2   23
112   38   7
113   30   7
114   59   7
115   25   7
116   19   7
117   8   8
118   1   7
119   4   8
120   5   7
121   -4   8
122   -2   8
123   -18   10
124   -5   9
125   14   8
126   -8   11
127   -18   25
APV   19   15   15   8
0   -22   9
1   8   10
2   -14   7
3   -14   8
4   -28   7
5   -26   8
6   -28   7
7   -17   9
8   -47   7
9   -40   7
10   -68   7
11   -78   9
12   -76   8
13   -45   10
14   -48   15
15   -44   31
16   -82   10
17   -81   11
18   -78   11
19   -97   10
20   -100   11
21   -69   10
22   -76   10
23   -105   10
24   -90   10
25   -77   10
26   -96   10
27   -197   12
28   -84   11
29   -44   35
30   -48   10
31   140   39
32   -71   12
33   -80   11
34   -77   10
35   -88   9
36   -95   9
37   -89   10
38   -74   10
39   -93   11
40   -81   10
41   -94   10
42   -84   10
43   -74   10
44   -49   10
45   -83   11
46   -58   8
47   -71   8
48   -47   9
49   -49   8
50   -53   7
51   -60   7
52   -40   9
53   -39   8
54   -36   7
55   -55   7
56   2   9
57   -24   7
58   -16   11
59   -14   7
60   3   8
61   8   7
62   0   9
63   1   7
64   22   10
65   8   7
66   17   10
67   1   7
68   24   10
69   39   7
70   36   9
71   23   7
72   39   9
73   52   7
74   42   9
75   49   7
76   67   9
77   56   7
78   57   9
79   62   7
80   68   9
81   60   7
82   67   10
83   56   7
84   69   9
85   70   8
86   69   9
87   74   8
88   90   10
89   68   10
90   61   11
91   79   12
92   102   11
93   110   11
94   108   12
95   134   11
96   102   12
97   61   11
98   88   10
99   90   10
100   77   8
101   81   9
102   70   8
103   70   9
104   87   6
105   88   9
106   90   12
107   54   9
108   64   7
109   60   9
110   46   7
111   12   27
112   27   7
113   68   8
114   40   7
115   50   9
116   41   7
117   45   9
118   35   7
119   17   9
120   41   7
121   21   8
122   30   7
123   -11   11
124   11   7
125   21   9
126   1   8
127   -6   28
APV   19   15   15   9
0   -16   8
1   -4   8
2   -10   8
3   -12   7
4   -10   7
5   -23   7
6   -13   7
7   -11   8
8   -24   7
9   0   7
10   -6   7
11   -64   9
12   21   7
13   -23   7
14   -8   7
15   1   30
16   -2   6
17   -19   7
18   -9   7
19   -23   8
20   11   7
21   -12   7
22   3   7
23   -14   7
24   2   7
25   0   7
26   -5   7
27   -105   12
28   33   8
29   24   8
30   22   8
31   255   38
32   18   7
33   17   8
34   1   7
35   7   7
36   -1   7
37   9   7
38   2   7
39   -7   7
40   -11   7
41   -1   7
42   0   8
43   2   7
44   -27   7
45   -44   6
46   -21   7
47   5   6
48   5   8
49   -18   7
50   -10   7
51   -7   6
52   -18   8
53   0   7
54   -9   7
55   8   7
56   -20   7
57   -7   7
58   -29   9
59   0   7
60   -26   7
61   -41   8
62   -17   8
63   -28   10
64   -6   10
65   -10   8
66   -9   10
67   -5   8
68   8   9
69   -11   7
70   -3   8
71   27   7
72   2   8
73   1   7
74   1   8
75   0   7
76   9   7
77   4   6
78   5   8
79   9   7
80   7   8
81   1   6
82   3   8
83   11   6
84   23   8
85   11   6
86   15   8
87   31   6
88   7   8
89   9   7
90   29   9
91   23   8
92   23   9
93   34   8
94   46   9
95   55   9
96   35   8
97   20   8
98   23   7
99   39   8
100   36   7
101   -1   8
102   25   7
103   -2   8
104   2   6
105   7   8
106   -6   6
107   -12   8
108   -9   7
109   -16   8
110   -1   7
111   -54   27
112   -8   7
113   -4   7
114   6   7
115   -3   7
116   13   7
117   2   8
118   5   7
119   2   8
120   -9   8
121   -13   8
122   -7   8
123   -26   11
124   -31   10
125   -1   8
126   -19   12
127   -32   28
APV   19   15   15   10
0   -5   9
1   -5   9
2   -20   8
3   2   8
4   -20   8
5   -8   7
6   -18   7
7   -20   10
8   -16   7
9   -11   8
10   -31   7
11   -80   9
12   -43   7
13   -54   8
14   -41   7
15   -21   31
16   -38   7
17   -48   8
18   -74   7
19   -49   9
20   -65   7
21   -70   8
22   -76   8
23   -73   8
24   -67   8
25   -77   8
26   -77   8
27   -194   11
28   -63   8
29   -65   8
30   -54   8
31   111   36
32   -64   8
33   -47   8
34   -63   8
35   -75   8
36   -87   8
37   -92   8
38   -85   8
39   -73   8
40   -74   8
41   -65   7
42   -67   8
43   -39   7
44   -42   8
45   -31   7
46   -35   8
47   -58   7
48   -44   9
49   -57   7
50   -47   7
51   -38   7
52   -18   9
53   -40   7
54   -22   8
55   -24   7
56   -6   9
57   -11   8
58   5   10
59   -2   8
60   1   8
61   -9   9
62   -7   8
63   -12   11
64   27   11
65   -1   10
66   18   10
67   -4   9
68   16   10
69   30   8
70   14   9
71   18   8
72   29   9
73   43   7
74   39   9
75   25   7
76   53   8
77   61   7
78   48   9
79   57   8
80   34   9
81   70   7
82   61   9
83   36   7
84   37   8
85   55   7
86   40   8
87   50   7
88   39   9
89   65   8
90   48   9
91   46   8
92   79   10
93   67   9
94   90   10
95   114   10
96   75   9
97   47   9
98   42   8
99   58   9
100   60   8
101   55   9
102   38   8
103   52   9
104   63   7
105   59   9
106   55   7
107   29   9
108   46   7
109   68   9
110   47   8
111   47   27
112   50   7
113   50   8
114   50   8
115   36   8
116   51   8
117   49   9
118   44   8
119   23   8
120   32   9
121   31   9
122   19   9
123   -12   12
124   8   11
125   17   8
126   7   14
127   4   28
APV   19   15   15   11
0   -25   8
1   -7   9
2   -19   8
3   -22   8
4   -33   7
5   -17   7
6   -44   7
7   -6   9
8   -24   7
9   -17   7
10   -33   7
11   -64   9
12   -18   7
13   -28   7
14   -25   7
15   -28   29
16   -34   7
17   -33   8
18   -24   7
19   -51   8
20   -23   7
21   -33   8
22   -18   7
23   -49   8
24   -26   8
25   -50   8
26   -30   8
27   -157   11
28   -15   8
29   -8   8
30   0   8
31   165   34
32   0   8
33   -12   8
34   -17   8
35   -43   8
36   -24   8
37   -43   8
38   -37   8
39   -32   8
40   -33   8
41   -34   7
42   -36   8
43   -49   7
44   -23   7
45   -15   7
46   -26   7
47   -33   7
48   -38   9
49   -48   7
50   -30   7
51   -21   7
52   -46   8
53   -22   7
54   -21   7
55   -17   7
56   0   8
57   -14   7
58   -10   10
59   -14   7
60   -29   7
61   -15   9
62   -15   8
63   -7   10
64   -13   10
65   0   9
66   -13   9
67   -15   8
68   -13   9
69   3   7
70   14   8
71   18   7
72   7   8
73   20   7
74   30   8
75   20   7
76   4   7
77   32   7
78   17   8
79   41   7
80   27   8
81   16   7
82   31   9
83   29   7
84   35   8
85   28   7
86   33   8
87   37   7
88   28   8
89   75   8
90   43   9
91   38   8
92   76   9
93   63   9
94   93   10
95   119   10
96   71   9
97   61   9
98   69   8
99   31   8
100   52   8
101   75   9
102   42   7
103   51   8
104   37   7
105   29   8
106   34   7
107   21   8
108   24   7
109   24   8
110   10   7
111   -16   26
112   26   7
113   12   7
114   14   7
115   22   7
116   0   7
117   25   8
118   18   7
119   16   8
120   1   8
121   3   8
122   4   8
123   -32   10
124   1   10
125   -15   7
126   -10   12
127   -13   27
APV   19   15   15   12
0   -23   9
1   -27   9
2   -18   8
3   -45   8
4   -11   8
5   -40   7
6   -8   8
7   18   9
8   -40   7
9   -1   7
10   -23   7
11   -66   10
12   -19   7
13   -43   8
14   -26   7
15   -4   36
16   -34   7
17   -46   8
18   -24   7
19   -47   9
20   -41   7
21   -52   8
22   -51   8
23   -36   8
24   -78   8
25   -31   8
26   -35   8
27   -185   13
28   -17   9
29   -38   9
30   -19   9
31   153   42
32   -45   8
33   -45   8
34   -46   8
35   -36   8
36   -47   8
37   -41   8
38   -56   8
39   -49   8
40   -33   8
41   -17   8
42   -18   8
43   -19   7
44   -23   8
45   -11   7
46   -39   8
47   -14   7
48   -27   9
49   -24   7
50   -23   7
51   -12   7
52   8   8
53   -37   7
54   -24   7
55   -16   7
56   0   8
57   -25   8
58   -21   10
59   -5   8
60   7   8
61   -11   9
62   -28   8
63   -3   11
64   -2   11
65   -27   9
66   -5   10
67   16   9
68   -15   10
69   -16   8
70   -25   9
71   8   7
72   -5   8
73   -6   7
74   23   8
75   24   7
76   0   8
77   13   7
78   46   8
79   31   8
80   36   9
81   28   7
82   47   9
83   46   7
84   34   8
85   50   7
86   75   8
87   39   7
88   60   9
89   78   8
90   85   9
91   61   8
92   83   9
93   91   9
94   109   10
95   132   10
96   67   9
97   66   9
98   71   8
99   51   9
100   61   8
101   62   9
102   67   8
103   50   9
104   45   7
105   41   8
106   53   7
107   10   9
108   13   7
109   39   8
110   17   8
111   -2   32
112   20   7
113   22   8
114   10   8
115   13   8
116   14   8
117   0   9
118   -11   8
119   -2   8
120   -5   8
121   11   9
122   -25   9
123   -44   12
124   2   11
125   -15   8
126   -38   13
127   -26   34
APV   19   15   15   13
0   -26   9
1   -15   9
2   -22   8
3   -16   8
4   0   7
5   -6   8
6   -24   7
7   -29   8
8   -28   7
9   -40   8
10   -28   7
11   -85   10
12   -41   7
13   -34   8
14   -34   7
15   -26   37
16   -23   7
17   -26   8
18   -39   7
19   -52   9
20   -40   8
21   -31   8
22   -41   8
23   -49   8
24   -35   8
25   -56   8
26   -35   8
27   -201   13
28   -47   9
29   -57   8
30   -52   9
31   118   43
32   -40   8
33   -55   9
34   -5   8
35   -52   8
36   -44   8
37   -49   8
38   -43   8
39   -55   8
40   -27   8
41   -42   7
42   -43   8
43   -27   7
44   -21   8
45   -24   7
46   -38   8
47   -17   7
48   -41   9
49   -54   7
50   -33   7
51   -13   7
52   -18   8
53   -19   7
54   -34   8
55   -11   7
56   0   8
57   -16   8
58   -7   10
59   -14   7
60   -5   8
61   -30   9
62   -16   9
63   -14   11
64   -14   11
65   -8   9
66   -26   10
67   0   9
68   -4   9
69   11   8
70   -4   9
71   -5   7
72   -5   8
73   3   7
74   7   8
75   -2   7
76   2   8
77   10   7
78   23   8
79   15   8
80   36   9
81   48   7
82   35   9
83   39   7
84   43   8
85   44   7
86   73   8
87   63   7
88   90   9
89   81   8
90   80   9
91   89   8
92   104   9
93   104   9
94   115   10
95   136   10
96   99   9
97   92   9
98   93   8
99   67   9
100   67   8
101   76   9
102   64   8
103   51   8
104   63   7
105   43   8
106   43   7
107   7   9
108   26   7
109   43   8
110   27   8
111   -6   34
112   10   7
113   29   8
114   1   8
115   4   8
116   11   8
117   0   9
118   18   8
119   0   8
120   14   9
121   1   8
122   -17   9
123   -23   11
124   -8   11
125   3   8
126   -22   14
127   -15   35
APV   19   15   15   14
0   -5   8
1   1   8
2   -7   8
3   -14   8
4   -11   7
5   12   7
6   4   7
7   -19   8
8   -9   7
9   -5   7
10   -23   7
11   -62   10
12   -27   7
13   -18   8
14   -27   7
15   -2   34
16   -29   7
17   -37   8
18   -20   7
19   -62   8
20   -40   7
21   -41   8
22   -44   7
23   -58   7
24   -35   8
25   -42   8
26   -52   8
27   -186   12
28   -35   8
29   -11   8
30   -40   8
31   173   40
32   -30   8
33   -28   8
34   -56   8
35   -22   8
36   -43   8
37   -42   8
38   -19   8
39   -21   7
40   -29   7
41   -51   7
42   -48   8
43   -47   7
44   -38   7
45   -34   7
46   -38   7
47   -23   6
48   -17   9
49   -13   7
50   -18   7
51   -16   6
52   -10   8
53   -15   7
54   -5   7
55   -7   7
56   0   8
57   -5   7
58   -10   9
59   2   7
60   28   7
61   -10   9
62   -3   8
63   0   11
64   6   11
65   20   9
66   13   10
67   22   8
68   0   9
69   1   7
70   0   8
71   7   7
72   28   8
73   25   7
74   10   8
75   21   7
76   38   7
77   2   7
78   41   8
79   27   7
80   23   8
81   30   7
82   25   9
83   39   7
84   28   8
85   8   7
86   16   8
87   30   7
88   28   8
89   44   7
90   21   8
91   27   8
92   54   9
93   47   8
94   78   9
95   98   9
96   51   8
97   67   9
98   30   8
99   31   8
100   38   7
101   38   8
102   1   7
103   19   8
104   26   7
105   27   8
106   46   7
107   -11   8
108   9   7
109   14   8
110   28   8
111   -19   30
112   34   7
113   17   7
114   41   7
115   -12   7
116   4   8
117   18   8
118   14   8
119   5   8
120   16   8
121   27   8
122   20   9
123   0   11
124   -2   11
125   7   8
126   4   13
127   -13   32
APV   19   15   15   15
0   -8   9
1   -34   9
2   -20   8
3   -30   8
4   -14   8
5   -29   7
6   -51   7
7   -35   9
8   -45   7
9   -33   7
10   -51   7
11   -71   9
12   -50   7
13   -48   8
14   -55   7
15   -49   30
16   -50   7
17   -58   9
18   -59   7
19   -55   9
20   -67   8
21   -47   8
22   -55   8
23   -53   8
24   -57   8
25   -56   8
26   -40   8
27   -144   11
28   -36   9
29   -2   9
30   -45   9
31   114   35
32   -39   8
33   -62   9
34   -48   8
35   -45   9
36   -53   8
37   -39   8
38   -67   8
39   -57   8
40   -56   8
41   -74   7
42   -54   8
43   -40   7
44   -31   8
45   -32   7
46   -64   8
47   -66   7
48   -48   8
49   -52   7
50   -45   7
51   -54   7
52   -61   8
53   -54   7
54   -32   7
55   -50   7
56   -24   8
57   -42   8
58   -30   9
59   -49   7
60   -19   7
61   -50   9
62   0   8
63   -23   11
64   -15   13
65   0   10
66   -24   11
67   -26   9
68   0   10
69   -4   8
70   20   9
71   2   7
72   22   9
73   -2   7
74   -4   9
75   4   7
76   31   8
77   44   7
78   23   9
79   25   7
80   33   9
81   43   7
82   46   10
83   47   7
84   71   8
85   77   7
86   95   8
87   97   7
88   101   9
89   102   8
90   100   9
91   85   8
92   138   9
93   119   9
94   121   10
95   156   10
96   126   9
97   117   9
98   100   8
99   101   9
100   102   8
101   93   9
102   86   8
103   83   9
104   71   7
105   79   8
106   78   7
107   49   9
108   49   7
109   50   9
110   56   8
111   6   28
112   30   7
113   11   8
114   30   7
115   -3   9
116   20   8
117   -3   10
118   0   8
119   14   9
120   7   9
121   2   9
122   -28   9
123   8   13
124   -20   12
125   -12   9
126   -5   15
127   -21   28
APV   19   16   16   0
0   -27   8
1   -47   8
2   -38   7
3   -41   7
4   -22   7
5   -49   7
6   -33   7
7   -28   8
8   -51   7
9   -32   7
10   -52   7
11   -75   8
12   -33   7
13   -65   7
14   -61   7
15   -44   28
16   -83   6
17   -82   7
18   -55   7
19   -83   8
20   -78   7
21   -87   7
22   -82   7
23   -55   7
24   -75   7
25   -53   8
26   -64   8
27   -166   10
28   -31   8
29   -72   8
30   -44   8
31   69   33
32   -78   8
33   -71   8
34   -55   8
35   -77   8
36   -82   7
37   -70   7
38   -82   7
39   -89   7
40   -74   7
41   -60   7
42   -86   8
43   -64   7
44   -59   7
45   -54   6
46   -65   7
47   -67   6
48   -64   8
49   -70   7
50   -59   7
51   -64   7
52   -20   8
53   -53   7
54   -59   7
55   -22   6
56   -28   7
57   -39   7
58   -50   9
59   -23   7
60   -20   7
61   -16   8
62   -14   8
63   -26   10
64   35   10
65   -5   8
66   11   10
67   8   8
68   17   9
69   1   7
70   -2   8
71   22   7
72   17   8
73   24   7
74   59   8
75   45   7
76   35   7
77   56   6
78   65   8
79   50   7
80   80   8
81   42   7
82   61   8
83   57   6
84   80   8
85   84   7
86   85   8
87   82   7
88   94   8
89   83   7
90   99   8
91   108   8
92   97   9
93   136   8
94   143   9
95   169   9
96   100   8
97   113   9
98   97   7
99   103   8
100   92   7
101   95   8
102   92   7
103   69   8
104   100   6
105   95   8
106   87   7
107   48   8
108   72   7
109   61   7
110   45   7
111   -9   27
112   53   7
113   45   7
114   31   7
115   50   7
116   40   7
117   26   8
118   9   7
119   11   8
120   17   7
121   29   8
122   16   8
123   -11   10
124   8   10
125   6   8
126   -13   12
127   -13   26
APV   19   16   16   1
0   -4   9
1   0   9
2   -17   8
3   -28   8
4   -26   7
5   -24   7
6   -43   7
7   -14   8
8   -39   7
9   -37   7
10   -39   7
11   -77   9
12   -36   7
13   -59   8
14   -35   7
15   -40   30
16   -69   7
17   -57   8
18   -53   7
19   -62   8
20   -58   7
21   -73   8
22   -67   7
23   -56   8
24   -60   8
25   -69   8
26   -77   8
27   -166   11
28   -38   8
29   -38   8
30   -37   8
31   82   34
32   -60   8
33   -47   8
34   -74   8
35   -44   8
36   -74   8
37   -63   8
38   -61   8
39   -63   7
40   -78   8
41   -55   7
42   -87   8
43   -61   7
44   -70   8
45   -60   7
46   -34   7
47   -41   7
48   -39   9
49   -50   7
50   -36   7
51   -47   7
52   -36   8
53   -34   7
54   -17   7
55   -43   7
56   -24   8
57   -10   8
58   -22   10
59   -12   8
60   2   8
61   0   9
62   2   9
63   3   11
64   -1   10
65   12   9
66   19   10
67   1   9
68   11   9
69   25   7
70   11   8
71   10   7
72   16   8
73   39   7
74   33   8
75   22   7
76   33   7
77   44   7
78   37   8
79   54   7
80   56   8
81   33   7
82   33   9
83   52   7
84   50   8
85   51   7
86   66   8
87   65   7
88   88   9
89   86   8
90   72   9
91   88   8
92   88   9
93   115   9
94   112   10
95   122   10
96   86   9
97   79   9
98   106   8
99   88   9
100   71   8
101   76   9
102   72   8
103   49   8
104   73   7
105   50   8
106   45   7
107   44   9
108   50   7
109   28   8
110   26   7
111   -14   27
112   29   7
113   34   7
114   43   7
115   49   8
116   24   8
117   25   9
118   13   7
119   11   8
120   8   8
121   15   8
122   24   8
123   -10   11
124   13   10
125   10   8
126   -2   13
127   -8   28
APV   19   16   16   2
0   -24   9
1   -28   11
2   -26   10
3   -8   7
4   -32   7
5   -31   7
6   -35   8
7   -24   8
8   -23   7
9   -36   6
10   -49   11
11   -68   8
12   -41   7
13   -50   7
14   -43   7
15   -53   29
16   -60   6
17   -59   7
18   -57   6
19   -73   7
20   -70   6
21   -83   7
22   -91   6
23   -84   7
24   -76   6
25   -91   6
26   -71   6
27   -175   8
28   -79   6
29   -65   6
30   -63   6
31   65   33
32   -81   6
33   -56   6
34   -65   6
35   -68   6
36   -69   6
37   -78   6
38   -96   6
39   -92   6
40   -64   6
41   -74   6
42   -85   7
43   -58   7
44   -49   7
45   -53   7
46   -51   7
47   -68   6
48   -24   8
49   -33   7
50   -39   7
51   -41   7
52   -43   8
53   -24   7
54   -43   7
55   -26   7
56   -22   8
57   -25   8
58   -6   9
59   -9   8
60   -15   7
61   -13   8
62   -20   11
63   -34   9
64   20   12
65   -31   8
66   0   12
67   0   7
68   -3   12
69   14   8
70   7   8
71   18   9
72   18   9
73   15   9
74   29   11
75   8   8
76   15   10
77   24   8
78   28   11
79   55   9
80   52   10
81   50   8
82   64   11
83   81   8
84   74   10
85   90   9
86   85   9
87   94   8
88   108   9
89   93   9
90   103   11
91   83   10
92   127   11
93   144   11
94   160   11
95   194   11
96   132   10
97   125   10
98   80   10
99   122   10
100   92   9
101   120   11
102   86   9
103   88   11
104   93   8
105   82   9
106   64   8
107   65   10
108   55   8
109   58   10
110   59   8
111   11   29
112   20   8
113   42   10
114   29   8
115   31   10
116   7   8
117   3   11
118   13   7
119   12   11
120   17   8
121   16   8
122   0   8
123   -17   7
124   -16   8
125   -15   11
126   -34   8
127   -23   29
APV   19   16   16   3
0   10   9
1   -5   9
2   -28   8
3   -20   8
4   -12   8
5   -31   7
6   -17   7
7   -10   10
8   -58   7
9   -41   7
10   -54   7
11   -65   9
12   -33   7
13   -48   8
14   -48   7
15   -17   29
16   -42   7
17   -76   8
18   -53   7
19   -67   9
20   -70   8
21   -56   8
22   -49   8
23   -59   8
24   -76   8
25   -52   8
26   -59   8
27   -155   10
28   -38   9
29   -36   9
30   -42   9
31   79   33
32   -49   15
33   -61   9
34   -61   8
35   -57   8
36   -64   8
37   -60   8
38   -61   8
39   -75   8
40   -57   8
41   -56   7
42   -53   9
43   -58   7
44   -48   8
45   -45   7
46   -39   8
47   -74   7
48   -27   9
49   -48   7
50   -33   8
51   -29   7
52   -26   9
53   -30   7
54   -35   8
55   -23   7
56   -6   9
57   -17   8
58   -29   11
59   -1   8
60   -13   8
61   4   10
62   -16   9
63   -2   12
64   -6   12
65   -18   11
66   -5   12
67   0   10
68   11   11
69   2   10
70   20   10
71   27   8
72   30   9
73   16   7
74   31   9
75   27   7
76   25   9
77   35   7
78   63   10
79   47   8
80   27   10
81   41   7
82   50   10
83   46   7
84   61   9
85   63   7
86   59   9
87   62   7
88   74   9
89   68   8
90   63   9
91   84   8
92   96   10
93   109   9
94   117   10
95   139   10
96   85   9
97   78   10
98   93   8
99   66   9
100   70   8
101   70   9
102   70   8
103   43   9
104   60   7
105   67   9
106   42   7
107   33   9
108   51   7
109   36   10
110   25   19
111   -14   29
112   56   7
113   44   9
114   37   8
115   21   9
116   35   8
117   10   10
118   18   8
119   29   10
120   16   9
121   28   10
122   -4   9
123   -21   13
124   1   12
125   3   9
126   -14   14
127   -16   28
APV   19   16   16   4
0   -30   9
1   -44   9
2   -21   8
3   -35   8
4   -31   8
5   -33   7
6   -20   8
7   -45   10
8   -15   8
9   -34   7
10   0   8
11   -58   9
12   -4   8
13   -29   8
14   -43   8
15   -9   28
16   -36   7
17   -29   8
18   -17   7
19   -47   9
20   -33   8
21   -50   8
22   -36   8
23   -48   8
24   -24   8
25   -42   8
26   -21   9
27   -113   13
28   -20   9
29   -50   9
30   -30   9
31   85   32
32   -54   8
33   -43   9
34   -19   8
35   -47   8
36   -26   8
37   -55   8
38   -35   8
39   -35   8
40   -55   8
41   -35   8
42   -19   9
43   -19   8
44   -62   8
45   -20   7
46   -27   8
47   -14   7
48   -31   9
49   -23   7
50   -25   7
51   -30   7
52   -25   10
53   -39   7
54   -20   8
55   -42   7
56   -31   10
57   -34   8
58   -19   11
59   -18   8
60   -16   8
61   -31   9
62   -10   9
63   -22   11
64   -3   10
65   -14   9
66   8   10
67   0   9
68   18   10
69   8   8
70   14   9
71   4   8
72   12   8
73   1   7
74   31   8
75   32   7
76   33   8
77   44   7
78   32   9
79   33   8
80   38   9
81   26   7
82   35   9
83   37   7
84   28   8
85   51   7
86   45   9
87   34   7
88   43   9
89   71   8
90   63   9
91   66   8
92   77   10
93   82   9
94   96   10
95   114   11
96   70   9
97   68   10
98   69   8
99   58   9
100   57   8
101   46   9
102   51   8
103   35   9
104   45   7
105   25   9
106   39   7
107   12   9
108   37   7
109   30   9
110   17   8
111   -12   26
112   47   7
113   17   8
114   18   7
115   12   8
116   33   8
117   17   9
118   24   8
119   4   9
120   -3   8
121   0   8
122   -3   8
123   -3   11
124   -4   11
125   10   8
126   -8   13
127   -23   26
APV   19   16   16   5
0   17   8
1   21   9
2   17   8
3   -3   8
4   14   7
5   6   7
6   0   7
7   -1   8
8   -8   7
9   -6   7
10   -16   7
11   -42   9
12   -39   7
13   -40   8
14   -39   7
15   -11   27
16   -33   7
17   -43   8
18   -45   7
19   -58   9
20   -47   8
21   -64   8
22   -54   8
23   -63   8
24   -66   8
25   -71   8
26   -72   9
27   -162   13
28   -61   12
29   -60   12
30   -68   9
31   32   32
32   -57   11
33   -57   9
34   -60   11
35   -67   8
36   -55   8
37   -74   8
38   -76   8
39   -76   8
40   -60   8
41   -38   7
42   -40   8
43   -48   7
44   -53   8
45   -31   7
46   -35   8
47   -47   7
48   -35   9
49   -21   7
50   -27   7
51   -32   7
52   -6   8
53   -5   7
54   -6   7
55   -29   7
56   -3   8
57   17   7
58   15   11
59   -1   7
60   17   8
61   18   8
62   -18   8
63   11   9
64   25   10
65   18   8
66   19   9
67   42   8
68   33   9
69   18   7
70   27   9
71   35   7
72   22   8
73   37   7
74   9   8
75   28   7
76   28   8
77   42   7
78   45   8
79   51   7
80   43   8
81   34   7
82   30   9
83   40   7
84   25   8
85   9   7
86   28   9
87   10   7
88   37   9
89   29   8
90   35   9
91   37   8
92   69   10
93   72   10
94   57   11
95   64   11
96   68   9
97   37   10
98   40   9
99   45   13
100   40   13
101   32   9
102   49   8
103   22   9
104   25   7
105   15   9
106   30   7
107   11   9
108   23   7
109   26   8
110   11   7
111   -12   24
112   33   7
113   39   8
114   31   7
115   20   8
116   34   7
117   38   9
118   21   7
119   30   8
120   36   7
121   28   9
122   34   8
123   23   11
124   24   9
125   33   8
126   40   11
127   9   25
APV   19   16   16   6
0   -15   8
1   -3   9
2   -7   7
3   4   7
4   13   7
5   14   7
6   -32   7
7   -6   9
8   -9   7
9   -12   7
10   -26   7
11   -21   8
12   -26   7
13   -26   7
14   -44   7
15   3   27
16   -31   7
17   -75   8
18   -44   7
19   -49   8
20   -50   7
21   -46   8
22   -36   8
23   -54   7
24   -43   8
25   -57   8
26   -68   8
27   -170   9
28   -58   8
29   -46   8
30   -32   8
31   45   31
32   -31   12
33   -52   12
34   -42   12
35   -48   12
36   -52   12
37   -50   12
38   -70   12
39   -51   12
40   -52   12
41   -48   12
42   -61   12
43   -55   12
44   -41   12
45   -53   7
46   -36   7
47   -40   7
48   -40   8
49   -25   7
50   -7   7
51   -21   7
52   -5   8
53   -10   7
54   -15   6
55   3   7
56   9   8
57   -14   7
58   -16   10
59   -14   7
60   -11   7
61   -12   8
62   14   8
63   -7   9
64   32   10
65   6   8
66   12   10
67   25   8
68   -1   10
69   25   7
70   6   9
71   23   7
72   14   8
73   34   6
74   39   8
75   28   6
76   24   8
77   45   6
78   35   9
79   28   7
80   16   9
81   29   6
82   32   9
83   26   6
84   26   8
85   40   7
86   36   8
87   31   7
88   37   9
89   34   7
90   43   9
91   32   8
92   69   9
93   47   9
94   91   10
95   111   10
96   50   8
97   37   9
98   58   8
99   38   9
100   54   7
101   53   9
102   67   7
103   24   9
104   31   6
105   63   8
106   38   6
107   9   9
108   35   6
109   31   9
110   28   7
111   -4   25
112   41   6
113   49   8
114   24   6
115   13   8
116   23   7
117   38   9
118   15   7
119   5   8
120   30   7
121   12   9
122   -9   7
123   -2   11
124   24   9
125   22   8
126   -2   11
127   -11   25
APV   19   16   16   7
0   -17   8
1   -9   8
2   -29   8
3   -46   7
4   -17   7
5   0   7
6   -12   7
7   2   9
8   -27   7
9   -7   7
10   -14   7
11   -42   9
12   -16   7
13   -10   8
14   -23   7
15   -10   28
16   -39   7
17   -53   8
18   -45   7
19   -68   8
20   -47   7
21   -44   7
22   -46   7
23   -53   7
24   -53   7
25   -73   7
26   -64   7
27   -149   9
28   -53   8
29   -51   7
30   -41   8
31   78   32
32   -52   7
33   -66   8
34   -45   7
35   -66   7
36   -62   7
37   -61   7
38   -60   7
39   -69   7
40   -58   7
41   -59   7
42   -41   8
43   -39   7
44   -36   8
45   -35   6
46   -52   7
47   -48   6
48   -42   8
49   -19   7
50   -20   7
51   -22   7
52   -21   8
53   -16   7
54   -28   7
55   -14   7
56   -10   9
57   -9   8
58   -7   10
59   -16   7
60   -15   7
61   -15   9
62   -11   8
63   -40   10
64   -25   10
65   -48   9
66   -43   9
67   -36   8
68   -32   9
69   -6   7
70   -19   8
71   -33   7
72   24   8
73   -7   7
74   11   8
75   15   7
76   55   7
77   23   6
78   44   8
79   45   7
80   56   8
81   70   7
82   83   9
83   38   7
84   55   8
85   80   7
86   77   8
87   87   7
88   81   8
89   87   7
90   73   8
91   104   7
92   104   9
93   90   8
94   105   9
95   149   10
96   111   8
97   90   9
98   103   8
99   99   9
100   70   7
101   99   9
102   78   7
103   82   8
104   55   6
105   91   8
106   58   7
107   54   8
108   49   7
109   65   8
110   53   7
111   11   26
112   40   7
113   9   7
114   28   7
115   11   8
116   14   7
117   -5   8
118   0   7
119   -23   8
120   -13   8
121   -44   8
122   -31   8
123   -48   10
124   -36   10
125   -23   8
126   -69   12
127   -36   26
APV   19   16   16   8
0   2   8
1   7   9
2   -5   8
3   -16   7
4   -40   7
5   -15   7
6   -35   7
7   -28   10
8   -32   7
9   -57   7
10   -43   7
11   -76   8
12   -50   7
13   -26   8
14   -44   7
15   -37   27
16   -71   7
17   -89   8
18   -88   7
19   -103   8
20   -97   7
21   -115   8
22   -99   7
23   -101   8
24   -87   7
25   -104   7
26   -77   8
27   -175   9
28   -86   8
29   -63   8
30   -90   8
31   26   31
32   -78   8
33   -87   8
34   -75   8
35   -79   7
36   -99   7
37   -106   7
38   -97   8
39   -94   7
40   -89   8
41   -92   7
42   -89   8
43   -78   7
44   -63   8
45   -76   7
46   -46   7
47   -47   7
48   -28   8
49   -35   7
50   -23   7
51   -38   7
52   -46   8
53   -40   7
54   -18   7
55   -23   7
56   -14   9
57   -20   7
58   -16   10
59   -20   7
60   -9   7
61   12   8
62   10   8
63   6   10
64   27   10
65   29   9
66   37   10
67   35   8
68   53   9
69   42   7
70   64   8
71   34   7
72   55   8
73   54   7
74   54   8
75   49   7
76   63   8
77   56   7
78   73   8
79   49   7
80   53   8
81   42   7
82   63   9
83   36   7
84   46   8
85   61   7
86   60   8
87   65   7
88   56   8
89   69   7
90   80   9
91   58   8
92   86   9
93   112   9
94   86   10
95   129   10
96   72   8
97   68   9
98   83   8
99   53   8
100   62   7
101   53   8
102   46   7
103   55   8
104   58   7
105   55   8
106   52   7
107   78   9
108   60   7
109   74   8
110   65   7
111   53   25
112   71   7
113   61   8
114   47   7
115   59   8
116   61   7
117   38   9
118   51   7
119   48   8
120   28   8
121   57   8
122   36   8
123   16   11
124   21   10
125   42   8
126   10   11
127   2   25
APV   19   16   16   9
0   -24   7
1   -14   8
2   -3   7
3   -1   7
4   -29   7
5   -19   7
6   -19   7
7   -33   8
8   -27   7
9   -34   6
10   -46   7
11   -60   8
12   -34   7
13   -45   7
14   -38   7
15   -19   26
16   -48   7
17   -40   7
18   -68   8
19   -45   8
20   -48   9
21   -57   8
22   -71   9
23   -64   9
24   -69   9
25   -85   9
26   -58   9
27   -165   10
28   -50   8
29   -60   9
30   -30   9
31   47   31
32   -49   9
33   -51   8
34   -72   8
35   -48   8
36   -65   8
37   -54   9
38   -77   8
39   -44   7
40   -54   8
41   -55   7
42   -54   8
43   -64   7
44   -61   7
45   -56   6
46   -50   7
47   -44   7
48   -46   8
49   -36   6
50   -25   6
51   -22   6
52   -33   7
53   -34   6
54   -50   6
55   -24   6
56   -42   7
57   -36   7
58   -22   9
59   -39   6
60   -28   7
61   0   7
62   -29   7
63   -22   7
64   -5   8
65   15   7
66   2   8
67   6   7
68   25   8
69   0   6
70   31   7
71   6   6
72   20   7
73   48   6
74   16   7
75   14   6
76   39   7
77   22   6
78   31   7
79   44   6
80   75   7
81   57   6
82   65   8
83   41   6
84   81   7
85   78   6
86   52   7
87   78   6
88   69   8
89   79   7
90   77   8
91   72   7
92   73   8
93   99   8
94   105   9
95   90   9
96   103   8
97   70   8
98   72   7
99   80   8
100   59   7
101   75   8
102   80   7
103   49   7
104   40   6
105   50   7
106   61   6
107   50   7
108   62   6
109   51   7
110   54   6
111   24   23
112   43   6
113   20   7
114   40   6
115   30   7
116   40   6
117   26   8
118   28   6
119   4   7
120   -9   6
121   8   7
122   0   7
123   -12   9
124   18   8
125   12   7
126   4   9
127   11   24
APV   19   16   16   10
0   -12   7
1   -8   9
2   -22   7
3   -33   7
4   -21   7
5   -20   7
6   7   7
7   -12   8
8   -46   7
9   -19   7
10   -22   7
11   -62   9
12   -34   7
13   -38   7
14   -29   7
15   -25   30
16   -53   7
17   -42   8
18   -43   7
19   -57   8
20   -50   7
21   -59   8
22   -79   7
23   -65   8
24   -85   7
25   -57   8
26   -68   8
27   -154   10
28   -38   8
29   -42   8
30   -27   8
31   71   34
32   -76   8
33   -63   8
34   -36   8
35   -78   7
36   -89   8
37   -62   7
38   -71   8
39   -59   7
40   -44   8
41   -47   7
42   -43   8
43   -61   7
44   -45   7
45   -26   7
46   -47   7
47   -43   7
48   -43   8
49   -35   7
50   -32   7
51   -33   7
52   -15   8
53   -15   7
54   -18   7
55   -2   7
56   -8   7
57   -21   7
58   -16   10
59   -16   7
60   5   7
61   -13   8
62   -9   9
63   -19   8
64   19   8
65   -7   8
66   0   8
67   26   7
68   17   8
69   18   7
70   8   8
71   34   7
72   24   7
73   26   7
74   19   7
75   30   7
76   13   7
77   32   7
78   48   7
79   18   7
80   24   7
81   28   7
82   45   8
83   51   7
84   44   8
85   30   7
86   51   8
87   39   7
88   55   8
89   37   8
90   77   8
91   106   8
92   96   9
93   122   9
94   114   9
95   125   10
96   81   8
97   71   9
98   77   8
99   90   8
100   32   7
101   51   8
102   49   7
103   21   8
104   39   7
105   48   8
106   48   7
107   22   8
108   48   7
109   43   7
110   12   7
111   0   28
112   44   7
113   23   7
114   31   7
115   27   7
116   23   7
117   14   8
118   44   7
119   27   7
120   1   7
121   30   8
122   4   7
123   -5   9
124   26   8
125   36   7
126   1   9
127   0   28
APV   19   16   16   11
0   -28   7
1   -22   9
2   -42   7
3   -22   7
4   -11   7
5   -27   7
6   -17   7
7   -34   8
8   -26   6
9   -42   6
10   -45   6
11   -52   8
12   -43   7
13   -36   7
14   -47   7
15   -37   29
16   -63   6
17   -43   7
18   -51   6
19   -50   7
20   -25   6
21   -55   7
22   -40   7
23   -39   7
24   -51   7
25   -55   7
26   -36   7
27   -138   9
28   -34   7
29   -33   7
30   -44   7
31   84   33
32   -47   7
33   -44   7
34   -41   7
35   -48   7
36   -49   7
37   -33   7
38   -59   7
39   -47   7
40   -52   7
41   -66   6
42   -41   8
43   -48   6
44   -41   7
45   -41   6
46   -39   7
47   -42   6
48   -51   8
49   -28   6
50   -49   7
51   -16   6
52   -23   7
53   -45   6
54   -18   6
55   -46   6
56   0   8
57   -22   7
58   -36   9
59   -12   7
60   -11   7
61   -19   7
62   1   8
63   -9   8
64   3   8
65   8   7
66   16   8
67   6   7
68   13   8
69   40   6
70   29   7
71   10   6
72   23   7
73   25   6
74   10   7
75   50   6
76   49   7
77   41   6
78   20   7
79   12   6
80   61   7
81   53   6
82   37   8
83   39   6
84   38   7
85   35   6
86   52   7
87   63   6
88   52   7
89   52   7
90   58   7
91   58   7
92   77   8
93   99   8
94   82   8
95   105   9
96   68   8
97   70   8
98   67   7
99   61   7
100   57   7
101   47   7
102   38   7
103   54   7
104   40   6
105   58   7
106   34   6
107   34   7
108   32   6
109   31   7
110   46   7
111   -12   27
112   32   6
113   36   7
114   41   6
115   8   7
116   19   7
117   11   8
118   8   6
119   14   7
120   11   7
121   22   7
122   34   7
123   7   9
124   23   8
125   13   7
126   12   9
127   -6   27
APV   19   16   16   12
0   -12   6
1   -36   8
2   -15   6
3   -32   7
4   -12   6
5   -14   7
6   -29   6
7   -55   7
8   -20   6
9   -25   6
10   -27   6
11   -72   8
12   -17   6
13   -35   7
14   -31   6
15   -23   28
16   -41   6
17   -50   7
18   -63   6
19   -49   7
20   -55   6
21   -52   7
22   -35   7
23   -60   7
24   -59   6
25   -41   7
26   -59   7
27   -138   9
28   -46   7
29   -44   7
30   -39   7
31   74   32
32   -50   7
33   -55   7
34   -44   7
35   -63   7
36   -36   7
37   -42   7
38   -49   7
39   -27   6
40   -48   7
41   -51   6
42   -41   7
43   -36   6
44   -48   6
45   -50   6
46   -35   6
47   -36   6
48   -20   8
49   -51   6
50   -30   7
51   -22   7
52   -32   7
53   -9   6
54   -31   6
55   -32   6
56   -13   7
57   -15   6
58   -11   9
59   -42   6
60   -20   7
61   -23   6
62   -3   7
63   -15   6
64   3   7
65   2   6
66   27   7
67   6   6
68   16   7
69   12   6
70   -10   7
71   24   6
72   43   7
73   34   6
74   36   7
75   27   6
76   41   6
77   37   6
78   45   6
79   43   7
80   41   6
81   65   7
82   49   6
83   42   7
84   48   6
85   34   7
86   34   7
87   42   6
88   52   7
89   46   7
90   73   7
91   62   7
92   64   8
93   60   8
94   90   8
95   103   8
96   55   8
97   62   8
98   43   7
99   51   8
100   41   7
101   62   7
102   38   7
103   22   7
104   48   6
105   56   7
106   22   6
107   38   7
108   54   6
109   46   7
110   16   6
111   3   25
112   29   6
113   30   6
114   21   6
115   39   7
116   26   6
117   25   7
118   26   6
119   19   7
120   32   6
121   33   7
122   24   6
123   -10   8
124   15   7
125   8   7
126   20   7
127   6   25
APV   19   16   16   13
0   -11   6
1   -9   8
2   4   6
3   -16   7
4   -31   6
5   -21   7
6   -11   6
7   -22   8
8   -31   6
9   -22   6
10   -35   6
11   -56   8
12   -51   6
13   -42   7
14   -25   7
15   -38   28
16   -25   6
17   -48   7
18   -26   7
19   -56   8
20   -38   7
21   -42   7
22   -50   7
23   -58   7
24   -62   7
25   -49   7
26   -72   7
27   -153   10
28   -29   7
29   -27   8
30   -30   7
31   76   32
32   -50   7
33   -45   7
34   -42   7
35   -36   7
36   -82   7
37   -43   7
38   -45   7
39   -70   7
40   -65   7
41   -52   7
42   -41   7
43   -35   7
44   -53   6
45   -50   6
46   -62   6
47   -56   6
48   -39   8
49   -36   6
50   -40   6
51   -42   6
52   -39   7
53   -42   6
54   -24   6
55   -26   6
56   -18   7
57   -21   6
58   -12   8
59   -32   6
60   -15   6
61   -4   6
62   -13   7
63   -21   6
64   9   7
65   3   6
66   -1   7
67   4   6
68   10   7
69   10   6
70   27   7
71   17   6
72   29   6
73   28   6
74   27   5
75   19   5
76   31   6
77   21   6
78   22   6
79   35   6
80   36   7
81   22   6
82   37   7
83   24   6
84   26   7
85   58   6
86   60   7
87   48   6
88   71   7
89   63   7
90   73   8
91   61   7
92   97   8
93   80   8
94   104   9
95   132   9
96   68   8
97   84   8
98   85   7
99   67   8
100   54   7
101   70   7
102   67   7
103   56   7
104   65   6
105   44   7
106   47   7
107   37   7
108   28   7
109   33   7
110   37   7
111   -5   26
112   32   7
113   28   6
114   43   7
115   14   6
116   34   7
117   26   6
118   16   7
119   -2   6
120   23   7
121   8   6
122   5   7
123   -1   6
124   7   7
125   4   6
126   13   8
127   -7   26
APV   19   16   16   14
0   -19   25
1   -2   5
2   16   5
3   -20   5
4   -11   6
5   26   4
6   24   5
7   4   4
8   14   4
9   13   4
10   18   5
11   25   4
12   38   4
13   18   4
14   24   4
15   38   4
16   -58   25
17   35   4
18   23   4
19   23   4
20   27   4
21   58   4
22   34   4
23   35   4
24   37   4
25   53   4
26   59   5
27   73   4
28   72   6
29   71   6
30   78   5
31   62   5
32   48   5
33   84   5
34   81   5
35   71   5
36   60   4
37   54   4
38   84   4
39   54   4
40   68   4
41   58   4
42   35   4
43   58   4
44   39   4
45   34   4
46   44   4
47   24   4
48   33   4
49   26   4
50   47   4
51   26   4
52   29   4
53   12   4
54   33   4
55   22   4
56   8   4
57   0   4
58   0   4
59   28   4
60   15   4
61   13   5
62   20   4
63   16   4
64   -4   4
65   -16   4
66   -5   4
67   -18   4
68   -36   4
69   -21   6
70   -18   4
71   -22   5
72   -19   4
73   -16   4
74   -12   4
75   -27   5
76   -20   4
77   -36   4
78   -9   4
79   -44   6
80   -26   4
81   -31   4
82   -27   4
83   -40   4
84   -36   4
85   -27   4
86   -28   4
87   -24   4
88   -50   4
89   -46   4
90   -49   5
91   -48   5
92   -46   5
93   -50   5
94   -46   5
95   -51   5
96   63   33
97   -28   5
98   -50   5
99   -31   5
100   -117   9
101   -35   5
102   -44   5
103   -46   5
104   -58   6
105   -43   5
106   -42   5
107   -53   5
108   -60   5
109   -45   5
110   -37   5
111   -38   4
112   -57   28
113   -47   4
114   -48   5
115   -30   4
116   -72   7
117   -23   4
118   -38   4
119   -30   4
120   -35   6
121   -23   4
122   -7   5
123   -21   4
124   -30   5
125   -17   4
126   -10   6
127   -1   4
APV   19   16   16   15
0   -22   24
1   -37   7
2   -10   6
3   -3   6
4   -22   7
5   -16   5
6   8   6
7   3   5
8   15   5
9   18   5
10   7   6
11   20   5
12   27   5
13   10   5
14   61   5
15   46   5
16   -40   25
17   34   5
18   43   5
19   47   5
20   25   6
21   47   5
22   54   6
23   44   5
24   33   6
25   88   6
26   64   6
27   53   6
28   49   6
29   59   6
30   82   6
31   64   6
32   101   7
33   95   7
34   99   6
35   85   6
36   57   6
37   58   6
38   54   6
39   49   6
40   50   5
41   35   6
42   42   5
43   29   5
44   53   5
45   41   6
46   24   5
47   58   5
48   36   5
49   44   5
50   47   5
51   39   5
52   40   5
53   21   6
54   6   5
55   20   5
56   17   5
57   5   6
58   -18   5
59   -8   6
60   -1   5
61   10   6
62   0   5
63   1   6
64   -14   6
65   -33   6
66   -14   6
67   -4   5
68   13   5
69   -19   8
70   -50   5
71   -26   6
72   -12   5
73   -35   5
74   -15   5
75   -20   6
76   -35   5
77   -23   5
78   -47   5
79   -42   7
80   -39   5
81   -46   5
82   -13   5
83   -15   5
84   -33   5
85   -43   6
86   -36   5
87   -24   6
88   -66   6
89   -49   6
90   -46   6
91   -39   6
92   -45   6
93   -55   6
94   -42   6
95   -59   6
96   55   32
97   -22   6
98   -24   6
99   -31   6
100   -118   10
101   -40   6
102   -39   6
103   -59   6
104   -49   6
105   -74   6
106   -65   6
107   -52   6
108   -42   6
109   -15   6
110   -33   6
111   -8   5
112   -41   27
113   -10   6
114   -50   6
115   -24   5
116   -55   8
117   -23   5
118   -31   5
119   -44   5
120   -26   7
121   -18   5
122   -28   6
123   -19   5
124   -7   6
125   -40   6
126   7   7
127   17   6
APV   19   17   17   0
0   -39   26
1   -10   8
2   -12   6
3   -18   7
4   -28   7
5   -24   6
6   -7   6
7   7   6
8   -20   6
9   1   5
10   -11   6
11   0   6
12   4   6
13   -17   6
14   5   6
15   12   5
16   -81   26
17   1   6
18   16   6
19   -5   5
20   14   6
21   13   5
22   19   6
23   26   5
24   15   6
25   17   6
26   19   6
27   22   6
28   23   6
29   32   6
30   34   7
31   47   6
32   33   7
33   41   7
34   55   7
35   53   7
36   31   6
37   21   6
38   23   6
39   29   6
40   22   5
41   8   6
42   13   5
43   18   6
44   -2   5
45   20   6
46   16   5
47   15   6
48   0   5
49   3   6
50   3   5
51   5   5
52   4   5
53   5   6
54   -11   5
55   -11   6
56   -23   5
57   0   6
58   4   5
59   -5   6
60   -13   6
61   6   6
62   -11   6
63   8   6
64   -31   6
65   -24   6
66   -27   6
67   -21   5
68   -42   5
69   -28   8
70   -33   5
71   -16   6
72   -41   5
73   -24   5
74   -34   5
75   -12   6
76   -7   5
77   -8   5
78   -19   5
79   -2   7
80   0   5
81   -34   5
82   -1   5
83   -22   6
84   2   6
85   -21   6
86   7   6
87   -10   6
88   7   6
89   17   6
90   16   6
91   6   6
92   29   6
93   23   6
94   35   6
95   21   6
96   126   33
97   50   7
98   60   7
99   43   6
100   -45   10
101   22   6
102   16   7
103   -3   6
104   -2   6
105   -17   6
106   -2   6
107   8   6
108   -7   6
109   -10   6
110   -5   6
111   -25   5
112   -23   29
113   -24   6
114   -4   6
115   -24   6
116   -42   8
117   -15   6
118   -5   6
119   -27   5
120   -22   7
121   -13   6
122   -19   6
123   -10   6
124   -29   6
125   -21   6
126   -16   8
127   -33   6
APV   19   17   17   1
0   -33   26
1   -5   11
2   -12   6
3   -13   9
4   -1   9
5   4   7
6   32   7
7   7   7
8   15   7
9   0   6
10   31   7
11   23   6
12   35   6
13   47   6
14   29   6
15   41   6
16   -45   26
17   32   6
18   40   7
19   16   6
20   29   7
21   48   6
22   67   7
23   33   6
24   37   7
25   34   7
26   31   7
27   39   7
28   29   7
29   45   7
30   57   8
31   57   8
32   73   9
33   63   9
34   54   8
35   79   8
36   36   7
37   43   8
38   49   7
39   44   7
40   30   6
41   13   7
42   47   6
43   37   7
44   18   6
45   38   8
46   36   6
47   27   7
48   17   6
49   31   7
50   54   6
51   33   6
52   20   6
53   22   7
54   18   6
55   35   7
56   -6   6
57   38   7
58   29   6
59   13   8
60   -12   7
61   -3   8
62   -9   7
63   14   9
64   -30   8
65   -8   7
66   -29   7
67   -23   6
68   -31   6
69   -3   9
70   -37   6
71   -51   8
72   -17   6
73   -24   6
74   -33   6
75   -13   8
76   -26   6
77   -26   6
78   -11   6
79   -24   8
80   -43   6
81   -34   7
82   -19   6
83   -27   7
84   -38   6
85   -49   9
86   -23   7
87   -44   7
88   -34   7
89   -25   7
90   -20   7
91   -14   7
92   -33   7
93   -9   7
94   -21   8
95   -40   7
96   108   33
97   -9   8
98   -27   7
99   -27   8
100   -130   10
101   -38   7
102   -44   7
103   -20   7
104   -47   7
105   -18   7
106   -25   7
107   -24   7
108   -47   8
109   -21   6
110   -40   7
111   -17   6
112   -3   29
113   -28   6
114   -25   7
115   -13   6
116   -53   9
117   -24   6
118   -17   6
119   -33   6
120   -19   9
121   -32   6
122   -30   6
123   -28   6
124   -45   7
125   -20   7
126   -28   8
127   -37   7
APV   19   17   17   2
0   -6   24
1   7   8
2   -3   6
3   -2   7
4   -13   7
5   7   6
6   9   6
7   17   6
8   7   6
9   0   5
10   25   6
11   18   5
12   13   6
13   29   6
14   17   6
15   33   5
16   -50   24
17   9   5
18   24   6
19   8   5
20   -2   6
21   15   5
22   39   6
23   28   5
24   53   6
25   34   6
26   42   6
27   41   6
28   55   6
29   63   6
30   56   7
31   84   6
32   45   8
33   84   7
34   61   6
35   68   7
36   54   6
37   52   6
38   48   6
39   47   6
40   47   5
41   42   6
42   27   5
43   34   5
44   26   5
45   25   6
46   26   5
47   18   6
48   56   5
49   29   6
50   25   5
51   25   5
52   19   5
53   6   6
54   8   5
55   34   6
56   4   5
57   23   6
58   4   5
59   2   6
60   8   6
61   19   7
62   13   6
63   4   7
64   -5   6
65   -25   6
66   -7   6
67   -28   5
68   -13   5
69   0   7
70   -11   5
71   -14   6
72   -13   5
73   -4   5
74   -15   5
75   -18   6
76   -25   5
77   -25   5
78   -7   5
79   -15   7
80   -34   5
81   -19   5
82   -21   5
83   -45   5
84   -43   5
85   -21   6
86   -39   5
87   -41   6
88   -24   6
89   -59   6
90   -60   6
91   -48   6
92   -47   6
93   -53   6
94   -34   6
95   -29   6
96   102   31
97   -31   6
98   -46   6
99   -16   6
100   -109   10
101   -54   6
102   -41   6
103   -31   6
104   -54   6
105   -36   6
106   -37   6
107   -47   6
108   -33   6
109   -36   5
110   -32   6
111   -32   5
112   -3   26
113   -44   5
114   -26   6
115   5   5
116   -49   8
117   -20   5
118   -14   5
119   -27   5
120   -18   6
121   -15   5
122   -11   5
123   -20   5
124   -7   6
125   -9   6
126   2   6
127   -12   6
APV   19   17   17   3
0   -42   25
1   -11   8
2   -8   7
3   -22   7
4   4   10
5   27   6
6   -8   7
7   8   6
8   5   7
9   22   6
10   18   8
11   11   6
12   5   7
13   41   6
14   17   7
15   23   6
16   -34   26
17   28   6
18   37   7
19   28   6
20   46   7
21   56   6
22   69   7
23   74   6
24   35   7
25   64   7
26   62   8
27   71   7
28   69   8
29   68   7
30   76   8
31   68   8
32   63   8
33   86   8
34   89   8
35   75   8
36   73   7
37   68   7
38   70   7
39   50   8
40   52   6
41   47   11
42   52   12
43   67   11
44   50   12
45   38   10
46   35   12
47   35   11
48   22   12
49   58   10
50   46   12
51   40   11
52   6   12
53   17   11
54   35   5
55   0   7
56   14   5
57   -3   7
58   13   5
59   23   7
60   -3   6
61   -11   8
62   -19   6
63   -5   8
64   -21   7
65   -2   6
66   -25   6
67   -18   6
68   -24   5
69   -7   8
70   -29   5
71   -41   7
72   -32   5
73   -46   5
74   -35   5
75   -10   7
76   -30   5
77   -45   5
78   -27   6
79   -29   7
80   -34   5
81   -32   6
82   -42   6
83   -50   6
84   -19   6
85   -40   6
86   -45   6
87   -47   6
88   -38   6
89   -39   6
90   -42   6
91   -46   6
92   -25   7
93   -28   7
94   -26   7
95   -27   7
96   97   33
97   7   7
98   -21   7
99   -21   7
100   -113   10
101   -43   7
102   -43   7
103   -51   6
104   -47   6
105   -41   6
106   -27   6
107   -14   6
108   -43   7
109   -27   6
110   -23   6
111   -26   6
112   -36   28
113   -46   6
114   -20   6
115   -37   6
116   -69   8
117   -50   5
118   -57   5
119   -41   5
120   -42   7
121   -40   5
122   -37   6
123   -29   5
124   -41   6
125   -24   5
126   -34   7
127   -38   6
APV   19   17   17   4
0   -6   24
1   -14   11
2   4   7
3   15   9
4   -17   9
5   8   7
6   25   7
7   12   7
8   14   7
9   54   6
10   44   7
11   31   7
12   33   7
13   15   6
14   62   7
15   47   6
16   -52   24
17   9   6
18   23   7
19   31   6
20   23   7
21   36   6
22   47   7
23   45   6
24   57   7
25   53   7
26   52   7
27   70   7
28   71   7
29   80   7
30   87   8
31   89   8
32   67   9
33   107   9
34   93   8
35   100   8
36   57   7
37   67   8
38   65   7
39   78   7
40   60   6
41   46   7
42   47   6
43   45   7
44   37   6
45   34   8
46   42   6
47   12   7
48   24   6
49   58   7
50   31   6
51   33   6
52   28   6
53   54   7
54   37   6
55   40   7
56   15   6
57   21   7
58   35   6
59   10   8
60   7   7
61   15   8
62   13   7
63   14   9
64   -10   9
65   -6   7
66   -34   8
67   -5   6
68   -15   6
69   -6   9
70   -24   7
71   -7   7
72   -9   6
73   -15   6
74   -13   6
75   -18   7
76   -27   6
77   -32   6
78   -27   6
79   -15   8
80   -53   6
81   -38   6
82   -63   6
83   -53   7
84   -49   6
85   -64   7
86   -55   6
87   -56   7
88   -60   7
89   -65   7
90   -61   7
91   -57   7
92   -57   7
93   -49   7
94   -44   8
95   -48   7
96   48   32
97   -37   7
98   -45   8
99   -58   8
100   -150   10
101   -68   7
102   -60   7
103   -52   7
104   -48   7
105   -64   7
106   -51   7
107   -60   7
108   -63   7
109   -60   6
110   -62   7
111   -49   6
112   -26   27
113   -34   6
114   -40   7
115   -19   6
116   -65   8
117   -30   6
118   -16   6
119   -9   6
120   -44   7
121   -16   6
122   -13   6
123   -13   10
124   -25   9
125   -22   7
126   -14   8
127   -36   7
APV   19   17   17   5
0   -25   25
1   -28   10
2   -8   6
3   -4   12
4   -44   8
5   -5   7
6   -11   7
7   -11   6
8   -22   6
9   3   6
10   10   7
11   -8   6
12   3   6
13   4   6
14   7   6
15   35   6
16   -45   26
17   14   6
18   -4   6
19   6   6
20   1   7
21   21   6
22   27   7
23   28   6
24   40   7
25   52   7
26   42   7
27   53   6
28   63   7
29   49   7
30   56   8
31   58   8
32   98   8
33   93   8
34   85   8
35   82   8
36   74   7
37   58   7
38   63   7
39   50   7
40   48   6
41   44   7
42   26   6
43   41   6
44   14   6
45   6   7
46   13   6
47   26   7
48   22   6
49   44   7
50   29   6
51   37   6
52   5   6
53   -11   6
54   14   6
55   -3   6
56   8   6
57   -1   7
58   20   6
59   -6   7
60   -5   7
61   -9   8
62   -15   7
63   8   8
64   -29   8
65   -23   6
66   -30   7
67   -26   6
68   -27   6
69   -20   8
70   -39   6
71   -13   6
72   -35   6
73   -35   6
74   0   6
75   -17   7
76   -16   6
77   -15   6
78   -16   6
79   -21   8
80   -31   6
81   -14   6
82   -22   6
83   -22   6
84   -33   6
85   -24   7
86   -21   6
87   -5   7
88   -17   7
89   -22   7
90   -13   7
91   -35   7
92   -2   7
93   -13   7
94   9   7
95   -24   7
96   108   33
97   8   7
98   -27   7
99   -23   7
100   -122   10
101   -25   7
102   -38   7
103   -28   7
104   -23   7
105   -18   7
106   -22   7
107   -2   6
108   -32   7
109   -4   6
110   -18   7
111   -7   6
112   -17   28
113   -31   6
114   -18   7
115   -49   6
116   -49   8
117   -41   6
118   -38   6
119   -16   6
120   -19   7
121   0   6
122   -13   6
123   -23   6
124   -29   7
125   -28   7
126   5   8
127   -13   7
APV   19   17   17   6
0   -9   19
1   -5   10
2   0   5
3   3   8
4   -7   6
5   3   6
6   4   5
7   32   6
8   1   5
9   19   5
10   14   6
11   26   5
12   24   5
13   25   5
14   13   5
15   32   5
16   -29   20
17   32   5
18   29   5
19   36   5
20   29   6
21   47   5
22   46   6
23   58   5
24   64   6
25   53   6
26   47   6
27   66   6
28   64   6
29   65   6
30   81   7
31   67   7
32   99   8
33   99   8
34   96   7
35   105   7
36   69   6
37   52   6
38   71   6
39   56   6
40   49   5
41   41   6
42   46   5
43   41   6
44   27   5
45   37   6
46   29   5
47   31   6
48   23   5
49   20   5
50   45   5
51   29   5
52   30   5
53   27   5
54   14   5
55   21   5
56   14   5
57   13   6
58   9   5
59   14   6
60   3   6
61   26   6
62   19   7
63   14   6
64   -35   7
65   -9   6
66   -21   7
67   -20   5
68   -22   5
69   -17   7
70   -30   5
71   -18   5
72   -33   5
73   -31   4
74   -25   5
75   -4   6
76   -38   5
77   -22   4
78   -24   5
79   -14   6
80   -26   5
81   -47   4
82   -28   5
83   -50   4
84   -39   5
85   -53   5
86   -50   5
87   -34   5
88   -55   5
89   -59   5
90   -55   5
91   -54   5
92   -69   5
93   -30   5
94   -60   9
95   -48   8
96   54   25
97   -44   5
98   -43   5
99   -25   5
100   -129   6
101   -64   5
102   -54   5
103   -68   4
104   -36   5
105   -53   5
106   -49   5
107   -46   5
108   -50   5
109   -48   5
110   -47   5
111   -39   5
112   -20   21
113   -38   5
114   -23   5
115   -28   5
116   -54   5
117   -20   5
118   -21   5
119   -17   5
120   -1   6
121   -15   8
122   -32   6
123   -18   5
124   -6   5
125   -6   6
126   -16   6
127   -18   6
APV   19   17   17   7
0   -22   24
1   -7   10
2   -3   6
3   -11   8
4   -32   8
5   8   7
6   5   6
7   -16   6
8   17   7
9   0   6
10   0   7
11   9   6
12   15   6
13   -8   6
14   -1   6
15   23   6
16   -50   25
17   -3   6
18   4   7
19   18   6
20   31   7
21   24   6
22   10   7
23   21   6
24   41   7
25   39   6
26   23   7
27   42   6
28   55   7
29   50   7
30   62   8
31   52   7
32   64   9
33   77   8
34   67   8
35   65   8
36   26   7
37   38   7
38   34   6
39   17   7
40   10   6
41   24   6
42   34   6
43   27   6
44   23   6
45   13   7
46   4   6
47   0   7
48   0   6
49   1   6
50   -19   5
51   -19   6
52   0   5
53   -5   6
54   0   5
55   -6   6
56   -21   6
57   -17   7
58   3   6
59   0   7
60   -11   6
61   -25   7
62   -20   7
63   -7   7
64   -29   8
65   -21   7
66   -33   7
67   -17   6
68   -9   6
69   -18   9
70   -13   6
71   -29   8
72   -8   6
73   -18   6
74   -31   6
75   -13   8
76   -27   6
77   -23   6
78   -22   6
79   -37   8
80   -27   6
81   -32   6
82   -28   6
83   -17   6
84   -15   6
85   -19   7
86   8   6
87   4   7
88   14   6
89   3   7
90   -8   7
91   9   7
92   14   7
93   7   7
94   0   7
95   0   7
96   109   31
97   24   7
98   11   7
99   20   7
100   -103   9
101   0   7
102   0   7
103   -5   7
104   -6   7
105   -2   6
106   0   7
107   -6   6
108   -25   7
109   -14   6
110   -16   7
111   -12   6
112   6   27
113   -22   6
114   -18   6
115   -7   6
116   -52   8
117   -16   6
118   -15   6
119   -38   6
120   -30   9
121   -40   6
122   -24   6
123   -27   6
124   -10   6
125   -12   6
126   4   8
127   0   7
APV   19   17   17   8
0   -5   25
1   -12   13
2   29   8
3   4   11
4   2   12
5   23   8
6   46   8
7   5   7
8   22   8
9   27   7
10   27   9
11   18   7
12   38   8
13   0   6
14   40   7
15   24   6
16   -37   26
17   14   6
18   11   8
19   -2   6
20   -9   8
21   33   6
22   20   8
23   24   6
24   36   8
25   34   7
26   44   8
27   42   7
28   49   8
29   41   7
30   76   9
31   85   8
32   119   9
33   100   9
34   69   8
35   86   9
36   35   7
37   58   8
38   61   7
39   51   8
40   39   6
41   41   7
42   23   6
43   8   7
44   21   6
45   29   8
46   21   6
47   18   8
48   28   6
49   21   9
50   8   6
51   5   7
52   22   6
53   25   8
54   23   6
55   25   8
56   32   6
57   16   8
58   12   7
59   16   9
60   30   8
61   19   10
62   10   9
63   24   11
64   7   10
65   8   7
66   -1   9
67   7   7
68   -2   7
69   -18   9
70   -22   7
71   -8   9
72   -38   6
73   -30   7
74   -24   6
75   -4   10
76   -26   6
77   -30   6
78   -42   6
79   -24   8
80   -30   6
81   -17   7
82   -38   6
83   -37   7
84   -18   7
85   -36   7
86   -46   6
87   -41   7
88   -33   7
89   -59   7
90   -44   7
91   -43   7
92   -50   7
93   -56   7
94   -57   7
95   -27   7
96   69   32
97   -32   7
98   -26   7
99   -33   8
100   -129   10
101   -63   7
102   -51   7
103   -32   7
104   -54   7
105   -48   7
106   -37   7
107   -53   7
108   -49   8
109   -31   6
110   -16   8
111   -24   6
112   -10   28
113   -50   7
114   -37   7
115   -37   6
116   -46   9
117   -40   7
118   -18   7
119   -30   7
120   -49   11
121   -21   7
122   -14   6
123   -12   7
124   -4   7
125   -14   8
126   3   8
127   26   8
APV   19   17   17   9
0   -25   27
1   -19   12
2   9   7
3   10   10
4   -2   10
5   17   8
6   9   8
7   13   7
8   16   8
9   1   7
10   22   8
11   8   7
12   22   7
13   33   7
14   38   7
15   42   7
16   -17   28
17   28   7
18   41   8
19   40   7
20   42   8
21   52   7
22   40   8
23   45   6
24   34   8
25   44   7
26   55   8
27   54   7
28   91   8
29   54   8
30   74   9
31   79   9
32   117   10
33   114   10
34   101   9
35   92   9
36   70   8
37   69   8
38   78   7
39   87   8
40   37   6
41   41   8
42   27   7
43   55   8
44   41   6
45   31   8
46   67   7
47   32   8
48   18   7
49   35   8
50   49   6
51   44   7
52   9   6
53   25   7
54   9   6
55   39   8
56   15   7
57   26   8
58   35   7
59   21   8
60   12   8
61   9   9
62   12   8
63   8   9
64   1   10
65   11   8
66   2   9
67   -2   7
68   0   7
69   -12   10
70   -3   7
71   -3   9
72   -28   6
73   -20   7
74   -23   7
75   -20   8
76   -15   7
77   -25   7
78   -42   7
79   -4   9
80   -27   7
81   -41   7
82   -30   7
83   -33   7
84   -46   7
85   -46   8
86   -55   7
87   -66   8
88   -64   7
89   -67   8
90   -74   8
91   -64   8
92   -48   8
93   -60   8
94   -80   8
95   -51   8
96   32   33
97   -50   8
98   -53   8
99   -66   8
100   -150   10
101   -63   8
102   -80   8
103   -56   7
104   -70   7
105   -31   7
106   -72   8
107   -47   7
108   -56   8
109   -49   7
110   -62   8
111   -43   7
112   -25   29
113   -42   7
114   -39   7
115   -37   7
116   -71   9
117   -19   7
118   -29   9
119   -35   7
120   -22   10
121   -15   7
122   -9   7
123   -19   7
124   -18   7
125   -17   8
126   -14   9
127   -15   8
APV   19   17   17   10
0   -4   26
1   -26   9
2   5   6
3   7   8
4   -20   8
5   10   6
6   -5   6
7   10   6
8   21   6
9   5   6
10   -8   7
11   15   6
12   33   6
13   4   6
14   10   6
15   28   6
16   -13   27
17   23   6
18   44   6
19   40   6
20   1   7
21   50   6
22   70   6
23   47   6
24   54   6
25   64   6
26   54   7
27   68   6
28   82   7
29   56   7
30   86   8
31   77   7
32   111   8
33   113   8
34   109   7
35   89   7
36   75   7
37   83   7
38   59   6
39   66   7
40   45   6
41   52   6
42   36   6
43   34   6
44   48   6
45   47   7
46   47   6
47   31   6
48   35   6
49   35   6
50   30   5
51   13   6
52   25   5
53   47   6
54   6   5
55   19   6
56   6   6
57   0   6
58   -3   6
59   12   7
60   -7   6
61   -9   7
62   -7   7
63   14   8
64   6   7
65   -4   6
66   -11   7
67   1   6
68   -1   6
69   -23   8
70   -30   6
71   -18   7
72   -22   5
73   -53   6
74   -35   6
75   -8   7
76   -54   6
77   -43   6
78   -32   6
79   -30   8
80   -39   5
81   -43   6
82   -52   6
83   -48   6
84   -37   6
85   -35   6
86   -44   6
87   -34   6
88   -59   6
89   -60   6
90   -40   6
91   -43   6
92   -62   6
93   -46   6
94   -41   7
95   -38   7
96   73   34
97   -24   7
98   -34   7
99   -11   7
100   -136   10
101   -39   7
102   -56   7
103   -57   6
104   -64   6
105   -55   6
106   -57   6
107   -58   6
108   -64   7
109   -47   6
110   -63   6
111   -66   6
112   -6   29
113   -38   6
114   -5   6
115   -11   6
116   -62   8
117   -7   6
118   -20   6
119   -37   6
120   -30   7
121   -2   6
122   -39   6
123   -11   6
124   -2   7
125   -22   6
126   -30   7
127   11   7
APV   19   17   17   11
0   0   24
1   29   10
2   30   7
3   17   8
4   1   9
5   15   6
6   30   7
7   3   6
8   24   7
9   13   6
10   21   7
11   3   6
12   10   6
13   28   6
14   16   6
15   20   6
16   -38   25
17   12   6
18   18   7
19   13   6
20   5   7
21   29   6
22   23   7
23   45   6
24   31   7
25   23   6
26   50   7
27   37   7
28   42   7
29   30   7
30   7   8
31   51   7
32   66   8
33   53   8
34   55   7
35   39   8
36   24   7
37   21   7
38   20   7
39   29   7
40   27   6
41   11   6
42   23   6
43   9   6
44   31   6
45   15   7
46   33   6
47   10   7
48   14   6
49   29   7
50   27   6
51   15   6
52   30   6
53   8   6
54   12   6
55   18   6
56   17   6
57   14   7
58   17   6
59   19   7
60   22   7
61   3   8
62   8   7
63   7   8
64   0   8
65   14   6
66   17   7
67   8   6
68   14   6
69   13   9
70   -1   6
71   -1   7
72   10   6
73   1   6
74   16   6
75   -27   7
76   10   6
77   -5   6
78   -9   6
79   -33   8
80   -33   6
81   -26   6
82   -43   6
83   -23   6
84   -34   6
85   -57   6
86   -46   6
87   -42   6
88   -36   6
89   -41   6
90   -50   7
91   -47   7
92   -36   7
93   -61   6
94   -45   7
95   -36   7
96   74   31
97   -31   7
98   -61   7
99   -36   7
100   -105   10
101   -63   7
102   -47   7
103   -50   6
104   -34   6
105   -66   6
106   -47   6
107   -50   6
108   -31   7
109   -27   6
110   -38   7
111   -32   6
112   -14   26
113   -14   6
114   -7   6
115   -2   6
116   -25   8
117   4   6
118   -23   6
119   -1   6
120   0   7
121   -4   6
122   -4   6
123   8   6
124   -13   7
125   3   7
126   -4   7
127   -6   7
APV   19   17   17   12
0   -21   25
1   -39   12
2   12   8
3   10   9
4   -25   11
5   6   7
6   11   8
7   -14   7
8   -6   7
9   13   6
10   14   8
11   38   7
12   10   7
13   33   6
14   42   7
15   33   6
16   -6   27
17   33   7
18   56   8
19   76   6
20   55   8
21   57   6
22   54   7
23   54   6
24   51   8
25   51   7
26   83   8
27   79   7
28   87   8
29   89   8
30   86   8
31   88   8
32   135   9
33   113   9
34   81   8
35   90   8
36   72   7
37   86   8
38   52   7
39   87   8
40   73   6
41   53   7
42   47   6
43   81   7
44   46   6
45   68   8
46   78   6
47   64   8
48   41   6
49   70   7
50   28   6
51   25   7
52   25   6
53   17   7
54   16   6
55   21   7
56   2   6
57   15   7
58   -5   7
59   8   8
60   -6   7
61   -3   9
62   0   8
63   -15   10
64   -3   10
65   4   7
66   -1   8
67   -19   6
68   -19   7
69   -40   9
70   -43   7
71   -22   7
72   -17   6
73   -31   7
74   -32   6
75   -47   8
76   -32   6
77   -58   6
78   -31   6
79   -36   8
80   -60   6
81   -51   7
82   -53   6
83   -65   7
84   -65   6
85   -41   7
86   -43   7
87   -74   7
88   -55   7
89   -64   7
90   -53   7
91   -69   7
92   -48   7
93   -58   7
94   -65   8
95   -42   7
96   67   33
97   -25   8
98   -45   8
99   -29   8
100   -115   11
101   -61   7
102   -66   7
103   -31   7
104   -66   7
105   -49   7
106   -63   7
107   -56   7
108   -66   7
109   -56   7
110   -50   7
111   -49   6
112   -17   28
113   -24   7
114   -32   7
115   -51   6
116   -74   9
117   -35   7
118   -24   7
119   -34   6
120   -43   8
121   -24   7
122   -14   7
123   -35   8
124   -17   7
125   -21   8
126   -29   8
127   -2   8
APV   19   17   17   13
0   -18   29
1   -1   14
2   -4   8
3   4   11
4   -25   12
5   4   8
6   6   8
7   -1   8
8   6   8
9   -15   7
10   13   9
11   5   7
12   8   8
13   13   7
14   9   7
15   12   7
16   4   28
17   32   7
18   36   8
19   38   7
20   41   9
21   52   7
22   56   8
23   46   7
24   37   8
25   58   7
26   48   8
27   47   7
28   58   8
29   73   8
30   59   9
31   57   8
32   113   10
33   83   10
34   83   9
35   49   9
36   56   8
37   52   8
38   70   8
39   50   8
40   40   7
41   63   8
42   72   7
43   54   8
44   34   6
45   62   9
46   57   7
47   39   8
48   27   7
49   17   8
50   28   6
51   14   7
52   10   6
53   -5   8
54   17   6
55   0   8
56   18   7
57   0   8
58   14   7
59   1   9
60   8   8
61   -1   10
62   2   9
63   -3   11
64   6   11
65   7   8
66   9   10
67   0   7
68   -4   7
69   -6   9
70   -1   7
71   -8   8
72   -14   6
73   -13   7
74   -9   6
75   -9   8
76   -34   6
77   -40   7
78   -22   6
79   -24   9
80   -26   6
81   -56   7
82   -29   6
83   -39   7
84   -32   7
85   -42   8
86   -42   7
87   -56   7
88   -58   7
89   -47   7
90   -47   8
91   -49   8
92   -48   8
93   -36   8
94   -49   8
95   -48   8
96   77   35
97   -47   8
98   -59   8
99   -37   8
100   -169   11
101   -41   8
102   -58   8
103   -55   7
104   -50   7
105   -41   7
106   -38   8
107   -50   7
108   -52   8
109   -36   7
110   -40   8
111   -36   6
112   -5   31
113   -30   7
114   -14   8
115   -22   7
116   -52   9
117   -27   7
118   -19   7
119   -28   7
120   -32   9
121   -14   7
122   1   7
123   -15   7
124   -6   8
125   2   8
126   -6   8
127   -8   9
APV   19   17   17   14
0   1   31
1   4   12
2   13   8
3   16   10
4   -20   12
5   0   8
6   22   9
7   20   7
8   10   8
9   30   7
10   18   9
11   26   7
12   0   8
13   28   7
14   34   7
15   54   7
16   24   30
17   55   7
18   51   8
19   53   7
20   40   8
21   66   7
22   53   8
23   62   7
24   47   8
25   62   7
26   42   8
27   64   8
28   67   8
29   66   8
30   54   9
31   61   9
32   133   10
33   94   10
34   95   9
35   57   9
36   66   8
37   58   8
38   73   7
39   65   8
40   66   7
41   43   8
42   43   7
43   73   8
44   52   7
45   70   9
46   49   7
47   66   8
48   42   7
49   9   8
50   41   6
51   39   7
52   26   6
53   29   8
54   42   6
55   22   8
56   11   7
57   15   8
58   4   7
59   28   9
60   12   8
61   15   10
62   16   8
63   8   11
64   -1   10
65   -3   7
66   -7   9
67   -11   7
68   -4   7
69   7   8
70   -9   7
71   7   7
72   -17   6
73   -14   7
74   -33   7
75   -36   8
76   -50   6
77   -55   7
78   -49   7
79   -41   9
80   -32   6
81   -46   7
82   -56   7
83   -37   8
84   -35   7
85   -67   8
86   -64   7
87   -63   8
88   -74   7
89   -77   8
90   -57   8
91   -80   8
92   -63   8
93   -67   8
94   -58   8
95   -56   8
96   78   38
97   -75   8
98   -61   8
99   -42   8
100   -159   11
101   -66   8
102   -70   8
103   -70   8
104   -78   7
105   -44   7
106   -52   8
107   -58   7
108   -58   8
109   -54   7
110   -64   8
111   -42   7
112   -52   33
113   -39   7
114   -43   8
115   -51   7
116   -81   9
117   -56   7
118   -33   7
119   -20   7
120   -17   8
121   0   7
122   -18   7
123   -20   7
124   -14   8
125   0   8
126   10   8
127   6   8
APV   19   17   17   15
0   -24   29
1   1   12
2   6   8
3   17   9
4   -32   10
5   -12   7
6   -8   8
7   -10   7
8   -22   7
9   -15   6
10   11   8
11   9   7
12   -17   7
13   -13   6
14   -2   7
15   -13   6
16   -34   28
17   -11   7
18   13   7
19   25   6
20   10   8
21   66   6
22   36   8
23   19   6
24   49   8
25   39   7
26   73   8
27   53   7
28   40   8
29   52   8
30   75   9
31   69   8
32   111   9
33   81   9
34   96   8
35   72   9
36   69   8
37   74   8
38   61   7
39   44   8
40   35   6
41   27   7
42   32   6
43   30   7
44   19   6
45   15   8
46   1   6
47   23   8
48   -8   6
49   9   7
50   7   6
51   -9   7
52   14   6
53   0   7
54   -6   6
55   0   7
56   -2   6
57   0   8
58   22   6
59   0   8
60   -7   7
61   6   9
62   -4   8
63   13   9
64   -13   9
65   -13   7
66   -16   8
67   -3   7
68   -15   7
69   -3   9
70   -34   7
71   -6   7
72   -30   6
73   -23   7
74   -9   6
75   -27   8
76   -41   6
77   -37   6
78   -43   6
79   -25   8
80   -14   6
81   -16   7
82   -5   6
83   -25   7
84   -46   7
85   -28   7
86   -30   7
87   -28   7
88   -21   7
89   -28   7
90   -30   8
91   -39   7
92   -26   8
93   -39   8
94   -29   8
95   -12   8
96   113   36
97   -17   8
98   -4   8
99   -6   8
100   -134   11
101   -15   8
102   -25   8
103   -40   7
104   -21   7
105   -13   7
106   -30   7
107   -4   7
108   -32   8
109   -10   7
110   -27   8
111   -10   6
112   -18   31
113   -12   7
114   -14   7
115   8   7
116   -59   9
117   -16   7
118   -27   7
119   -32   6
120   0   8
121   -23   7
122   -9   7
123   -13   7
124   -2   8
125   -13   7
126   10   8
127   -8   8
APV   19   18   18   0
0   -41   29
1   2   11
2   5   7
3   1   9
4   -16   10
5   17   7
6   15   7
7   6   7
8   27   7
9   16   6
10   17   8
11   16   7
12   31   7
13   42   7
14   18   7
15   46   6
16   -15   29
17   45   7
18   36   7
19   56   6
20   35   8
21   79   7
22   76   8
23   68   6
24   90   8
25   100   7
26   95   8
27   89   7
28   103   8
29   131   8
30   131   9
31   131   9
32   138   9
33   142   9
34   141   9
35   127   9
36   119   8
37   113   8
38   99   7
39   107   8
40   108   7
41   101   7
42   91   7
43   76   7
44   48   6
45   48   8
46   64   6
47   52   7
48   43   7
49   47   7
50   38   6
51   61   7
52   30   6
53   39   7
54   22   6
55   29   7
56   6   6
57   -1   7
58   4   6
59   14   8
60   13   7
61   5   9
62   13   8
63   -5   9
64   -6   9
65   -25   8
66   -20   8
67   -7   7
68   -17   7
69   -18   9
70   -39   7
71   -16   7
72   -26   6
73   -50   7
74   -39   6
75   -53   8
76   -49   6
77   -63   6
78   -36   6
79   -46   8
80   -51   6
81   -63   7
82   -50   6
83   -41   7
84   -76   7
85   -70   8
86   -63   7
87   -75   7
88   -90   7
89   -79   7
90   -74   8
91   -86   8
92   -72   8
93   -63   8
94   -73   8
95   -78   8
96   63   36
97   -84   8
98   -46   8
99   -71   8
100   -183   11
101   -96   8
102   -86   8
103   -77   7
104   -80   7
105   -60   7
106   -85   8
107   -73   7
108   -91   8
109   -58   7
110   -55   7
111   -66   6
112   -54   31
113   -59   7
114   -50   7
115   -46   7
116   -93   9
117   -38   7
118   -41   7
119   -41   6
120   -48   8
121   -29   7
122   -34   7
123   -23   7
124   -29   7
125   -24   7
126   -11   9
127   0   8
APV   19   18   18   1
0   -36   29
1   -23   10
2   -2   7
3   -3   9
4   -14   9
5   6   7
6   -8   7
7   18   7
8   13   7
9   31   6
10   15   7
11   22   6
12   18   7
13   33   6
14   30   7
15   36   6
16   -23   30
17   22   6
18   27   7
19   30   6
20   41   8
21   43   6
22   40   7
23   80   6
24   81   8
25   70   7
26   84   8
27   79   7
28   88   8
29   96   7
30   103   8
31   87   8
32   142   9
33   101   9
34   121   8
35   116   8
36   85   7
37   68   8
38   79   7
39   73   8
40   57   6
41   64   7
42   71   6
43   42   7
44   49   6
45   63   8
46   62   6
47   64   7
48   32   6
49   18   7
50   23   13
51   33   6
52   32   6
53   15   7
54   42   6
55   4   7
56   10   6
57   15   7
58   13   6
59   9   7
60   17   7
61   7   8
62   -5   8
63   4   8
64   -12   8
65   -21   7
66   -11   8
67   -23   7
68   -19   6
69   -30   10
70   -17   7
71   -30   8
72   -21   6
73   -11   6
74   -32   6
75   -35   8
76   -16   6
77   -29   6
78   -40   6
79   -27   8
80   -11   6
81   -44   6
82   -13   6
83   -44   7
84   -41   6
85   -30   7
86   -47   6
87   -67   7
88   -70   7
89   -63   7
90   -62   7
91   -87   7
92   -85   7
93   -74   7
94   -70   7
95   -95   7
96   65   36
97   -85   7
98   -83   7
99   -63   7
100   -178   11
101   -72   7
102   -74   7
103   -71   7
104   -68   7
105   -27   7
106   -48   7
107   -33   7
108   -61   8
109   -61   6
110   -44   7
111   -23   6
112   -32   32
113   -39   6
114   -3   7
115   -24   6
116   -78   9
117   -34   6
118   -33   6
119   -14   6
120   -18   8
121   -4   7
122   -21   7
123   -13   7
124   -11   7
125   -22   7
126   -30   9
127   -22   7
APV   19   18   18   2
0   -9   30
1   -5   12
2   5   8
3   -6   10
4   -17   11
5   26   7
6   2   8
7   6   7
8   24   8
9   0   7
10   33   8
11   27   7
12   18   7
13   43   7
14   32   7
15   51   7
16   -12   31
17   47   7
18   45   8
19   57   7
20   30   8
21   55   7
22   60   8
23   34   7
24   53   8
25   38   7
26   78   8
27   84   7
28   68   8
29   84   8
30   83   9
31   105   9
32   144   10
33   130   10
34   122   9
35   109   9
36   81   8
37   85   8
38   66   7
39   64   8
40   69   7
41   48   8
42   87   7
43   53   8
44   62   6
45   50   8
46   48   7
47   47   8
48   35   7
49   43   8
50   26   6
51   58   7
52   23   6
53   35   7
54   51   6
55   33   7
56   -1   7
57   29   8
58   24   7
59   0   8
60   1   8
61   1   9
62   8   8
63   14   9
64   -32   9
65   -31   7
66   -20   8
67   0   7
68   -27   7
69   -42   10
70   -38   7
71   -48   9
72   -56   7
73   -35   7
74   -37   7
75   -51   8
76   -24   7
77   -42   7
78   -36   7
79   -41   9
80   -20   6
81   -68   7
82   -38   7
83   -44   7
84   -48   7
85   -63   8
86   -46   7
87   -73   7
88   -57   7
89   -41   7
90   -50   7
91   -78   7
92   -38   7
93   -39   7
94   -49   8
95   -39   7
96   110   37
97   -34   8
98   -54   8
99   -45   8
100   -149   11
101   -50   7
102   -42   7
103   -54   7
104   -75   7
105   -55   7
106   -61   7
107   -58   7
108   -53   8
109   -83   7
110   -52   8
111   -49   7
112   -45   33
113   -42   7
114   -52   7
115   -56   7
116   -73   9
117   -55   7
118   -32   7
119   -34   7
120   -52   10
121   -22   7
122   -11   7
123   -26   7
124   -23   7
125   -45   8
126   -20   8
127   -36   8
APV   19   18   18   3
0   7   32
1   32   12
2   29   8
3   7   9
4   5   11
5   20   7
6   20   8
7   24   7
8   47   8
9   40   7
10   59   9
11   32   7
12   43   8
13   50   7
14   43   7
15   36   6
16   4   33
17   77   7
18   59   8
19   72   6
20   70   8
21   75   7
22   85   8
23   101   6
24   65   8
25   82   7
26   108   9
27   80   7
28   82   8
29   93   8
30   84   9
31   88   8
32   159   10
33   121   10
34   124   8
35   112   9
36   89   8
37   87   8
38   74   7
39   92   8
40   71   6
41   99   8
42   74   6
43   86   8
44   74   6
45   82   9
46   81   6
47   72   8
48   49   7
49   49   8
50   40   6
51   45   7
52   33   6
53   30   8
54   39   6
55   45   7
56   36   6
57   27   8
58   33   7
59   57   9
60   35   8
61   12   9
62   29   8
63   21   10
64   -1   9
65   23   7
66   25   8
67   3   7
68   -24   7
69   -15   10
70   -17   7
71   -6   8
72   -25   6
73   -25   7
74   -55   7
75   -35   8
76   -60   6
77   -79   6
78   -73   6
79   -84   8
80   -68   6
81   -75   7
82   -64   6
83   -84   7
84   -45   7
85   -77   8
86   -85   7
87   -76   7
88   -102   7
89   -74   7
90   -106   7
91   -93   7
92   -90   7
93   -78   7
94   -110   7
95   -114   7
96   77   39
97   -86   7
98   -91   7
99   -82   7
100   -186   11
101   -100   7
102   -108   7
103   -81   7
104   -101   7
105   -77   7
106   -113   7
107   -70   7
108   -77   8
109   -93   7
110   -60   8
111   -58   6
112   -69   34
113   -83   7
114   -72   7
115   -64   6
116   -91   9
117   -54   7
118   -40   7
119   -56   7
120   -44   8
121   -32   7
122   -25   7
123   -42   7
124   -23   7
125   -17   7
126   12   9
127   -2   8
APV   19   18   18   4
0   -38   28
1   -23   9
2   0   6
3   -16   7
4   -37   8
5   -12   6
6   -11   6
7   6   6
8   12   6
9   0   6
10   17   7
11   11   7
12   41   8
13   38   6
14   40   6
15   25   6
16   -1   29
17   54   6
18   45   7
19   53   6
20   72   7
21   79   6
22   69   7
23   76   6
24   76   7
25   85   7
26   100   7
27   82   7
28   95   7
29   99   7
30   106   8
31   106   8
32   152   9
33   136   8
34   112   8
35   94   8
36   87   7
37   94   7
38   113   7
39   99   7
40   101   6
41   78   7
42   69   6
43   67   7
44   73   6
45   59   7
46   58   6
47   63   7
48   69   6
49   56   6
50   61   6
51   38   6
52   32   6
53   38   7
54   29   6
55   27   6
56   7   6
57   17   7
58   -10   6
59   7   7
60   -17   6
61   16   7
62   -13   6
63   -35   7
64   -37   7
65   -44   7
66   -24   7
67   -23   6
68   -39   6
69   -40   9
70   -40   6
71   -44   7
72   -40   6
73   -46   6
74   -39   6
75   -54   8
76   -45   6
77   -32   6
78   -46   6
79   -37   7
80   -61   6
81   -55   6
82   -64   6
83   -34   6
84   -60   6
85   -49   7
86   -72   6
87   -68   7
88   -43   7
89   -69   7
90   -50   7
91   -42   7
92   -52   7
93   -28   7
94   -55   7
95   -38   7
96   80   35
97   -55   7
98   -30   7
99   -66   7
100   -149   11
101   -77   7
102   -75   7
103   -62   7
104   -58   7
105   -41   7
106   -59   7
107   -68   6
108   -54   7
109   -66   6
110   -61   7
111   -56   6
112   -53   30
113   -58   6
114   -64   6
115   -46   6
116   -80   8
117   -56   6
118   -48   6
119   -18   6
120   -23   7
121   -29   6
122   -6   6
123   -48   6
124   -44   7
125   -33   6
126   -27   8
127   -20   7
APV   19   18   18   5
0   9   28
1   -10   8
2   12   6
3   14   7
4   -30   8
5   12   6
6   33   6
7   22   6
8   -2   6
9   35   6
10   45   6
11   40   6
12   31   6
13   35   6
14   30   6
15   16   6
16   8   28
17   24   6
18   72   6
19   32   6
20   42   6
21   50   6
22   76   7
23   64   6
24   51   7
25   79   6
26   60   7
27   72   6
28   71   7
29   72   7
30   87   7
31   101   7
32   119   8
33   126   8
34   112   7
35   115   7
36   68   7
37   78   7
38   67   7
39   75   7
40   75   6
41   71   6
42   56   6
43   51   6
44   55   6
45   59   7
46   56   6
47   52   6
48   33   6
49   47   6
50   49   6
51   0   6
52   40   6
53   14   6
54   9   6
55   36   6
56   -3   6
57   6   6
58   30   6
59   4   6
60   18   6
61   -4   6
62   -18   6
63   23   6
64   -18   7
65   4   7
66   -30   6
67   -7   6
68   -10   6
69   -12   8
70   -13   6
71   -9   7
72   -23   6
73   -26   6
74   -28   6
75   -17   7
76   -32   6
77   -10   6
78   -44   6
79   -26   8
80   -46   6
81   -51   6
82   -59   6
83   -56   6
84   -39   6
85   -89   7
86   -69   6
87   -77   6
88   -97   6
89   -89   7
90   -51   7
91   -53   7
92   -72   6
93   -75   6
94   -64   7
95   -45   7
96   93   36
97   -32   7
98   -70   7
99   -55   7
100   -168   11
101   -79   7
102   -68   7
103   -70   6
104   -79   6
105   -58   6
106   -65   7
107   -57   6
108   -69   7
109   -91   6
110   -71   6
111   -49   6
112   -36   31
113   -28   6
114   -67   6
115   -35   6
116   -60   9
117   -34   6
118   -33   6
119   -34   6
120   -42   7
121   -36   6
122   -13   6
123   -2   6
124   -23   6
125   4   6
126   11   7
127   -20   6
APV   19   18   18   6
0   -33   28
1   -34   8
2   -8   6
3   4   7
4   -18   8
5   2   6
6   -5   6
7   1   6
8   2   6
9   10   6
10   9   6
11   14   6
12   22   6
13   13   6
14   9   6
15   29   5
16   -44   29
17   20   6
18   11   6
19   4   6
20   7   6
21   27   6
22   30   7
23   4   6
24   20   7
25   45   6
26   35   7
27   43   6
28   41   7
29   63   7
30   61   7
31   76   7
32   118   8
33   83   8
34   73   7
35   61   7
36   61   7
37   58   7
38   32   6
39   40   7
40   39   6
41   34   6
42   16   6
43   29   6
44   11   6
45   20   7
46   7   6
47   19   6
48   13   6
49   15   6
50   22   6
51   26   6
52   16   5
53   18   6
54   22   6
55   14   6
56   7   5
57   -18   6
58   -4   6
59   21   6
60   -26   6
61   6   7
62   -8   6
63   -20   7
64   -8   6
65   -24   6
66   -3   6
67   -18   6
68   -10   6
69   8   8
70   -20   6
71   -13   6
72   -32   5
73   -19   6
74   -20   6
75   -34   6
76   -18   6
77   -27   6
78   -12   6
79   -18   6
80   -32   6
81   -25   6
82   -16   6
83   -28   6
84   -36   9
85   -28   6
86   -20   6
87   -21   6
88   -30   6
89   -19   7
90   -26   7
91   -39   6
92   -16   6
93   -6   7
94   -19   7
95   -8   7
96   121   35
97   21   7
98   13   7
99   -9   6
100   -101   10
101   -27   6
102   -15   7
103   -41   6
104   -32   6
105   -21   6
106   -46   6
107   -40   6
108   -32   7
109   -31   6
110   -20   6
111   -23   6
112   -24   30
113   -30   6
114   -17   6
115   -44   6
116   -48   8
117   -24   6
118   -3   6
119   -22   6
120   -17   7
121   -13   6
122   4   6
123   -36   6
124   -28   6
125   -20   6
126   -6   7
127   -7   6
APV   19   18   18   7
0   -11   27
1   -25   8
2   20   7
3   -8   7
4   -22   8
5   -2   6
6   -5   7
7   -6   6
8   -10   6
9   14   6
10   -3   7
11   -1   6
12   23   6
13   21   6
14   44   6
15   11   6
16   -7   28
17   35   6
18   37   7
19   19   8
20   39   7
21   33   6
22   50   7
23   34   6
24   69   7
25   73   7
26   52   7
27   58   7
28   75   7
29   88   7
30   80   8
31   111   7
32   142   8
33   116   8
34   103   7
35   111   8
36   73   7
37   58   7
38   66   7
39   64   7
40   67   6
41   70   7
42   48   6
43   87   7
44   39   6
45   27   7
46   43   6
47   42   7
48   27   6
49   23   7
50   26   6
51   2   6
52   29   6
53   8   6
54   32   6
55   17   6
56   -9   5
57   -11   6
58   -17   6
59   -16   6
60   0   6
61   -6   7
62   -21   6
63   12   7
64   -14   7
65   4   6
66   5   6
67   5   6
68   -8   6
69   -12   8
70   -8   6
71   0   7
72   -5   6
73   3   6
74   -14   6
75   -9   7
76   -17   6
77   -14   6
78   -5   6
79   -4   8
80   -36   6
81   -43   6
82   -33   6
83   -47   6
84   -49   6
85   -68   7
86   -46   6
87   -47   8
88   -36   8
89   -54   9
90   -67   8
91   -90   8
92   -61   8
93   -69   9
94   -53   8
95   -65   8
96   58   34
97   -85   7
98   -51   7
99   -65   7
100   -154   10
101   -95   7
102   -75   7
103   -77   6
104   -66   6
105   -74   7
106   -57   7
107   -44   6
108   -53   7
109   -44   6
110   -49   7
111   -53   6
112   -23   30
113   -41   6
114   -18   7
115   -19   6
116   -26   9
117   -15   6
118   -22   6
119   -8   6
120   -10   7
121   -8   6
122   -13   6
123   -3   6
124   -3   6
125   11   6
126   9   7
127   0   6
APV   19   18   18   8
0   0   0
1   0   0
2   0   0
3   0   0
4   0   0
5   0   0
6   0   0
7   0   0
8   0   0
9   0   0
10   0   0
11   0   0
12   0   0
13   0   0
14   0   0
15   0   0
16   0   0
17   0   0
18   0   0
19   0   0
20   0   0
21   0   0
22   0   0
23   0   0
24   0   0
25   0   0
26   0   0
27   0   0
28   0   0
29   0   0
30   0   0
31   0   0
32   0   0
33   0   0
34   0   0
35   0   0
36   0   0
37   0   0
38   0   0
39   0   0
40   0   0
41   0   0
42   0   0
43   0   0
44   0   0
45   0   0
46   0   0
47   0   0
48   0   0
49   0   0
50   0   0
51   0   0
52   0   0
53   0   0
54   0   0
55   0   0
56   0   0
57   0   0
58   0   0
59   0   0
60   0   0
61   0   0
62   0   0
63   0   0
64   0   0
65   0   0
66   0   0
67   0   0
68   0   0
69   0   0
70   0   0
71   0   0
72   0   0
73   0   0
74   0   0
75   0   0
76   0   0
77   0   0
78   0   0
79   0   0
80   0   0
81   0   0
82   0   0
83   0   0
84   0   0
85   0   0
86   0   0
87   0   0
88   0   0
89   0   0
90   0   0
91   0   0
92   0   0
93   0   0
94   0   0
95   0   0
96   0   0
97   0   0
98   0   0
99   0   0
100   0   0
101   0   0
102   0   0
103   0   0
104   0   0
105   0   0
106   0   0
107   0   0
108   0   0
109   0   0
110   0   0
111   0   0
112   0   0
113   0   0
114   0   0
115   0   0
116   0   0
117   0   0
118   0   0
119   0   0
120   0   0
121   0   0
122   0   0
123   0   0
124   0   0
125   0   0
126   0   0
127   0   0
APV   19   18   18   9
0   -19   28
1   14   9
2   -11   7
3   12   7
4   -33   8
5   -11   6
6   4   7
7   7   6
8   9   7
9   16   6
10   11   7
11   14   6
12   23   6
13   35   6
14   24   6
15   25   6
16   -32   29
17   37   6
18   47   7
19   12   6
20   23   7
21   32   6
22   28   7
23   44   6
24   24   7
25   51   7
26   48   7
27   37   7
28   54   7
29   54   7
30   61   8
31   54   8
32   81   9
33   65   9
34   80   8
35   64   8
36   41   7
37   57   7
38   31   7
39   41   7
40   45   6
41   47   7
42   48   6
43   60   7
44   44   6
45   17   7
46   31   6
47   40   6
48   34   7
49   27   6
50   39   6
51   25   6
52   26   6
53   29   6
54   16   6
55   15   6
56   16   6
57   6   6
58   14   6
59   8   7
60   12   6
61   9   7
62   7   7
63   9   7
64   13   7
65   2   8
66   -4   7
67   -4   7
68   -13   6
69   -13   9
70   -16   6
71   2   7
72   -16   6
73   -4   6
74   -29   6
75   -4   7
76   -20   6
77   -15   6
78   -32   6
79   -18   8
80   -19   6
81   -46   6
82   -37   6
83   -38   6
84   -41   6
85   -41   7
86   -47   6
87   -31   7
88   -54   7
89   -58   7
90   -43   7
91   -51   7
92   -45   7
93   -50   7
94   -43   7
95   -56   7
96   95   36
97   -20   7
98   -39   7
99   -51   7
100   -163   11
101   -52   7
102   -49   7
103   -60   7
104   -67   7
105   -53   7
106   -43   7
107   -35   6
108   -57   7
109   -26   6
110   -26   7
111   -35   6
112   -22   31
113   -32   6
114   -28   6
115   -22   6
116   -69   8
117   -28   6
118   -12   6
119   -16   6
120   -24   8
121   1   6
122   14   6
123   -20   6
124   4   7
125   0   6
126   1   8
127   27   7
APV   19   18   18   10
0   -45   27
1   -3   8
2   -22   7
3   17   7
4   -14   8
5   0   6
6   -3   6
7   13   6
8   26   6
9   1   6
10   25   7
11   29   6
12   40   6
13   27   6
14   57   6
15   57   6
16   -13   28
17   38   6
18   30   6
19   48   6
20   59   7
21   82   6
22   102   7
23   97   6
24   97   7
25   100   6
26   107   7
27   123   7
28   138   7
29   145   7
30   134   8
31   140   8
32   163   9
33   158   8
34   136   8
35   125   8
36   122   7
37   137   7
38   131   7
39   110   7
40   105   6
41   108   6
42   112   6
43   95   6
44   76   6
45   77   7
46   54   6
47   65   6
48   47   6
49   65   6
50   64   5
51   39   6
52   28   5
53   59   6
54   49   5
55   39   6
56   22   5
57   27   6
58   12   6
59   15   6
60   14   6
61   -9   7
62   -5   6
63   12   7
64   -1   7
65   -21   7
66   -45   6
67   -15   6
68   -54   6
69   -25   9
70   -21   6
71   -39   7
72   -54   5
73   -62   6
74   -39   6
75   -62   7
76   -75   6
77   -66   6
78   -77   6
79   -59   7
80   -58   5
81   -63   6
82   -46   6
83   -66   6
84   -80   6
85   -65   7
86   -63   6
87   -79   7
88   -73   6
89   -92   7
90   -67   6
91   -64   7
92   -82   6
93   -81   7
94   -77   7
95   -90   7
96   46   35
97   -65   7
98   -57   7
99   -64   7
100   -176   10
101   -92   6
102   -67   7
103   -89   6
104   -84   6
105   -73   6
106   -82   7
107   -69   6
108   -65   7
109   -90   6
110   -56   6
111   -69   6
112   -59   30
113   -59   6
114   -60   6
115   -71   6
116   -101   8
117   -61   6
118   -68   6
119   -70   6
120   -59   7
121   -57   6
122   -45   6
123   -48   7
124   -39   7
125   -15   8
126   -17   9
127   -29   6
APV   19   18   18   11
0   -24   29
1   0   9
2   14   9
3   3   6
4   0   8
5   16   5
6   20   7
7   15   5
8   -9   6
9   43   5
10   16   7
11   35   5
12   41   6
13   34   5
14   27   6
15   30   5
16   -12   30
17   21   6
18   40   6
19   31   5
20   18   7
21   68   6
22   48   7
23   70   6
24   29   7
25   73   6
26   60   7
27   64   6
28   31   7
29   34   7
30   71   7
31   83   7
32   90   8
33   94   8
34   90   7
35   76   7
36   53   6
37   54   7
38   54   6
39   74   7
40   53   6
41   50   6
42   59   6
43   36   6
44   37   5
45   54   7
46   49   5
47   23   6
48   39   5
49   62   6
50   38   5
51   34   6
52   46   5
53   36   6
54   49   5
55   22   6
56   3   5
57   19   6
58   44   5
59   14   6
60   11   5
61   12   7
62   7   5
63   27   7
64   -6   6
65   9   6
66   -27   6
67   -6   5
68   -10   5
69   -16   8
70   -18   6
71   -4   6
72   -7   5
73   -37   5
74   -40   6
75   -24   7
76   -19   6
77   -28   5
78   -49   6
79   -15   7
80   -26   5
81   -34   6
82   -46   5
83   -37   6
84   -38   6
85   -65   6
86   -23   6
87   -50   6
88   -73   6
89   -66   6
90   -68   6
91   -79   6
92   -55   6
93   -55   6
94   -53   6
95   -35   6
96   78   37
97   -43   6
98   -46   6
99   -55   6
100   -155   10
101   -75   6
102   -62   6
103   -53   6
104   -61   6
105   -53   6
106   -51   6
107   -60   6
108   -67   7
109   -49   6
110   -43   6
111   -40   7
112   -36   32
113   -68   7
114   -41   7
115   -22   7
116   -42   9
117   -30   7
118   -46   7
119   -26   7
120   -17   8
121   -20   7
122   -16   7
123   -14   7
124   -42   7
125   -24   8
126   11   7
127   -27   8
APV   20   3   3   12
0   -36   8
1   110   41
2   -29   8
3   -10   8
4   -25   7
5   -7   8
6   -47   7
7   -25   7
8   -37   8
9   -186   13
10   -41   7
11   -28   8
12   -64   7
13   -26   8
14   -53   7
15   -65   7
16   -38   7
17   -64   7
18   -39   7
19   -37   7
20   -17   7
21   -52   7
22   -30   7
23   -40   7
24   -28   7
25   -54   8
26   -11   6
27   -24   7
28   -20   7
29   -34   7
30   -36   6
31   -59   6
32   -38   8
33   -15   36
34   -36   6
35   -26   6
36   -16   6
37   -35   7
38   -30   6
39   -26   6
40   -16   7
41   -53   10
42   -24   6
43   -33   6
44   -24   6
45   -15   6
46   -5   6
47   -41   6
48   -24   7
49   -14   7
50   -27   6
51   13   6
52   -9   9
53   -11   6
54   1   6
55   -16   6
56   19   6
57   -10   6
58   11   6
59   -22   6
60   29   7
61   13   7
62   6   7
63   14   6
64   3   7
65   12   34
66   2   6
67   24   8
68   21   7
69   21   6
70   11   6
71   10   7
72   10   7
73   -11   8
74   0   6
75   -8   6
76   16   7
77   24   7
78   11   6
79   24   6
80   39   7
81   20   6
82   32   6
83   15   6
84   60   7
85   14   7
86   35   6
87   29   6
88   26   6
89   40   6
90   40   6
91   18   6
92   59   6
93   34   6
94   30   6
95   45   6
96   32   7
97   -29   32
98   9   6
99   17   6
100   18   7
101   30   7
102   41   6
103   17   6
104   3   7
105   -6   8
106   33   7
107   4   6
108   25   7
109   20   7
110   9   7
111   34   6
112   21   8
113   -3   7
114   34   7
115   25   7
116   43   8
117   6   8
118   31   8
119   26   7
120   47   9
121   38   8
122   68   9
123   29   8
124   94   9
125   46   8
126   106   9
127   37   8
APV   20   3   3   13
0   -55   7
1   118   40
2   -42   8
3   -51   8
4   -47   8
5   -36   8
6   -62   8
7   -42   8
8   -49   8
9   -186   15
10   -58   8
11   -64   8
12   -47   8
13   -67   9
14   -30   7
15   -38   7
16   -31   7
17   -46   7
18   -37   7
19   -35   7
20   -30   7
21   -30   8
22   -55   7
23   -46   7
24   -39   7
25   -48   8
26   -26   7
27   -40   7
28   -44   7
29   -51   7
30   -25   6
31   -35   6
32   -4   8
33   -20   36
34   0   6
35   -39   7
36   -25   6
37   -21   7
38   -7   6
39   -25   6
40   -16   8
41   -52   10
42   -18   6
43   -17   6
44   -29   6
45   -5   6
46   -33   12
47   -11   6
48   6   7
49   -18   7
50   -15   6
51   -22   8
52   -14   8
53   -14   6
54   -5   6
55   -22   6
56   2   6
57   -18   6
58   -16   6
59   -17   6
60   6   6
61   2   8
62   -23   7
63   -10   6
64   20   6
65   -11   33
66   -1   6
67   -12   6
68   -3   7
69   2   6
70   -5   6
71   4   6
72   24   8
73   -22   9
74   6   6
75   -10   6
76   7   8
77   6   6
78   2   10
79   0   6
80   17   6
81   23   7
82   24   6
83   10   8
84   7   7
85   3   7
86   12   6
87   5   6
88   11   9
89   12   15
90   13   6
91   20   6
92   17   9
93   16   9
94   18   7
95   -9   6
96   27   8
97   -24   33
98   25   8
99   22   6
100   30   8
101   44   9
102   15   8
103   30   6
104   38   13
105   16   8
106   35   9
107   31   7
108   42   7
109   26   8
110   28   7
111   22   7
112   57   8
113   49   8
114   68   12
115   54   7
116   76   9
117   59   8
118   71   14
119   52   7
120   111   9
121   68   8
122   91   9
123   87   8
124   113   10
125   88   9
126   138   10
127   86   9
APV   20   3   3   14
0   -36   7
1   193   39
2   -28   7
3   -8   7
4   -38   7
5   -23   7
6   -28   7
7   -23   7
8   -52   7
9   -179   13
10   -31   7
11   -37   7
12   -31   7
13   -40   7
14   -14   7
15   -29   7
16   -26   7
17   -45   7
18   -31   6
19   -34   7
20   -29   7
21   -19   7
22   -15   6
23   -28   7
24   -32   7
25   -32   7
26   -39   6
27   -23   6
28   -27   7
29   -28   7
30   -7   6
31   -19   6
32   -20   8
33   -5   34
34   -17   6
35   -45   6
36   -18   6
37   -38   7
38   -18   6
39   -23   6
40   -22   7
41   -74   10
42   -28   7
43   -24   6
44   -6   6
45   -18   6
46   -20   6
47   0   6
48   4   7
49   -1   7
50   -19   6
51   -18   6
52   -21   9
53   -8   6
54   3   6
55   -34   6
56   -11   6
57   -4   6
58   -7   7
59   -17   7
60   -16   7
61   -16   7
62   -7   8
63   -19   7
64   6   7
65   -20   31
66   4   6
67   -10   7
68   11   7
69   -9   6
70   -7   6
71   1   7
72   -10   7
73   -27   8
74   11   6
75   -7   6
76   8   7
77   -1   6
78   0   6
79   -3   6
80   -1   6
81   -15   6
82   13   6
83   0   6
84   9   6
85   -4   7
86   7   6
87   12   6
88   17   6
89   5   6
90   -7   6
91   6   6
92   3   7
93   -6   6
94   8   6
95   -9   6
96   30   7
97   -23   29
98   12   6
99   8   6
100   23   7
101   5   7
102   10   6
103   20   6
104   30   7
105   9   7
106   43   6
107   38   6
108   57   7
109   8   7
110   38   6
111   36   6
112   44   7
113   48   7
114   71   7
115   58   7
116   69   8
117   58   7
118   71   7
119   62   7
120   84   8
121   59   8
122   82   8
123   66   7
124   78   9
125   80   8
126   106   9
127   61   8
APV   20   3   3   15
0   -58   7
1   155   39
2   -16   7
3   -31   7
4   -36   7
5   -29   7
6   -28   7
7   -51   7
8   -39   7
9   -189   13
10   -31   7
11   -41   7
12   -34   7
13   -39   7
14   -32   7
15   -31   7
16   -54   7
17   -68   7
18   -20   7
19   -34   7
20   -41   7
21   -46   7
22   -6   7
23   -24   7
24   -11   7
25   -39   8
26   -46   6
27   -24   6
28   -22   6
29   -36   7
30   -34   6
31   -14   6
32   -22   8
33   -23   34
34   -26   6
35   -1   6
36   -30   6
37   -19   7
38   -5   6
39   -31   6
40   -11   7
41   -77   9
42   -14   6
43   -26   6
44   -4   6
45   -2   6
46   -1   6
47   -10   6
48   -4   7
49   -28   7
50   -4   6
51   -9   6
52   -23   9
53   -14   6
54   0   6
55   6   6
56   -14   6
57   1   6
58   -11   6
59   -2   6
60   -11   7
61   12   7
62   -9   6
63   -1   6
64   18   7
65   -9   31
66   10   6
67   4   7
68   12   7
69   9   6
70   7   6
71   -4   6
72   20   7
73   -26   8
74   20   6
75   25   6
76   12   7
77   27   6
78   11   6
79   7   6
80   32   6
81   0   6
82   1   6
83   23   6
84   22   7
85   28   7
86   25   6
87   2   6
88   9   6
89   15   6
90   11   6
91   12   6
92   9   7
93   20   6
94   6   6
95   16   6
96   15   7
97   -25   29
98   9   6
99   0   6
100   8   7
101   0   7
102   12   6
103   0   6
104   36   7
105   0   8
106   21   6
107   40   6
108   18   7
109   17   7
110   36   6
111   34   6
112   63   7
113   37   7
114   36   7
115   41   7
116   33   8
117   41   8
118   59   7
119   57   7
120   46   8
121   51   8
122   69   8
123   51   7
124   69   9
125   50   8
126   93   9
127   70   8
APV   20   4   4   0
0   -44   7
1   151   35
2   -46   7
3   -41   7
4   -46   7
5   -47   7
6   -36   6
7   -28   7
8   -60   7
9   -155   15
10   -32   7
11   -21   7
12   -46   7
13   -54   7
14   -52   6
15   -34   7
16   -48   7
17   -60   7
18   -30   6
19   -47   6
20   -48   7
21   -55   7
22   -61   6
23   -30   6
24   -19   7
25   -56   7
26   -26   6
27   -49   6
28   -29   6
29   -31   7
30   -30   6
31   -42   6
32   -32   8
33   1   28
34   -22   6
35   -42   6
36   -21   6
37   -32   7
38   -31   6
39   -38   6
40   -12   7
41   -103   10
42   -32   6
43   -45   6
44   -36   6
45   -49   6
46   -28   6
47   -45   6
48   -22   6
49   -18   7
50   -20   6
51   -32   6
52   3   8
53   -25   6
54   -19   6
55   -23   6
56   -12   6
57   -20   6
58   -12   6
59   -40   6
60   1   6
61   -11   7
62   -3   6
63   -20   6
64   3   7
65   -4   25
66   -8   6
67   -15   7
68   0   7
69   -5   6
70   0   6
71   4   6
72   30   6
73   -27   8
74   3   6
75   9   6
76   20   6
77   15   6
78   23   5
79   0   6
80   41   6
81   32   6
82   25   5
83   28   5
84   14   6
85   30   6
86   42   6
87   13   6
88   43   6
89   19   6
90   30   6
91   41   6
92   42   6
93   34   6
94   42   6
95   37   6
96   28   7
97   0   23
98   50   6
99   43   6
100   32   7
101   41   6
102   32   6
103   29   6
104   49   7
105   21   7
106   31   6
107   36   6
108   46   7
109   39   7
110   53   6
111   32   6
112   28   7
113   21   7
114   53   7
115   33   7
116   70   8
117   58   7
118   38   7
119   53   7
120   91   8
121   48   7
122   89   8
123   54   7
124   95   9
125   78   8
126   103   9
127   64   8
APV   20   4   4   1
0   82   7
1   63   8
2   84   7
3   97   8
4   43   7
5   79   7
6   46   7
7   94   7
8   31   6
9   57   7
10   52   7
11   51   7
12   30   6
13   41   6
14   -2   6
15   23   7
16   38   6
17   15   6
18   24   6
19   36   6
20   26   5
21   18   6
22   1   7
23   27   6
24   9   5
25   31   5
26   33   6
27   15   6
28   32   6
29   20   5
30   -14   20
31   29   6
32   39   5
33   23   6
34   55   6
35   55   6
36   11   6
37   18   6
38   20   6
39   33   6
40   14   5
41   30   5
42   6   6
43   22   6
44   23   5
45   20   5
46   14   6
47   8   6
48   -1   5
49   2   5
50   2   6
51   9   6
52   14   5
53   3   5
54   -11   8
55   8   6
56   18   6
57   -5   6
58   10   6
59   -7   7
60   -26   7
61   11   6
62   0   22
63   8   7
64   -27   6
65   -33   6
66   -23   6
67   -20   6
68   -33   6
69   -35   6
70   -31   6
71   -8   5
72   -17   6
73   -20   5
74   -24   5
75   -12   8
76   -27   6
77   -36   6
78   -29   7
79   -25   6
80   -43   6
81   -19   5
82   -31   5
83   -28   5
84   -22   6
85   -42   6
86   -83   8
87   -15   7
88   -25   6
89   -23   5
90   -15   6
91   -26   5
92   -39   6
93   -14   6
94   -20   25
95   -9   7
96   -35   6
97   -46   5
98   -41   6
99   -37   6
100   -43   6
101   -43   6
102   -47   7
103   -21   6
104   -44   6
105   -26   6
106   -51   6
107   -29   6
108   -22   6
109   -39   6
110   -35   6
111   -46   6
112   -39   6
113   -39   6
114   -3   7
115   -44   6
116   -32   7
117   -18   6
118   -111   12
119   -17   6
120   4   7
121   -26   6
122   -6   7
123   -21   6
124   -6   7
125   5   7
126   187   31
127   -5   7
APV   20   4   4   2
0   48   7
1   8   8
2   63   7
3   79   7
4   30   6
5   70   7
6   20   6
7   35   7
8   10   6
9   31   6
10   21   6
11   53   7
12   21   6
13   28   6
14   7   6
15   25   6
16   34   5
17   17   5
18   5   6
19   37   6
20   29   5
21   27   5
22   18   6
23   18   6
24   24   5
25   23   5
26   33   6
27   19   6
28   25   5
29   21   5
30   6   25
31   37   6
32   33   5
33   60   6
34   44   6
35   46   6
36   10   5
37   41   5
38   26   6
39   24   6
40   19   5
41   36   5
42   13   6
43   42   6
44   28   5
45   33   5
46   25   6
47   13   6
48   29   5
49   13   5
50   31   6
51   31   6
52   27   5
53   10   5
54   -5   7
55   9   6
56   22   6
57   19   6
58   13   6
59   -13   7
60   -1   7
61   10   6
62   2   26
63   42   6
64   -5   6
65   -5   6
66   -8   6
67   -3   6
68   -25   6
69   -3   6
70   -25   6
71   -2   5
72   -12   5
73   -17   5
74   -25   5
75   0   7
76   -24   6
77   -24   6
78   -26   6
79   -26   6
80   -37   5
81   -26   5
82   -23   5
83   -13   5
84   -28   6
85   -27   6
86   -67   8
87   -25   6
88   -27   6
89   -23   5
90   -34   6
91   -46   5
92   -49   6
93   -32   6
94   -9   29
95   -15   7
96   -31   6
97   -43   5
98   -40   6
99   -27   6
100   -37   6
101   -20   6
102   -48   7
103   -24   6
104   -28   6
105   -27   6
106   -52   6
107   -32   6
108   -39   6
109   -37   6
110   -38   6
111   -34   6
112   -37   6
113   -36   6
114   -31   6
115   -34   6
116   -38   7
117   -35   6
118   -137   11
119   -36   6
120   -4   7
121   -25   6
122   -17   7
123   -36   6
124   3   7
125   -34   7
126   143   33
127   -31   6
APV   20   4   4   3
0   62   7
1   4   8
2   50   7
3   74   8
4   80   7
5   78   7
6   46   7
7   76   7
8   30   6
9   52   6
10   66   7
11   62   7
12   51   6
13   48   6
14   36   6
15   38   6
16   44   5
17   50   6
18   34   6
19   42   6
20   38   5
21   23   6
22   25   6
23   36   6
24   27   5
25   46   5
26   41   6
27   30   6
28   16   5
29   38   5
30   -21   25
31   21   6
32   26   6
33   45   6
34   52   6
35   43   6
36   44   6
37   50   6
38   27   6
39   47   6
40   2   6
41   26   5
42   28   6
43   35   6
44   18   5
45   35   5
46   21   6
47   12   6
48   16   6
49   16   5
50   20   6
51   16   6
52   6   6
53   9   5
54   4   8
55   31   6
56   16   6
57   17   6
58   6   6
59   3   7
60   3   7
61   9   6
62   -17   27
63   16   7
64   -15   6
65   -2   6
66   -1   7
67   -11   6
68   2   6
69   -11   6
70   -4   6
71   -8   6
72   -11   6
73   -15   6
74   1   6
75   -21   8
76   -8   6
77   -13   6
78   -6   7
79   -15   6
80   -3   6
81   4   5
82   -11   5
83   -17   5
84   -16   6
85   -22   6
86   -65   8
87   -1   7
88   -20   6
89   -19   5
90   -30   6
91   -29   5
92   -40   6
93   -10   6
94   -47   29
95   -25   7
96   -58   6
97   -41   6
98   -19   6
99   -33   6
100   -45   6
101   -40   6
102   -58   7
103   -36   6
104   -56   6
105   -41   6
106   -33   7
107   -39   7
108   -44   6
109   -60   6
110   -63   6
111   -51   7
112   -46   7
113   -39   6
114   -35   7
115   -51   7
116   -77   7
117   -66   7
118   -177   11
119   -47   7
120   -59   7
121   -55   6
122   -47   7
123   -26   7
124   -55   7
125   -29   7
126   31   34
127   -39   7
APV   20   4   4   4
0   50   7
1   10   8
2   54   7
3   58   8
4   46   6
5   61   7
6   48   6
7   62   7
8   25   6
9   43   7
10   25   6
11   44   7
12   38   6
13   46   6
14   28   6
15   52   6
16   15   5
17   23   6
18   13   11
19   13   6
20   7   5
21   30   6
22   9   6
23   13   9
24   -4   5
25   6   5
26   9   6
27   17   6
28   -10   6
29   -2   5
30   -48   28
31   16   5
32   8   6
33   28   6
34   5   7
35   22   6
36   13   6
37   17   6
38   -4   7
39   21   6
40   0   5
41   22   5
42   17   6
43   4   10
44   18   5
45   24   5
46   -10   6
47   10   8
48   5   5
49   8   5
50   -2   6
51   0   6
52   1   5
53   -3   5
54   -20   7
55   24   6
56   11   5
57   12   5
58   3   5
59   30   6
60   -11   5
61   4   5
62   -2   30
63   15   5
64   4   5
65   6   5
66   1   7
67   4   6
68   -6   5
69   18   5
70   0   6
71   2   5
72   2   5
73   9   5
74   -3   5
75   5   8
76   -15   5
77   1   5
78   -21   6
79   5   6
80   -5   5
81   5   5
82   -18   5
83   -11   5
84   -17   5
85   0   5
86   -37   8
87   4   6
88   -2   5
89   9   5
90   -17   6
91   5   5
92   -9   6
93   -10   5
94   7   32
95   -6   7
96   -21   6
97   -18   5
98   -25   6
99   -23   5
100   -21   6
101   -19   6
102   -17   7
103   -10   6
104   -38   6
105   -22   6
106   -50   7
107   -31   6
108   -46   6
109   -16   6
110   -47   6
111   -42   7
112   -53   7
113   -59   6
114   -46   7
115   -41   7
116   -48   7
117   -52   7
118   -170   12
119   -56   7
120   -18   7
121   -15   7
122   -17   7
123   -27   7
124   -10   7
125   -27   7
126   131   37
127   -29   7
APV   20   4   4   5
0   69   7
1   38   8
2   63   7
3   61   8
4   50   6
5   76   7
6   40   7
7   60   7
8   42   6
9   53   6
10   55   7
11   50   7
12   57   6
13   49   6
14   35   6
15   57   7
16   43   5
17   52   6
18   58   6
19   51   6
20   37   5
21   71   6
22   29   7
23   75   6
24   54   5
25   54   5
26   43   6
27   62   7
28   43   6
29   57   5
30   14   28
31   70   6
32   66   6
33   85   6
34   69   6
35   57   7
36   55   6
37   72   5
38   63   6
39   73   6
40   43   6
41   66   5
42   46   7
43   72   6
44   52   5
45   64   5
46   37   7
47   57   7
48   37   5
49   46   5
50   31   6
51   57   7
52   31   6
53   49   5
54   -5   8
55   54   7
56   2   7
57   34   6
58   11   6
59   25   7
60   2   8
61   20   6
62   0   30
63   25   7
64   -26   6
65   -14   6
66   -27   7
67   -17   6
68   -35   6
69   -25   6
70   -27   6
71   -25   6
72   -38   5
73   -22   5
74   -26   5
75   -18   8
76   -47   5
77   -30   6
78   -55   6
79   -6   6
80   -45   5
81   -42   5
82   -59   5
83   -52   5
84   -53   5
85   -38   6
86   -86   8
87   -26   6
88   -57   6
89   -37   5
90   -62   6
91   -55   5
92   -69   6
93   -48   6
94   -45   32
95   -62   7
96   -61   6
97   -68   5
98   -53   6
99   -64   6
100   -62   6
101   -59   6
102   -78   7
103   -68   6
104   -56   6
105   -68   6
106   -61   7
107   -50   6
108   -75   6
109   -56   6
110   -76   6
111   -50   6
112   -60   6
113   -45   6
114   -57   7
115   -78   7
116   -40   7
117   -51   7
118   -177   12
119   -48   7
120   -52   7
121   -38   7
122   -48   7
123   -46   7
124   -62   7
125   -31   7
126   98   37
127   -46   8
APV   20   4   4   6
0   102   10
1   95   11
2   101   12
3   102   10
4   64   8
5   100   9
6   89   13
7   113   10
8   95   8
9   113   8
10   94   8
11   93   9
12   92   7
13   97   8
14   83   8
15   76   8
16   73   7
17   79   7
18   77   8
19   57   8
20   71   7
21   87   7
22   42   8
23   61   8
24   59   7
25   56   7
26   71   8
27   72   9
28   49   7
29   56   7
30   28   25
31   48   8
32   41   6
33   39   7
34   54   7
35   68   8
36   38   6
37   37   6
38   52   7
39   38   7
40   33   6
41   27   6
42   21   8
43   47   8
44   21   6
45   31   6
46   10   8
47   15   8
48   9   7
49   12   6
50   11   7
51   30   8
52   -3   7
53   15   6
54   -5   9
55   6   8
56   -10   8
57   14   7
58   -10   7
59   4   9
60   -17   9
61   10   7
62   -21   26
63   14   9
64   -11   7
65   -3   8
66   -16   8
67   -25   7
68   -41   7
69   -14   7
70   -30   7
71   -4   6
72   -20   6
73   -24   6
74   -40   7
75   -31   9
76   -30   7
77   -45   7
78   -8   8
79   -36   8
80   -28   6
81   -37   6
82   -34   7
83   -29   7
84   -34   6
85   -33   6
86   -60   9
87   -30   8
88   -56   7
89   -14   6
90   -48   7
91   -40   7
92   -33   7
93   -43   6
94   -44   29
95   -32   9
96   -45   6
97   -46   6
98   -65   8
99   -50   7
100   -66   7
101   -45   6
102   -52   8
103   -27   8
104   -53   7
105   -54   7
106   -67   8
107   -60   8
108   -81   7
109   -65   7
110   -86   8
111   -72   8
112   -81   7
113   -80   7
114   -74   8
115   -59   8
116   -73   7
117   -92   7
118   -192   12
119   -81   8
120   -80   8
121   -61   7
122   -76   8
123   -57   7
124   -83   8
125   -66   8
126   27   33
127   -79   8
APV   20   4   4   7
0   76   11
1   93   13
2   73   11
3   94   12
4   60   8
5   76   10
6   63   11
7   74   11
8   48   8
9   78   9
10   59   9
11   62   9
12   62   8
13   47   8
14   37   8
15   71   9
16   40   7
17   36   7
18   30   8
19   54   8
20   16   7
21   40   7
22   31   8
23   42   8
24   11   7
25   14   7
26   35   7
27   26   8
28   11   7
29   48   7
30   3   24
31   31   8
32   35   7
33   49   7
34   41   7
35   52   7
36   39   7
37   15   6
38   34   7
39   33   7
40   29   7
41   38   6
42   20   7
43   47   7
44   8   6
45   20   6
46   28   7
47   16   7
48   4   6
49   -3   6
50   37   7
51   12   7
52   10   7
53   11   6
54   -15   9
55   31   7
56   -7   7
57   -2   7
58   11   7
59   6   8
60   -1   8
61   14   7
62   -14   26
63   22   8
64   -19   7
65   -13   7
66   -19   8
67   -1   8
68   -26   7
69   -17   7
70   -17   7
71   -13   7
72   -12   7
73   -23   7
74   -15   7
75   -14   9
76   -24   7
77   -36   7
78   -25   8
79   -30   7
80   -35   7
81   -25   7
82   -26   7
83   -15   7
84   -35   7
85   -22   7
86   -72   10
87   -33   8
88   -34   7
89   -36   7
90   -35   7
91   -31   7
92   -44   7
93   -30   7
94   -7   28
95   -33   9
96   -38   7
97   -47   7
98   -33   8
99   -38   7
100   -30   7
101   -24   7
102   -44   9
103   -40   7
104   -33   7
105   -39   7
106   -41   8
107   -37   8
108   -36   7
109   -46   7
110   -53   8
111   -24   8
112   -58   8
113   -34   8
114   -72   8
115   -37   8
116   -57   8
117   -41   8
118   -175   13
119   -42   8
120   -56   8
121   -48   8
122   -52   8
123   -45   8
124   -48   8
125   -37   8
126   106   34
127   -39   9
APV   20   4   4   8
0   66   10
1   94   11
2   71   12
3   67   10
4   46   8
5   64   9
6   60   12
7   85   10
8   44   8
9   50   9
10   59   12
11   59   9
12   33   8
13   50   8
14   33   12
15   46   9
16   24   7
17   50   7
18   29   8
19   23   8
20   37   7
21   36   7
22   12   8
23   40   8
24   35   6
25   36   7
26   27   7
27   35   8
28   31   7
29   25   7
30   0   22
31   28   8
32   24   6
33   27   7
34   17   7
35   13   7
36   8   6
37   29   6
38   14   7
39   38   7
40   12   6
41   1   6
42   0   8
43   32   7
44   15   6
45   23   6
46   13   7
47   25   7
48   11   6
49   28   6
50   12   7
51   25   7
52   11   7
53   0   6
54   -16   9
55   43   8
56   4   8
57   36   7
58   4   7
59   13   8
60   -1   9
61   6   7
62   -6   24
63   19   8
64   -16   7
65   -7   8
66   -28   8
67   -11   8
68   -12   7
69   -24   7
70   -22   7
71   -10   7
72   -37   6
73   -26   6
74   -33   7
75   -43   9
76   -25   7
77   -35   6
78   -21   8
79   -3   7
80   -23   6
81   -35   6
82   -23   7
83   -17   6
84   -37   7
85   -23   6
86   -70   10
87   -27   8
88   -32   6
89   -33   6
90   -35   7
91   -17   7
92   -52   7
93   -40   6
94   -16   27
95   -15   9
96   -36   6
97   -61   6
98   -12   8
99   -38   7
100   -37   7
101   -28   6
102   -43   9
103   -39   7
104   -46   7
105   -37   7
106   -48   8
107   -24   8
108   -43   7
109   -38   7
110   -32   8
111   -38   8
112   -28   7
113   -34   7
114   -35   8
115   -48   8
116   -62   7
117   -42   7
118   -136   13
119   -37   8
120   -11   8
121   -15   7
122   -11   8
123   -43   8
124   -17   8
125   -17   7
126   138   33
127   -22   8
APV   20   4   4   9
0   50   9
1   95   9
2   23   8
3   75   9
4   39   7
5   52   8
6   23   7
7   48   8
8   28   7
9   30   7
10   10   8
11   32   8
12   21   7
13   29   7
14   9   7
15   27   8
16   5   6
17   -7   6
18   0   7
19   15   7
20   11   6
21   4   7
22   3   8
23   25   7
24   1   6
25   -12   6
26   -4   7
27   -8   8
28   16   6
29   7   6
30   -36   22
31   14   7
32   1   6
33   7   6
34   1   6
35   19   7
36   9   7
37   4   6
38   -9   7
39   9   6
40   15   6
41   -1   6
42   -25   7
43   -13   7
44   4   6
45   -16   6
46   -25   7
47   0   7
48   -8   6
49   2   6
50   -6   7
51   12   7
52   2   6
53   2   6
54   -27   8
55   4   7
56   -3   7
57   0   6
58   0   7
59   -4   7
60   6   8
61   5   7
62   -13   24
63   0   7
64   -32   7
65   -10   7
66   6   8
67   -18   7
68   -12   7
69   5   7
70   -6   7
71   8   7
72   14   7
73   8   6
74   2   7
75   -8   9
76   -15   7
77   -3   7
78   -1   8
79   2   7
80   -6   6
81   -3   6
82   -6   6
83   22   6
84   1   7
85   -4   7
86   -53   9
87   2   8
88   -20   6
89   12   6
90   8   7
91   7   6
92   15   7
93   -6   6
94   27   27
95   -20   8
96   -28   6
97   -7   6
98   -24   7
99   -30   7
100   -27   6
101   -4   6
102   -41   8
103   -29   7
104   -9   7
105   -8   7
106   -40   7
107   -34   8
108   -20   7
109   -36   7
110   -21   7
111   -43   7
112   -14   7
113   -23   7
114   -28   7
115   -10   7
116   -14   7
117   -11   7
118   -120   14
119   -12   7
120   1   7
121   3   7
122   11   8
123   -19   8
124   29   8
125   -18   7
126   139   32
127   -5   8
APV   20   4   4   10
0   61   9
1   106   9
2   74   8
3   90   8
4   53   7
5   79   8
6   29   7
7   68   8
8   52   6
9   34   7
10   23   7
11   47   7
12   50   7
13   65   7
14   11   7
15   37   7
16   29   6
17   37   6
18   35   7
19   39   7
20   16   6
21   34   6
22   -1   7
23   20   7
24   27   6
25   1   6
26   2   6
27   19   7
28   12   6
29   20   6
30   7   17
31   34   7
32   11   6
33   12   6
34   17   6
35   17   6
36   0   6
37   2   6
38   9   6
39   10   6
40   15   6
41   12   6
42   21   7
43   4   6
44   6   6
45   26   6
46   10   6
47   22   6
48   -10   6
49   13   6
50   18   6
51   14   7
52   6   6
53   0   6
54   -33   8
55   9   7
56   0   7
57   -6   6
58   2   6
59   18   7
60   -2   7
61   -3   6
62   1   19
63   0   7
64   -19   6
65   -4   7
66   0   7
67   -21   7
68   -8   6
69   -5   6
70   -25   6
71   -2   6
72   -5   6
73   4   6
74   -19   6
75   -10   8
76   -11   6
77   -9   6
78   -40   7
79   -9   7
80   -20   6
81   -31   6
82   -22   6
83   -36   6
84   -30   6
85   -9   6
86   -85   10
87   -26   7
88   -14   6
89   -27   6
90   -44   7
91   -12   6
92   -33   6
93   -23   6
94   16   23
95   -40   8
96   -35   6
97   -17   6
98   -36   7
99   -16   6
100   -39   6
101   -29   6
102   -28   7
103   -43   6
104   -32   6
105   -16   6
106   -15   7
107   -14   7
108   -29   6
109   -24   6
110   -41   7
111   -31   7
112   -45   6
113   -49   6
114   -43   7
115   -29   7
116   -49   7
117   -40   6
118   -105   16
119   -23   7
120   -14   7
121   -33   6
122   -19   7
123   -42   7
124   -3   7
125   -20   7
126   182   33
127   -38   7
APV   20   4   4   11
0   74   10
1   76   10
2   53   9
3   82   9
4   76   8
5   58   9
6   56   8
7   66   9
8   59   7
9   61   8
10   66   8
11   64   8
12   64   7
13   44   7
14   62   8
15   62   8
16   51   6
17   57   7
18   62   8
19   50   8
20   39   6
21   51   7
22   16   8
23   48   7
24   49   6
25   35   6
26   34   7
27   31   8
28   43   6
29   46   6
30   19   18
31   40   7
32   37   6
33   31   6
34   40   7
35   32   7
36   42   6
37   45   6
38   30   7
39   28   7
40   25   6
41   36   6
42   35   7
43   51   7
44   27   6
45   36   6
46   17   7
47   37   7
48   26   6
49   13   6
50   31   7
51   42   7
52   -3   6
53   20   6
54   -16   9
55   33   7
56   27   7
57   9   6
58   23   7
59   23   7
60   17   8
61   10   7
62   3   21
63   29   7
64   0   7
65   -4   7
66   -8   8
67   5   7
68   -21   7
69   -23   7
70   -17   7
71   9   7
72   -36   7
73   -5   6
74   -16   7
75   -14   9
76   -34   7
77   -31   7
78   -32   8
79   -19   8
80   -43   7
81   -36   6
82   -29   6
83   -24   6
84   -41   7
85   -24   7
86   -122   10
87   -29   8
88   -50   7
89   -43   6
90   -63   7
91   -46   6
92   -57   7
93   -28   6
94   -37   25
95   -72   8
96   -38   6
97   -36   6
98   -57   7
99   -40   7
100   -51   6
101   -34   6
102   -52   8
103   -46   7
104   -47   7
105   -41   6
106   -59   7
107   -62   8
108   -71   7
109   -60   6
110   -77   7
111   -59   7
112   -61   7
113   -53   7
114   -55   8
115   -81   7
116   -52   7
117   -63   7
118   -134   16
119   -79   7
120   -40   7
121   -41   7
122   -46   8
123   -60   7
124   -44   7
125   -32   7
126   158   32
127   -32   8
APV   20   4   4   12
0   50   10
1   89   11
2   44   9
3   44   10
4   15   8
5   37   9
6   2   8
7   18   9
8   1   7
9   39   8
10   11   8
11   36   8
12   54   7
13   17   7
14   16   8
15   10   8
16   30   6
17   13   7
18   41   8
19   43   8
20   100   7
21   32   7
22   -12   8
23   20   8
24   11   6
25   42   7
26   20   7
27   29   8
28   28   7
29   34   7
30   -9   17
31   26   8
32   27   6
33   20   7
34   49   7
35   18   7
36   32   6
37   28   6
38   13   7
39   17   7
40   33   6
41   32   6
42   23   7
43   39   7
44   42   6
45   25   6
46   4   7
47   18   7
48   -3   7
49   25   6
50   22   7
51   14   7
52   6   7
53   14   6
54   -23   9
55   16   8
56   36   8
57   26   7
58   25   7
59   0   8
60   3   9
61   4   7
62   9   20
63   25   8
64   25   7
65   18   8
66   11   8
67   5   7
68   3   7
69   20   7
70   7   7
71   60   7
72   11   7
73   6   7
74   1   7
75   13   9
76   19   7
77   6   7
78   0   8
79   19   8
80   -10   7
81   6   7
82   3   7
83   -15   7
84   -8   7
85   -5   7
86   -62   10
87   -2   8
88   -8   7
89   -14   7
90   -23   8
91   -12   7
92   -26   7
93   -24   7
94   16   24
95   -8   21
96   -37   7
97   -37   6
98   -59   7
99   -37   7
100   -45   7
101   -55   6
102   -65   8
103   -32   7
104   -62   7
105   -35   7
106   -66   8
107   -52   8
108   -28   7
109   -44   7
110   -87   8
111   -83   8
112   -62   7
113   -49   7
114   -63   8
115   -63   7
116   -87   7
117   -60   7
118   -135   16
119   -71   7
120   -38   7
121   -60   7
122   -21   8
123   -41   7
124   -43   7
125   -42   7
126   128   30
127   -66   8
APV   20   4   4   13
0   66   10
1   131   10
2   67   9
3   98   10
4   40   8
5   86   9
6   52   9
7   79   9
8   50   7
9   65   8
10   78   9
11   72   9
12   54   7
13   90   8
14   39   8
15   62   9
16   45   7
17   44   7
18   75   8
19   54   8
20   25   7
21   43   7
22   28   8
23   47   8
24   50   6
25   34   7
26   59   7
27   45   8
28   -8   7
29   44   7
30   5   17
31   59   8
32   20   6
33   41   7
34   36   7
35   50   7
36   17   6
37   48   6
38   18   7
39   29   7
40   23   6
41   52   6
42   15   8
43   43   7
44   21   6
45   26   6
46   29   7
47   22   7
48   7   7
49   54   6
50   5   7
51   6   7
52   -18   7
53   -6   6
54   -33   9
55   -13   7
56   24   7
57   -4   7
58   -9   7
59   0   8
60   -7   8
61   -7   7
62   20   19
63   -7   8
64   -23   7
65   -15   7
66   -27   8
67   -21   7
68   -54   7
69   -2   7
70   -45   7
71   0   6
72   -36   7
73   -21   7
74   -25   7
75   -26   9
76   -24   7
77   -21   7
78   -36   8
79   -28   8
80   -67   7
81   -21   7
82   -24   7
83   -41   7
84   -49   7
85   -52   7
86   -84   10
87   -23   8
88   -50   7
89   -76   6
90   -64   8
91   -39   7
92   -43   7
93   -59   6
94   -9   23
95   -44   9
96   -49   7
97   -59   6
98   -72   8
99   -35   8
100   -38   7
101   -18   6
102   -53   8
103   -31   8
104   -52   7
105   -46   7
106   -45   8
107   -34   8
108   -55   7
109   -19   7
110   -39   8
111   -30   8
112   -60   7
113   -54   7
114   -26   8
115   -76   8
116   -41   7
117   -34   7
118   -93   16
119   -36   8
120   -9   7
121   -44   7
122   -12   8
123   -27   9
124   7   8
125   -29   7
126   128   29
127   -40   8
APV   20   4   4   14
0   59   9
1   120   9
2   61   8
3   96   9
4   54   7
5   91   8
6   48   7
7   81   8
8   66   7
9   55   7
10   51   7
11   70   8
12   51   7
13   45   7
14   66   7
15   53   8
16   43   6
17   46   7
18   46   10
19   57   8
20   51   6
21   49   6
22   19   7
23   39   7
24   39   6
25   58   6
26   47   10
27   34   8
28   21   6
29   40   6
30   16   19
31   28   7
32   17   6
33   10   6
34   23   7
35   23   6
36   17   6
37   34   6
38   -8   6
39   13   6
40   -1   6
41   0   6
42   -12   7
43   4   7
44   1   6
45   6   6
46   -3   7
47   5   7
48   3   6
49   -2   6
50   2   7
51   12   7
52   -9   6
53   -9   6
54   -55   8
55   6   7
56   -21   7
57   -9   6
58   -8   6
59   -27   7
60   -27   7
61   -10   6
62   -17   19
63   11   7
64   -23   6
65   -10   7
66   -10   7
67   -7   7
68   -10   6
69   -18   6
70   -37   6
71   -11   6
72   0   6
73   -29   6
74   -10   6
75   -13   8
76   -14   6
77   -45   6
78   -17   7
79   5   7
80   -9   6
81   -34   6
82   -23   6
83   -28   6
84   -21   6
85   -26   6
86   -72   10
87   -12   7
88   -10   6
89   -20   6
90   -22   7
91   -36   6
92   -29   6
93   -5   6
94   -17   23
95   -17   8
96   -33   6
97   -35   6
98   -40   7
99   -39   7
100   -18   9
101   -43   6
102   -53   7
103   -47   7
104   -32   6
105   -41   6
106   -38   7
107   -38   7
108   -40   6
109   -22   6
110   -44   7
111   -31   7
112   -36   6
113   -50   6
114   -39   7
115   -39   7
116   -41   7
117   -43   7
118   -133   15
119   -32   7
120   -27   6
121   -37   6
122   -20   7
123   -35   7
124   -4   7
125   -37   6
126   154   30
127   -15   7
APV   20   4   4   15
0   73   9
1   102   9
2   61   8
3   82   9
4   60   7
5   86   8
6   60   8
7   78   9
8   53   7
9   55   7
10   51   8
11   62   8
12   51   7
13   68   7
14   59   8
15   56   8
16   43   6
17   58   6
18   43   8
19   45   7
20   54   6
21   46   6
22   37   8
23   41   7
24   47   6
25   40   6
26   54   7
27   36   8
28   35   6
29   32   6
30   -10   20
31   32   7
32   12   6
33   17   6
34   35   7
35   34   7
36   2   6
37   16   6
38   9   7
39   50   7
40   19   6
41   31   6
42   -6   7
43   14   7
44   -3   6
45   28   6
46   -2   7
47   13   7
48   -1   6
49   10   6
50   8   7
51   1   7
52   -2   6
53   12   6
54   -20   9
55   11   7
56   4   7
57   1   6
58   4   6
59   -1   8
60   35   8
61   11   6
62   -14   22
63   13   7
64   -21   7
65   -15   7
66   -22   7
67   -11   7
68   -8   7
69   -22   7
70   -22   6
71   -16   6
72   -13   6
73   -27   6
74   0   7
75   -26   8
76   -29   6
77   -6   6
78   -33   7
79   -21   7
80   -33   6
81   -27   6
82   -33   6
83   -37   6
84   -27   6
85   -23   6
86   -75   10
87   -25   8
88   -36   6
89   -33   6
90   -29   7
91   -36   7
92   -40   6
93   -28   6
94   -38   26
95   -24   9
96   -45   6
97   -50   6
98   -41   7
99   -48   7
100   -47   6
101   -23   6
102   -51   8
103   -53   7
104   -64   7
105   -62   6
106   -32   7
107   -58   7
108   -49   7
109   -44   6
110   -60   7
111   -62   7
112   -37   7
113   -47   7
114   -43   7
115   -50   7
116   -17   7
117   -52   7
118   -126   15
119   -36   7
120   -16   7
121   -10   7
122   -18   7
123   -26   7
124   -16   7
125   -30   7
126   158   32
127   -35   8
APV   20   5   5   0
0   82   10
1   123   10
2   88   9
3   106   10
4   76   8
5   117   9
6   60   8
7   69   9
8   54   7
9   80   8
10   50   8
11   86   8
12   91   7
13   85   7
14   52   8
15   60   8
16   54   7
17   54   7
18   54   8
19   62   8
20   80   7
21   43   7
22   13   8
23   52   8
24   40   6
25   35   7
26   39   7
27   40   8
28   24   6
29   39   7
30   2   20
31   32   7
32   0   6
33   0   6
34   7   7
35   18   7
36   -1   6
37   21   6
38   0   7
39   -3   7
40   8   6
41   11   6
42   -34   7
43   15   11
44   1   7
45   -22   11
46   7   8
47   -16   11
48   0   6
49   -1   6
50   -9   7
51   -30   7
52   -31   6
53   -28   6
54   -53   9
55   -24   7
56   -9   7
57   11   6
58   2   7
59   -31   8
60   -38   8
61   -13   7
62   0   22
63   -6   8
64   7   7
65   -17   7
66   -28   7
67   -22   7
68   -25   6
69   1   7
70   -46   7
71   -13   6
72   -24   6
73   1   6
74   -9   7
75   -23   8
76   -11   7
77   -32   7
78   -13   7
79   -15   7
80   -62   6
81   -28   6
82   -28   6
83   -65   6
84   -51   6
85   -24   6
86   -66   10
87   -38   8
88   -34   7
89   -15   6
90   -32   7
91   -42   7
92   -46   6
93   -41   6
94   -3   25
95   -22   9
96   -30   6
97   -36   6
98   -58   7
99   -26   7
100   -28   6
101   -16   6
102   -51   8
103   -22   7
104   -43   6
105   -43   6
106   -44   8
107   -33   8
108   -37   7
109   -15   7
110   -32   7
111   -46   7
112   -49   7
113   -44   7
114   -39   7
115   -47   7
116   -13   7
117   -28   7
118   -115   15
119   -36   7
120   0   7
121   -39   7
122   11   7
123   -15   7
124   20   7
125   -2   7
126   163   32
127   -23   8
APV   20   5   5   1
0   66   9
1   99   9
2   69   9
3   82   9
4   75   7
5   83   8
6   54   8
7   95   8
8   39   7
9   63   7
10   59   8
11   58   8
12   68   7
13   38   7
14   33   7
15   43   8
16   47   6
17   35   6
18   45   7
19   41   7
20   37   6
21   34   6
22   32   8
23   52   7
24   47   6
25   28   6
26   57   7
27   36   8
28   24   6
29   45   6
30   -1   19
31   58   7
32   42   6
33   43   6
34   32   7
35   35   7
36   31   6
37   36   6
38   42   6
39   45   7
40   40   6
41   29   6
42   26   7
43   27   7
44   33   6
45   42   6
46   16   7
47   42   7
48   24   6
49   32   6
50   11   7
51   6   7
52   17   6
53   22   6
54   -6   8
55   30   7
56   1   7
57   16   6
58   18   6
59   8   7
60   -14   8
61   30   6
62   -2   21
63   29   7
64   -32   6
65   -12   7
66   -13   7
67   -25   7
68   -24   6
69   -16   7
70   -22   6
71   -12   6
72   -33   6
73   -21   6
74   -3   6
75   -7   8
76   -29   6
77   -21   6
78   -19   7
79   -16   7
80   -32   6
81   -40   6
82   -37   6
83   -33   6
84   -35   6
85   -27   6
86   -88   9
87   -16   7
88   -41   6
89   -49   6
90   -36   7
91   -27   6
92   -39   6
93   -49   6
94   -22   24
95   -45   8
96   -44   6
97   -34   6
98   -52   7
99   -45   7
100   -31   6
101   -57   6
102   -55   8
103   -36   7
104   -58   6
105   -44   6
106   -43   8
107   -54   7
108   -55   6
109   -49   6
110   -69   7
111   -37   7
112   -51   7
113   -70   7
114   -63   7
115   -57   7
116   -44   7
117   -48   7
118   -140   14
119   -47   7
120   -46   7
121   -64   7
122   -43   8
123   -61   11
124   -46   7
125   -38   11
126   145   31
127   -63   8
APV   20   6   6   8
0   -18   7
1   139   40
2   -24   7
3   5   7
4   -29   7
5   -14   7
6   -32   7
7   -11   7
8   -40   7
9   -146   13
10   -12   7
11   -40   7
12   -30   7
13   -14   7
14   -66   7
15   -18   7
16   -36   7
17   -34   7
18   -46   6
19   -36   7
20   -51   7
21   -16   7
22   -12   6
23   -41   6
24   -17   7
25   -31   8
26   -24   6
27   -64   6
28   -25   7
29   -47   7
30   -31   6
31   -20   6
32   -17   8
33   -7   35
34   -42   6
35   -39   6
36   -8   6
37   -39   7
38   -35   6
39   -15   6
40   -14   12
41   -76   11
42   -22   6
43   -35   6
44   -30   6
45   -17   6
46   -5   6
47   -34   6
48   -9   9
49   -28   11
50   -32   6
51   -25   6
52   -38   9
53   -7   6
54   -13   6
55   -23   6
56   -17   6
57   -25   6
58   0   7
59   -31   6
60   18   7
61   -8   8
62   7   7
63   -5   6
64   36   7
65   4   32
66   16   6
67   -3   8
68   30   7
69   30   6
70   27   6
71   8   7
72   6   7
73   -5   9
74   24   6
75   0   6
76   26   7
77   41   7
78   22   6
79   20   6
80   30   7
81   34   7
82   9   6
83   23   6
84   26   7
85   40   7
86   46   6
87   21   6
88   19   6
89   4   6
90   34   6
91   5   6
92   37   7
93   32   6
94   22   6
95   31   6
96   7   7
97   -11   30
98   30   6
99   16   6
100   38   8
101   1   7
102   18   6
103   6   6
104   7   7
105   -4   8
106   9   6
107   13   6
108   19   7
109   22   7
110   21   6
111   31   6
112   28   8
113   7   7
114   43   7
115   22   7
116   30   8
117   23   8
118   38   7
119   19   7
120   62   9
121   29   8
122   61   8
123   35   7
124   78   9
125   31   8
126   87   9
127   48   8
APV   20   6   6   9
0   -35   6
1   166   42
2   -40   7
3   -21   7
4   -27   7
5   -24   7
6   -32   7
7   -54   7
8   -49   7
9   -197   13
10   -61   7
11   -42   7
12   -38   7
13   -53   7
14   -48   7
15   -37   7
16   -49   7
17   -79   7
18   -49   6
19   -50   7
20   -41   7
21   -50   7
22   -38   7
23   -40   6
24   -20   7
25   -53   8
26   -37   6
27   -35   6
28   -49   6
29   -33   7
30   -42   6
31   -31   7
32   -57   8
33   -36   37
34   -50   6
35   -38   6
36   -41   6
37   -27   7
38   -26   6
39   -41   6
40   -40   7
41   -88   9
42   -40   6
43   -35   6
44   -35   6
45   -37   6
46   -49   6
47   -38   6
48   -28   7
49   -29   7
50   -25   6
51   -41   6
52   -28   8
53   -22   6
54   -12   6
55   -25   6
56   -4   6
57   -6   6
58   -27   7
59   -25   6
60   -15   7
61   -16   7
62   -16   7
63   -19   7
64   3   8
65   -24   35
66   -10   6
67   -25   8
68   2   8
69   -11   6
70   -8   6
71   -11   7
72   -8   7
73   -37   9
74   -10   6
75   -13   6
76   5   7
77   -16   7
78   10   6
79   4   6
80   27   7
81   18   7
82   25   5
83   0   5
84   26   7
85   25   8
86   30   5
87   14   6
88   27   7
89   37   7
90   45   5
91   24   6
92   34   8
93   38   7
94   37   6
95   35   6
96   39   8
97   -14   33
98   39   6
99   47   6
100   54   8
101   33   7
102   61   6
103   56   6
104   55   8
105   39   8
106   52   6
107   53   6
108   42   8
109   53   8
110   55   10
111   58   6
112   75   8
113   47   8
114   64   7
115   66   7
116   74   8
117   65   8
118   79   7
119   66   10
120   92   9
121   62   8
122   121   8
123   72   8
124   132   9
125   93   9
126   120   9
127   70   9
APV   20   6   6   10
0   -73   7
1   89   34
2   -56   7
3   -58   7
4   -71   7
5   -72   7
6   -68   7
7   -75   7
8   -75   7
9   -204   12
10   -70   7
11   -74   7
12   -103   7
13   -96   7
14   -90   6
15   -84   7
16   -73   7
17   -74   7
18   -53   6
19   -84   7
20   -71   7
21   -52   7
22   -70   6
23   -60   6
24   -47   7
25   -83   8
26   -46   6
27   -67   6
28   -54   6
29   -53   7
30   -55   6
31   -47   6
32   -42   8
33   -41   30
34   -44   6
35   -31   6
36   -36   6
37   -39   7
38   -27   6
39   -46   6
40   -36   7
41   -78   9
42   -52   6
43   -57   6
44   -40   6
45   -47   6
46   -11   6
47   -53   6
48   -8   7
49   -20   7
50   -22   6
51   -14   6
52   -13   8
53   -13   6
54   -3   6
55   -34   6
56   -25   6
57   -24   6
58   -18   6
59   -34   6
60   -15   7
61   -27   7
62   -19   6
63   -20   6
64   9   7
65   -5   27
66   -8   6
67   -5   7
68   14   7
69   0   6
70   -4   6
71   -12   6
72   25   7
73   3   8
74   3   6
75   -9   6
76   0   7
77   4   6
78   18   6
79   1   6
80   38   7
81   4   7
82   44   6
83   -3   6
84   24   7
85   22   7
86   25   6
87   21   6
88   44   7
89   23   7
90   41   6
91   44   6
92   64   7
93   20   7
94   46   6
95   47   6
96   62   7
97   22   25
98   78   6
99   52   6
100   85   8
101   47   7
102   72   6
103   49   6
104   78   8
105   55   8
106   95   7
107   92   6
108   69   8
109   85   8
110   87   7
111   75   6
112   78   8
113   65   8
114   80   8
115   92   7
116   96   9
117   87   8
118   75   8
119   69   7
120   122   9
121   90   8
122   104   9
123   75   8
124   130   8
125   102   9
126   150   10
127   111   8
APV   20   6   6   11
0   -27   7
1   171   31
2   -18   7
3   0   7
4   -30   7
5   -14   7
6   -24   7
7   -11   7
8   -25   7
9   -137   12
10   -19   7
11   -42   7
12   -28   7
13   -27   7
14   -14   7
15   -26   7
16   -30   7
17   -38   7
18   -36   7
19   -32   7
20   -7   7
21   -26   7
22   -19   7
23   -25   7
24   -26   7
25   -49   8
26   -23   6
27   -42   7
28   -41   7
29   -46   7
30   -40   6
31   -14   6
32   -21   9
33   -14   26
34   -55   6
35   -38   6
36   -35   6
37   -35   7
38   -48   6
39   -51   6
40   -47   12
41   -79   11
42   -30   6
43   -41   6
44   -20   6
45   -28   6
46   -13   6
47   -30   6
48   -32   9
49   -32   10
50   -54   6
51   -40   6
52   -19   9
53   -10   6
54   -26   6
55   -32   6
56   -4   6
57   -18   6
58   -14   6
59   -38   6
60   -7   7
61   -13   8
62   -28   6
63   -23   6
64   10   7
65   -5   23
66   3   6
67   10   7
68   7   7
69   25   6
70   3   6
71   -3   7
72   19   7
73   -10   8
74   -5   6
75   1   6
76   18   7
77   2   6
78   10   6
79   -2   6
80   21   6
81   -6   7
82   0   6
83   12   6
84   13   7
85   29   7
86   6   6
87   15   6
88   25   6
89   31   7
90   21   6
91   6   6
92   31   7
93   31   7
94   21   6
95   20   6
96   21   7
97   -19   22
98   31   6
99   9   6
100   35   8
101   39   7
102   33   6
103   32   6
104   34   7
105   11   7
106   31   7
107   38   6
108   43   7
109   31   7
110   42   6
111   25   6
112   43   8
113   18   7
114   42   7
115   39   7
116   57   8
117   33   8
118   47   8
119   35   7
120   97   9
121   74   8
122   80   8
123   68   8
124   84   9
125   60   9
126   102   9
127   76   9
APV   20   6   6   12
0   17   7
1   236   31
2   12   7
3   12   7
4   6   7
5   23   7
6   -3   7
7   12   7
8   7   7
9   -90   13
10   0   7
11   17   7
12   7   7
13   -5   7
14   9   7
15   -7   7
16   -16   7
17   -15   7
18   10   7
19   -27   7
20   -3   7
21   -11   7
22   -14   7
23   13   7
24   -12   7
25   -17   8
26   -17   6
27   5   6
28   -9   7
29   2   7
30   -17   6
31   -16   6
32   21   9
33   28   25
34   3   6
35   0   6
36   -28   6
37   -14   7
38   -3   6
39   -7   6
40   -10   12
41   -53   10
42   12   6
43   -5   7
44   3   6
45   -10   6
46   -20   6
47   4   6
48   4   10
49   -25   11
50   -18   6
51   -12   6
52   -6   10
53   14   7
54   -18   6
55   -20   6
56   -31   7
57   -23   7
58   -12   7
59   -17   6
60   -19   7
61   -4   8
62   -17   7
63   2   7
64   24   7
65   4   20
66   -4   7
67   -14   7
68   -14   7
69   2   6
70   -2   6
71   -9   7
72   15   7
73   -13   8
74   3   6
75   -5   6
76   22   7
77   2   6
78   -2   6
79   20   6
80   3   7
81   5   7
82   6   6
83   -1   6
84   -3   7
85   -3   7
86   13   6
87   17   6
88   -7   7
89   4   7
90   5   6
91   20   6
92   2   7
93   23   7
94   24   6
95   -10   6
96   8   7
97   -24   18
98   7   6
99   -26   6
100   8   8
101   11   7
102   -18   6
103   0   6
104   -12   7
105   -15   8
106   -4   6
107   -6   6
108   0   7
109   6   7
110   -7   6
111   -19   6
112   1   8
113   5   7
114   5   7
115   -22   7
116   -1   8
117   0   8
118   -11   7
119   -15   7
120   21   8
121   -16   8
122   22   8
123   -11   7
124   54   9
125   23   8
126   64   9
127   21   8
APV   20   6   6   13
0   22   6
1   -48   8
2   7   6
3   27   7
4   27   6
5   25   6
6   13   6
7   35   6
8   21   6
9   6   6
10   23   6
11   25   6
12   8   5
13   14   6
14   -3   6
15   6   6
16   4   5
17   5   5
18   31   5
19   23   5
20   5   5
21   0   5
22   -11   6
23   14   5
24   0   5
25   10   5
26   -2   5
27   6   6
28   -2   5
29   12   5
30   -48   28
31   1   5
32   20   6
33   38   6
34   17   6
35   22   6
36   35   6
37   20   6
38   10   6
39   28   6
40   11   5
41   16   5
42   27   6
43   25   6
44   19   5
45   10   5
46   7   6
47   16   6
48   0   5
49   3   5
50   13   6
51   26   6
52   -1   5
53   10   5
54   -27   8
55   19   6
56   -1   6
57   -1   5
58   0   5
59   4   7
60   -13   6
61   22   5
62   -13   29
63   12   6
64   0   5
65   2   6
66   10   7
67   -4   6
68   -1   5
69   9   5
70   7   6
71   5   6
72   0   5
73   7   5
74   21   5
75   20   8
76   1   5
77   -18   5
78   4   7
79   14   6
80   -13   5
81   -10   5
82   11   5
83   7   5
84   -18   5
85   1   5
86   -58   8
87   6   6
88   -16   5
89   -8   5
90   -9   5
91   3   5
92   -6   5
93   16   6
94   -4   31
95   1   7
96   -17   6
97   -15   5
98   -8   5
99   0   5
100   -23   6
101   -5   6
102   -29   6
103   -5   5
104   -20   6
105   -16   6
106   -5   6
107   -9   6
108   -14   6
109   -34   6
110   -44   6
111   -20   6
112   -39   7
113   -36   7
114   -21   7
115   -30   6
116   -31   7
117   -20   7
118   -154   12
119   -22   7
120   -19   7
121   -11   7
122   -11   7
123   -18   7
124   -14   7
125   3   7
126   93   37
127   -24   7
APV   20   6   6   14
0   65   5
1   -20   7
2   47   5
3   71   6
4   59   5
5   55   5
6   39   5
7   67   5
8   29   5
9   39   5
10   13   5
11   25   5
12   14   5
13   44   5
14   28   5
15   31   5
16   33   4
17   26   4
18   2   5
19   15   5
20   1   4
21   11   4
22   -7   5
23   24   5
24   13   4
25   14   4
26   4   5
27   12   5
28   9   5
29   19   5
30   -35   28
31   10   5
32   56   5
33   63   6
34   36   6
35   44   6
36   39   5
37   45   5
38   26   6
39   46   6
40   21   5
41   40   5
42   33   6
43   29   6
44   20   5
45   24   5
46   8   6
47   30   6
48   38   5
49   19   5
50   4   5
51   17   6
52   25   5
53   17   5
54   -28   7
55   22   6
56   1   5
57   13   5
58   10   5
59   9   6
60   6   6
61   10   5
62   -24   29
63   18   6
64   2   5
65   4   5
66   -4   6
67   1   6
68   -7   5
69   7   5
70   -9   5
71   3   5
72   -7   5
73   4   5
74   -2   5
75   -5   7
76   -1   5
77   -4   5
78   -21   6
79   -9   6
80   -2   5
81   -11   5
82   -28   5
83   2   5
84   -20   5
85   -11   5
86   -64   8
87   -27   6
88   -26   5
89   -14   5
90   -11   5
91   -24   5
92   -36   5
93   0   5
94   -17   32
95   -2   6
96   -50   5
97   -37   5
98   -39   5
99   -35   5
100   -43   5
101   -20   5
102   -33   6
103   -38   5
104   -28   6
105   -34   5
106   -54   6
107   -38   5
108   -44   6
109   -36   5
110   -52   5
111   -34   6
112   -34   6
113   -39   6
114   -55   6
115   -39   6
116   -49   6
117   -43   6
118   -164   12
119   -53   6
120   -27   6
121   -29   6
122   -17   6
123   -47   6
124   -30   6
125   -22   6
126   133   37
127   -7   6
APV   20   6   6   15
0   26   6
1   -6   7
2   21   6
3   26   6
4   26   5
5   27   6
6   11   5
7   41   6
8   12   5
9   28   5
10   25   5
11   14   6
12   16   5
13   19   5
14   6   5
15   14   5
16   9   5
17   6   5
18   8   5
19   13   5
20   31   5
21   6   5
22   -3   6
23   17   5
24   2   5
25   12   5
26   2   5
27   20   5
28   1   5
29   6   5
30   -72   34
31   16   5
32   45   6
33   46   6
34   21   6
35   25   6
36   28   6
37   45   6
38   24   6
39   34   6
40   8   5
41   28   5
42   21   6
43   18   6
44   22   5
45   34   5
46   21   6
47   16   6
48   6   5
49   -3   5
50   11   6
51   22   6
52   25   5
53   10   5
54   -5   7
55   20   6
56   -14   6
57   -5   5
58   8   5
59   19   6
60   8   6
61   23   5
62   -39   34
63   16   6
64   8   5
65   0   5
66   7   7
67   6   6
68   -12   5
69   -5   5
70   1   5
71   -3   5
72   -1   5
73   2   5
74   -8   5
75   6   7
76   1   5
77   5   5
78   2   6
79   2   5
80   -3   5
81   -10   5
82   -17   5
83   3   5
84   -5   5
85   -13   5
86   -60   8
87   5   6
88   -15   5
89   -19   5
90   -4   5
91   -2   5
92   -1   5
93   0   5
94   -8   36
95   0   6
96   -7   5
97   -22   5
98   -5   5
99   -20   5
100   -34   6
101   -19   5
102   -30   6
103   -24   5
104   -21   6
105   -18   6
106   -28   6
107   -26   6
108   -12   6
109   -12   6
110   -39   6
111   -21   6
112   -30   6
113   -33   6
114   -46   6
115   -19   6
116   -33   7
117   -36   7
118   -174   13
119   -20   6
120   -25   7
121   -27   6
122   -23   7
123   -36   6
124   -31   7
125   -14   7
126   133   42
127   -31   7
APV   20   7   7   0
0   76   6
1   12   7
2   48   6
3   82   7
4   44   6
5   78   6
6   32   6
7   60   6
8   31   5
9   30   6
10   40   6
11   28   6
12   24   6
13   45   6
14   17   6
15   36   6
16   23   5
17   29   5
18   36   6
19   20   5
20   31   5
21   22   5
22   6   6
23   25   5
24   36   5
25   27   5
26   15   5
27   16   6
28   18   5
29   16   5
30   -16   30
31   12   5
32   47   6
33   62   6
34   41   6
35   60   6
36   33   6
37   64   6
38   49   6
39   56   6
40   42   5
41   42   5
42   47   6
43   41   6
44   19   5
45   57   5
46   37   6
47   38   6
48   34   5
49   30   5
50   32   6
51   36   6
52   13   5
53   30   5
54   3   8
55   51   6
56   33   6
57   22   6
58   22   5
59   30   7
60   8   7
61   22   6
62   7   31
63   20   6
64   -11   5
65   -10   6
66   2   7
67   14   6
68   -12   5
69   -8   6
70   -2   6
71   0   6
72   -18   5
73   -11   5
74   -7   5
75   3   8
76   -6   5
77   -8   5
78   -16   7
79   -2   6
80   -9   5
81   -24   5
82   -18   5
83   -28   5
84   -35   5
85   -17   5
86   -72   9
87   -9   6
88   -28   5
89   -22   5
90   -36   6
91   -12   5
92   -21   6
93   -17   6
94   -17   34
95   -21   7
96   -44   6
97   -52   5
98   -56   5
99   -45   5
100   -57   6
101   -53   6
102   -63   6
103   -49   6
104   -39   6
105   -61   6
106   -62   6
107   -53   6
108   -54   6
109   -67   6
110   -67   6
111   -51   6
112   -43   6
113   -65   6
114   -77   6
115   -71   6
116   -60   7
117   -48   7
118   -170   12
119   -56   7
120   -47   7
121   -50   6
122   -50   7
123   -54   6
124   -35   7
125   -35   7
126   113   39
127   -29   7
APV   20   7   7   1
0   52   7
1   -4   8
2   38   7
3   55   7
4   13   6
5   60   6
6   32   6
7   52   6
8   34   6
9   36   6
10   33   6
11   48   6
12   25   6
13   30   6
14   15   6
15   25   6
16   29   5
17   20   5
18   27   6
19   23   6
20   24   5
21   25   5
22   2   6
23   4   6
24   -4   5
25   21   5
26   19   6
27   16   6
28   7   5
29   15   5
30   -29   31
31   16   6
32   35   6
33   60   6
34   37   7
35   46   7
36   36   6
37   35   6
38   26   6
39   42   6
40   27   6
41   29   5
42   30   7
43   33   6
44   13   6
45   21   5
46   18   6
47   34   6
48   21   6
49   30   5
50   24   6
51   32   7
52   10   6
53   12   5
54   -11   9
55   10   7
56   1   6
57   20   6
58   17   6
59   5   7
60   -8   7
61   5   6
62   -12   32
63   12   7
64   7   6
65   8   6
66   8   7
67   6   7
68   0   6
69   6   6
70   9   6
71   4   6
72   -14   5
73   -3   5
74   -2   6
75   0   8
76   -22   5
77   -1   6
78   -6   7
79   0   6
80   -7   6
81   2   5
82   -11   5
83   7   5
84   2   6
85   -8   6
86   -71   8
87   -5   6
88   -19   6
89   -10   6
90   -15   6
91   -18   5
92   -24   6
93   -20   6
94   -18   34
95   -10   7
96   -35   6
97   -23   6
98   -30   6
99   -22   5
100   -24   6
101   -30   6
102   -35   7
103   -37   6
104   -41   6
105   -32   6
106   -22   6
107   -50   6
108   -41   6
109   -42   6
110   -43   6
111   -58   6
112   -49   7
113   -33   7
114   -47   7
115   -50   7
116   -44   7
117   -34   7
118   -191   12
119   -44   7
120   -36   7
121   -44   7
122   -39   7
123   -43   7
124   -35   7
125   -40   7
126   99   39
127   -34   7
APV   20   7   7   2
0   -82   9
1   99   32
2   -74   8
3   -61   8
4   -82   8
5   -67   8
6   -68   8
7   -64   8
8   -65   9
9   -157   16
10   -77   8
11   -79   8
12   -55   9
13   -76   8
14   -58   8
15   -75   8
16   -74   9
17   -67   8
18   -62   12
19   -67   7
20   -43   8
21   -72   9
22   -76   5
23   -45   7
24   -36   9
25   -57   9
26   -39   7
27   -50   7
28   -48   8
29   -57   8
30   -62   7
31   -26   7
32   -57   10
33   -39   28
34   -31   7
35   -45   7
36   -20   8
37   -30   8
38   -25   7
39   -39   9
40   -7   9
41   -81   11
42   -25   7
43   -40   7
44   -21   7
45   -42   7
46   -43   7
47   -33   7
48   2   9
49   -37   10
50   -12   7
51   -9   7
52   -16   9
53   1   8
54   -19   7
55   -18   7
56   14   7
57   34   7
58   -23   7
59   36   7
60   -4   8
61   11   8
62   -8   7
63   -39   7
64   0   8
65   4   24
66   10   7
67   9   8
68   1   8
69   27   7
70   -7   7
71   15   8
72   6   8
73   -11   9
74   23   7
75   17   7
76   28   8
77   7   8
78   31   7
79   18   7
80   28   8
81   1   8
82   27   7
83   26   7
84   31   8
85   23   8
86   47   7
87   23   7
88   63   8
89   39   8
90   27   7
91   38   7
92   49   8
93   27   8
94   56   7
95   39   7
96   57   8
97   8   23
98   37   7
99   20   7
100   39   9
101   54   8
102   49   7
103   39   7
104   59   9
105   45   9
106   42   7
107   36   7
108   62   9
109   53   9
110   63   7
111   60   7
112   53   9
113   31   9
114   48   8
115   61   8
116   45   9
117   63   9
118   44   8
119   73   8
120   85   10
121   71   9
122   103   9
123   87   9
124   96   10
125   68   10
126   141   11
127   82   11
APV   20   7   7   3
0   -34   7
1   184   32
2   -33   7
3   -26   7
4   -28   7
5   -30   7
6   -32   7
7   -23   7
8   -54   7
9   -158   15
10   -48   7
11   -53   7
12   -43   7
13   -43   7
14   -41   7
15   -47   7
16   -29   8
17   -59   7
18   -44   6
19   -54   6
20   -43   8
21   -33   7
22   -13   6
23   -44   6
24   -35   8
25   -28   8
26   -39   6
27   -26   6
28   -32   8
29   -35   7
30   -33   6
31   -53   6
32   -19   9
33   -8   26
34   -12   6
35   -39   7
36   -18   7
37   -39   8
38   -8   6
39   -25   7
40   -15   8
41   -89   10
42   -25   6
43   -22   7
44   -13   7
45   -11   7
46   -35   6
47   -26   7
48   -7   8
49   -21   9
50   -21   7
51   -25   7
52   -17   8
53   -29   7
54   -26   6
55   -21   7
56   -24   6
57   -11   6
58   -38   7
59   -10   7
60   -25   7
61   -13   7
62   -10   7
63   -27   7
64   -21   7
65   -18   23
66   -23   6
67   -30   7
68   -2   7
69   -10   6
70   -20   6
71   -45   7
72   -3   7
73   -47   8
74   -13   6
75   -15   6
76   1   7
77   -10   7
78   -11   6
79   -17   6
80   6   7
81   -7   7
82   20   6
83   -15   6
84   5   7
85   -7   7
86   12   6
87   -12   6
88   -3   7
89   6   7
90   14   6
91   -1   6
92   17   7
93   4   7
94   28   6
95   20   6
96   48   7
97   13   21
98   33   6
99   37   6
100   45   8
101   34   7
102   56   6
103   53   6
104   54   8
105   32   8
106   67   7
107   57   7
108   73   8
109   75   8
110   67   7
111   57   6
112   49   8
113   68   8
114   73   7
115   53   7
116   75   8
117   54   8
118   82   8
119   70   7
120   91   9
121   64   8
122   88   8
123   81   8
124   95   9
125   82   9
126   139   10
127   89   9
APV   20   7   7   4
0   -6   8
1   152   32
2   -24   7
3   6   7
4   -23   7
5   -23   7
6   -26   7
7   -35   7
8   -32   7
9   -120   16
10   -15   7
11   -30   7
12   -27   8
13   -52   7
14   -46   7
15   -39   7
16   -27   8
17   -54   7
18   -35   7
19   -40   7
20   -60   8
21   -33   8
22   -53   7
23   -67   7
24   -26   8
25   -43   8
26   -49   6
27   -46   7
28   -18   8
29   -46   8
30   -23   6
31   -18   7
32   -5   9
33   21   26
34   -30   7
35   -7   7
36   -6   7
37   -45   8
38   5   6
39   -8   7
40   1   8
41   -57   11
42   -7   7
43   -31   7
44   -15   7
45   -34   7
46   -5   7
47   -23   7
48   0   9
49   -39   8
50   -24   7
51   -40   7
52   1   9
53   10   7
54   4   7
55   -7   7
56   -14   6
57   -25   7
58   -31   7
59   -12   7
60   -2   7
61   5   8
62   1   7
63   -7   7
64   8   8
65   15   22
66   -14   7
67   -1   8
68   -13   8
69   0   7
70   10   7
71   28   7
72   -15   8
73   -52   9
74   4   6
75   -13   6
76   -1   7
77   6   7
78   4   6
79   6   6
80   23   7
81   8   7
82   29   6
83   5   6
84   24   8
85   29   8
86   30   6
87   33   6
88   22   7
89   10   7
90   48   6
91   -1   7
92   58   17
93   27   8
94   14   6
95   12   6
96   29   8
97   -2   20
98   24   6
99   19   6
100   39   8
101   25   7
102   45   6
103   43   6
104   35   8
105   -2   8
106   43   7
107   20   6
108   47   8
109   45   8
110   19   7
111   31   6
112   37   8
113   8   8
114   51   7
115   23   7
116   35   8
117   33   8
118   25   7
119   20   7
120   49   9
121   24   8
122   34   8
123   23   7
124   73   10
125   59   9
126   81   9
127   33   9
APV   20   7   7   5
0   -75   7
1   146   31
2   -79   7
3   -78   7
4   -87   7
5   -56   7
6   -63   6
7   -49   7
8   -79   7
9   -159   15
10   -76   7
11   -60   7
12   -89   7
13   -55   7
14   -59   7
15   -72   6
16   -64   7
17   -76   7
18   -59   6
19   -57   7
20   -56   7
21   -68   7
22   -64   6
23   -62   6
24   -40   7
25   -73   8
26   -66   6
27   -57   6
28   -62   7
29   -46   7
30   -69   6
31   -72   6
32   -52   9
33   -17   24
34   -52   6
35   -52   6
36   -38   7
37   -55   7
38   -46   6
39   -62   6
40   -43   10
41   -96   10
42   -48   6
43   -49   6
44   -41   7
45   -25   7
46   -44   6
47   -49   6
48   -32   9
49   -33   10
50   -45   7
51   -39   7
52   -31   9
53   -29   7
54   -27   6
55   -20   6
56   -3   6
57   -18   6
58   -22   7
59   -5   6
60   -10   7
61   -17   7
62   -20   7
63   -24   7
64   -4   7
65   -7   20
66   -11   6
67   -8   7
68   -16   8
69   -4   6
70   20   6
71   10   7
72   4   7
73   -10   8
74   24   6
75   22   7
76   15   7
77   -2   7
78   22   6
79   24   6
80   26   7
81   17   7
82   24   6
83   3   6
84   38   7
85   24   7
86   31   6
87   38   6
88   29   7
89   48   7
90   38   6
91   56   6
92   34   7
93   36   7
94   52   6
95   45   6
96   53   7
97   33   18
98   30   6
99   41   6
100   49   8
101   35   7
102   41   6
103   42   6
104   75   8
105   30   8
106   74   7
107   53   6
108   80   8
109   76   8
110   62   7
111   84   6
112   87   8
113   112   8
114   92   7
115   78   7
116   88   8
117   68   8
118   97   7
119   90   7
120   115   9
121   100   8
122   134   8
123   106   7
124   147   9
125   97   9
126   143   9
127   102   9
APV   20   7   7   6
0   3   11
1   188   31
2   -18   8
3   -16   13
4   -21   11
5   -20   9
6   -24   8
7   -23   10
8   -28   9
9   -124   16
10   -27   7
11   -40   7
12   -50   9
13   -33   8
14   -54   7
15   -23   7
16   -48   12
17   -55   9
18   -52   9
19   -44   8
20   -59   14
21   -36   10
22   -46   9
23   -42   9
24   -31   14
25   -45   13
26   -14   9
27   -35   9
28   -35   13
29   -42   13
30   -45   9
31   -35   9
32   -29   15
33   -2   25
34   -27   9
35   -22   8
36   -22   14
37   -39   12
38   -23   9
39   -18   9
40   -13   14
41   -84   15
42   -33   9
43   -37   9
44   -37   14
45   -44   14
46   -17   9
47   -40   9
48   -15   14
49   -35   14
50   -21   9
51   -23   9
52   -10   15
53   -7   14
54   -10   9
55   -27   9
56   11   7
57   15   15
58   1   9
59   -25   9
60   5   8
61   -3   15
62   3   9
63   -15   9
64   32   7
65   6   19
66   10   8
67   8   10
68   6   7
69   15   7
70   5   8
71   -1   9
72   4   7
73   -18   8
74   -1   8
75   -12   8
76   11   7
77   4   7
78   1   8
79   0   8
80   10   7
81   -14   7
82   11   8
83   8   8
84   -1   7
85   19   7
86   22   8
87   -9   8
88   24   7
89   29   7
90   16   7
91   16   8
92   26   8
93   17   7
94   16   8
95   23   7
96   30   8
97   -4   17
98   32   8
99   23   8
100   8   8
101   1   7
102   14   7
103   14   8
104   32   8
105   -2   8
106   27   7
107   -1   7
108   18   8
109   22   8
110   20   7
111   5   7
112   57   9
113   21   8
114   50   8
115   41   8
116   62   9
117   52   8
118   57   8
119   34   8
120   85   9
121   65   8
122   98   9
123   65   8
124   114   10
125   71   9
126   130   10
127   79   10
APV   20   7   7   7
0   4   8
1   194   33
2   26   7
3   24   8
4   23   8
5   16   8
6   5   10
7   3   8
8   -9   8
9   -83   17
10   -16   7
11   0   8
12   -5   8
13   -21   8
14   -5   7
15   8   7
16   4   8
17   -15   8
18   -17   7
19   -15   7
20   -1   8
21   -1   8
22   2   7
23   8   7
24   -14   7
25   -18   9
26   -6   7
27   1   7
28   -9   8
29   14   8
30   -10   6
31   -9   7
32   -27   10
33   -12   25
34   -10   7
35   -13   7
36   -1   7
37   -1   8
38   -22   7
39   -7   7
40   -23   9
41   -63   11
42   -14   7
43   -16   7
44   -14   7
45   -20   7
46   -12   7
47   -17   7
48   -11   9
49   -20   10
50   -22   7
51   -28   7
52   -3   9
53   -16   7
54   -15   7
55   11   7
56   -31   7
57   -24   7
58   -13   7
59   -41   7
60   -29   7
61   -31   8
62   -24   8
63   -43   7
64   -1   8
65   -4   21
66   -16   7
67   -19   8
68   10   8
69   -18   7
70   -21   7
71   -19   8
72   -23   7
73   -49   9
74   -9   6
75   -30   7
76   -17   7
77   -10   7
78   -25   6
79   -33   6
80   -11   7
81   -20   7
82   -4   6
83   -17   6
84   -26   7
85   -10   7
86   -2   6
87   -12   6
88   1   7
89   -10   7
90   11   6
91   -22   6
92   -2   7
93   -7   7
94   2   7
95   -23   6
96   17   7
97   -7   18
98   15   7
99   27   7
100   26   8
101   11   7
102   18   7
103   16   6
104   20   8
105   4   8
106   23   7
107   21   7
108   26   8
109   23   8
110   36   7
111   36   7
112   31   8
113   15   8
114   37   8
115   19   7
116   45   9
117   18   8
118   32   8
119   29   7
120   76   9
121   23   8
122   54   9
123   34   8
124   58   10
125   32   9
126   111   11
127   59   10
APV   20   7   7   8
0   -14   8
1   179   31
2   -8   7
3   -3   8
4   -26   7
5   -17   8
6   -17   7
7   -24   7
8   -36   7
9   -122   16
10   -30   7
11   -18   7
12   -47   7
13   -24   7
14   -7   7
15   -64   7
16   -17   7
17   -42   7
18   -27   7
19   -34   7
20   -17   8
21   -33   7
22   -21   7
23   -36   7
24   -18   7
25   -52   8
26   -49   6
27   -15   7
28   -6   7
29   -28   7
30   -35   6
31   -12   6
32   -10   9
33   -12   24
34   -3   7
35   -30   7
36   -31   7
37   -19   7
38   -30   6
39   -6   7
40   -31   8
41   -73   10
42   -26   7
43   -19   7
44   -19   7
45   -36   6
46   -33   6
47   -15   6
48   -19   9
49   -44   9
50   -36   7
51   -7   7
52   0   10
53   -17   7
54   -13   6
55   -36   7
56   -6   7
57   -28   7
58   -17   7
59   -19   7
60   -13   7
61   -14   8
62   -37   7
63   -6   7
64   -5   7
65   11   20
66   15   7
67   -8   8
68   1   8
69   2   7
70   4   7
71   -11   7
72   -17   7
73   -24   9
74   -2   6
75   13   6
76   -9   7
77   4   7
78   10   6
79   0   6
80   12   7
81   -16   7
82   -1   6
83   -16   6
84   10   7
85   1   7
86   27   6
87   15   6
88   19   7
89   0   7
90   12   6
91   18   6
92   10   7
93   4   7
94   14   7
95   2   6
96   15   7
97   10   18
98   47   7
99   26   7
100   19   8
101   10   7
102   42   7
103   31   6
104   32   8
105   26   8
106   27   10
107   53   7
108   34   8
109   30   8
110   37   7
111   34   6
112   40   8
113   13   8
114   25   7
115   37   8
116   47   8
117   38   8
118   47   7
119   38   7
120   83   9
121   55   8
122   75   9
123   30   8
124   110   9
125   79   9
126   87   9
127   63   9
APV   20   7   7   9
0   -52   7
1   124   33
2   -23   7
3   -33   7
4   -47   7
5   -11   8
6   -59   7
7   -49   7
8   -30   7
9   -131   18
10   -32   7
11   -62   7
12   -55   7
13   -39   7
14   -29   7
15   -40   7
16   -53   7
17   -53   8
18   -30   7
19   -62   7
20   -44   8
21   -56   8
22   -41   7
23   -35   7
24   -61   7
25   -45   8
26   -39   7
27   -35   7
28   -46   7
29   -59   8
30   -43   6
31   -41   7
32   -39   9
33   -6   25
34   -41   7
35   -51   7
36   -59   7
37   -35   7
38   -30   7
39   -45   7
40   -32   8
41   -73   11
42   -40   7
43   -46   7
44   -37   7
45   -41   7
46   -11   7
47   -46   7
48   -33   9
49   -40   9
50   -27   7
51   -11   7
52   -26   9
53   -36   7
54   -12   7
55   -21   7
56   10   7
57   -7   7
58   -7   7
59   -19   7
60   -30   7
61   -24   8
62   -17   8
63   -4   7
64   5   8
65   29   22
66   4   7
67   1   8
68   -6   8
69   31   7
70   11   8
71   14   8
72   -4   8
73   -32   10
74   8   7
75   -1   7
76   30   7
77   18   7
78   27   6
79   3   7
80   27   7
81   27   7
82   12   6
83   17   7
84   35   7
85   29   8
86   39   6
87   23   7
88   39   7
89   43   7
90   58   6
91   30   6
92   32   8
93   35   7
94   44   7
95   21   6
96   40   8
97   -18   20
98   39   7
99   16   7
100   28   9
101   40   8
102   41   7
103   45   7
104   71   8
105   13   9
106   37   7
107   46   7
108   59   8
109   43   8
110   47   7
111   63   7
112   27   8
113   48   8
114   59   7
115   60   7
116   59   8
117   53   8
118   59   8
119   46   7
120   66   9
121   54   8
122   102   9
123   32   8
124   74   10
125   74   9
126   120   10
127   53   10
APV   20   7   7   10
0   -16   8
1   122   32
2   -53   7
3   -19   8
4   -52   7
5   -33   7
6   -32   7
7   -31   7
8   -43   7
9   -149   14
10   -47   7
11   -60   7
12   -57   7
13   -51   8
14   -59   7
15   -41   7
16   -40   8
17   -52   7
18   -31   7
19   -12   7
20   -31   8
21   -28   8
22   -31   7
23   -28   7
24   -19   7
25   -48   8
26   -39   6
27   -27   7
28   -43   7
29   -22   7
30   -34   6
31   -44   6
32   -35   8
33   -32   27
34   -48   7
35   -48   7
36   -30   7
37   -21   7
38   -8   7
39   -48   7
40   -31   9
41   -98   10
42   -29   7
43   -30   7
44   -42   6
45   -24   6
46   -17   6
47   -37   7
48   -13   9
49   -24   9
50   -16   7
51   -19   7
52   -11   9
53   -19   7
54   -4   7
55   -3   7
56   -18   7
57   -33   7
58   -17   7
59   -9   7
60   -1   7
61   -11   8
62   -13   7
63   -29   7
64   12   7
65   -16   24
66   -8   7
67   3   8
68   11   8
69   -2   7
70   36   7
71   -5   7
72   20   7
73   -13   9
74   16   6
75   25   6
76   12   7
77   28   7
78   30   6
79   14   6
80   33   7
81   16   7
82   26   6
83   21   6
84   30   7
85   16   7
86   39   6
87   33   6
88   14   7
89   28   7
90   51   6
91   -3   6
92   20   7
93   19   7
94   37   8
95   24   6
96   61   8
97   2   23
98   34   7
99   47   7
100   59   8
101   46   7
102   60   7
103   35   6
104   49   8
105   37   8
106   58   7
107   52   7
108   49   8
109   48   8
110   45   7
111   32   7
112   55   8
113   28   8
114   33   7
115   40   7
116   30   8
117   47   8
118   26   8
119   23   7
120   51   9
121   16   8
122   56   9
123   35   8
124   56   10
125   38   9
126   104   10
127   52   10
APV   20   7   7   11
0   -51   7
1   117   32
2   -67   7
3   -44   7
4   -49   7
5   -37   7
6   -66   7
7   -66   8
8   -76   7
9   -179   13
10   -78   7
11   -73   7
12   -67   7
13   -55   7
14   -60   7
15   -69   7
16   -85   7
17   -94   7
18   -71   7
19   -61   7
20   -70   8
21   -80   7
22   -67   7
23   -66   7
24   -48   7
25   -53   8
26   -59   6
27   -68   6
28   -47   7
29   -56   7
30   -59   6
31   -65   6
32   -32   9
33   -31   27
34   -48   6
35   -71   7
36   -48   7
37   -54   7
38   -44   6
39   -47   7
40   -23   9
41   -90   10
42   -36   7
43   -42   7
44   -40   6
45   -33   6
46   -10   6
47   -28   7
48   -31   8
49   -40   10
50   -24   7
51   -16   7
52   -12   8
53   -30   6
54   7   7
55   -16   7
56   8   7
57   -19   6
58   -21   7
59   -25   7
60   12   7
61   1   8
62   2   8
63   3   7
64   -8   8
65   -21   24
66   -2   7
67   3   9
68   7   8
69   17   7
70   -7   7
71   22   8
72   46   8
73   -5   9
74   31   6
75   17   7
76   48   8
77   23   7
78   32   6
79   36   7
80   44   7
81   37   7
82   26   6
83   34   6
84   29   7
85   48   8
86   47   6
87   47   7
88   53   7
89   37   7
90   31   6
91   38   6
92   72   8
93   37   7
94   38   6
95   39   6
96   43   8
97   6   23
98   33   6
99   66   7
100   44   8
101   34   8
102   56   6
103   45   6
104   67   8
105   31   8
106   56   7
107   59   6
108   79   8
109   71   8
110   43   7
111   67   6
112   60   8
113   29   8
114   64   7
115   69   7
116   54   8
117   49   8
118   64   8
119   47   7
120   89   9
121   61   8
122   97   8
123   77   8
124   111   10
125   71   10
126   131   10
127   75   10
APV   20   7   7   12
0   -5   8
1   130   33
2   -50   7
3   -49   8
4   -23   8
5   -18   8
6   -38   7
7   -21   7
8   -53   8
9   -158   14
10   -28   7
11   -48   7
12   -51   8
13   -67   8
14   -33   7
15   -59   7
16   -41   8
17   -30   8
18   -38   7
19   -54   7
20   -37   8
21   -46   8
22   -52   7
23   -29   7
24   -32   7
25   -41   8
26   -17   7
27   -35   7
28   -53   7
29   -45   8
30   -35   7
31   -56   7
32   -11   9
33   -13   28
34   -34   7
35   -39   7
36   -47   7
37   -36   7
38   -28   7
39   -36   7
40   -34   8
41   -97   10
42   -9   7
43   -33   7
44   -11   7
45   -51   7
46   -22   7
47   -26   7
48   -31   9
49   -38   9
50   -33   7
51   -38   7
52   13   10
53   -10   7
54   -13   7
55   -32   7
56   -16   7
57   -24   7
58   -17   7
59   -11   7
60   -7   7
61   -4   8
62   -6   7
63   -16   7
64   3   7
65   -19   25
66   10   7
67   -14   7
68   3   8
69   -9   7
70   -4   7
71   -2   7
72   21   7
73   -36   8
74   0   6
75   7   7
76   12   7
77   -11   7
78   5   6
79   23   6
80   12   7
81   -8   7
82   6   6
83   -3   6
84   31   7
85   29   7
86   31   6
87   11   6
88   13   7
89   18   7
90   12   6
91   18   6
92   8   7
93   35   7
94   30   7
95   34   6
96   40   8
97   14   23
98   43   7
99   29   7
100   33   8
101   15   7
102   30   7
103   23   7
104   32   8
105   17   8
106   47   7
107   26   7
108   67   8
109   41   8
110   53   7
111   49   7
112   47   8
113   41   8
114   69   8
115   49   7
116   63   8
117   64   8
118   85   8
119   52   7
120   90   9
121   46   8
122   109   9
123   87   8
124   109   10
125   60   9
126   134   10
127   100   10
APV   20   7   7   13
0   -54   8
1   80   34
2   -56   8
3   -76   8
4   -66   8
5   -60   8
6   -65   8
7   -56   8
8   -80   8
9   -170   12
10   -70   8
11   -86   8
12   -51   8
13   -61   8
14   -69   8
15   -73   8
16   -74   11
17   -81   8
18   -62   7
19   -69   7
20   -80   8
21   -63   8
22   -45   7
23   -65   7
24   -61   7
25   -55   9
26   -32   7
27   -67   7
28   -45   7
29   -58   8
30   -65   7
31   -55   7
32   -43   9
33   -34   29
34   -12   7
35   -28   7
36   -5   7
37   -34   8
38   -10   7
39   -44   7
40   -22   9
41   -61   10
42   -8   7
43   -29   7
44   -19   7
45   -18   7
46   -15   7
47   -27   7
48   -21   9
49   -21   11
50   -10   7
51   -23   7
52   -12   10
53   -19   7
54   4   7
55   -14   7
56   -2   7
57   -18   7
58   -4   7
59   -13   7
60   1   8
61   14   9
62   17   8
63   4   7
64   -16   8
65   -16   27
66   6   7
67   -27   9
68   1   9
69   1   7
70   -2   7
71   9   8
72   15   8
73   -3   9
74   12   7
75   -12   7
76   22   8
77   4   11
78   31   6
79   14   7
80   18   8
81   17   7
82   23   6
83   19   7
84   38   8
85   27   8
86   32   6
87   24   7
88   52   7
89   45   7
90   35   6
91   27   6
92   39   8
93   26   7
94   75   12
95   38   6
96   40   9
97   16   25
98   55   7
99   25   7
100   55   9
101   46   8
102   41   7
103   59   7
104   72   8
105   37   8
106   81   7
107   47   7
108   49   8
109   30   8
110   50   7
111   51   7
112   62   9
113   62   8
114   80   8
115   59   7
116   67   9
117   82   9
118   63   8
119   62   8
120   79   10
121   49   9
122   91   9
123   61   8
124   106   11
125   81   10
126   102   13
127   81   11
APV   20   9   9   4
0   -51   8
1   86   33
2   -60   7
3   -64   7
4   -60   7
5   -45   7
6   -57   7
7   -59   7
8   -56   7
9   -167   12
10   -70   7
11   -52   7
12   -52   7
13   -61   7
14   -68   7
15   -69   7
16   -52   7
17   -63   7
18   -51   6
19   -70   7
20   -68   7
21   -47   8
22   -41   6
23   -48   7
24   -42   7
25   -46   8
26   -49   6
27   -59   6
28   -44   6
29   -53   7
30   -39   6
31   -27   6
32   -39   8
33   -43   28
34   -47   6
35   -36   6
36   -46   6
37   -25   7
38   -22   6
39   -43   6
40   -26   7
41   -57   9
42   -15   6
43   -28   6
44   -13   6
45   -24   6
46   -26   6
47   -30   6
48   -6   7
49   -1   7
50   -12   6
51   -20   6
52   -13   9
53   5   6
54   -10   6
55   -42   6
56   0   6
57   -25   7
58   -6   6
59   -11   6
60   0   7
61   -6   8
62   -3   7
63   -24   6
64   35   7
65   -9   26
66   20   6
67   -2   8
68   2   7
69   12   6
70   0   6
71   3   7
72   24   7
73   -13   8
74   13   6
75   -14   6
76   14   7
77   0   7
78   30   6
79   39   6
80   28   7
81   16   7
82   29   6
83   14   6
84   37   7
85   39   7
86   36   6
87   37   6
88   35   6
89   30   7
90   30   6
91   56   6
92   38   7
93   22   7
94   51   6
95   26   6
96   49   7
97   -4   25
98   48   6
99   40   6
100   32   7
101   35   7
102   19   6
103   30   6
104   48   7
105   21   7
106   31   6
107   23   6
108   43   7
109   47   7
110   61   6
111   43   6
112   49   8
113   48   7
114   52   7
115   37   7
116   72   8
117   52   8
118   71   7
119   67   7
120   70   8
121   55   8
122   86   8
123   96   8
124   110   9
125   53   8
126   136   9
127   103   9
APV   20   9   9   5
0   -33   7
1   119   34
2   -57   7
3   -29   8
4   -59   7
5   -33   8
6   -49   7
7   -37   7
8   -51   7
9   -182   12
10   -57   7
11   -62   7
12   -67   7
13   -73   7
14   -68   7
15   -49   7
16   -63   7
17   -83   7
18   -48   7
19   -48   7
20   -66   7
21   -50   7
22   -45   7
23   -36   7
24   -68   7
25   -51   8
26   -37   6
27   -55   7
28   -31   6
29   -53   7
30   -49   6
31   -27   6
32   -59   9
33   -6   29
34   -10   7
35   -30   7
36   -33   6
37   -31   7
38   -18   6
39   -23   7
40   -9   8
41   -62   9
42   -27   6
43   -34   7
44   -28   6
45   -39   6
46   3   6
47   -22   6
48   3   9
49   -16   10
50   15   7
51   -21   6
52   -1   10
53   -3   6
54   -1   6
55   11   6
56   -6   7
57   -15   7
58   -7   7
59   -12   6
60   -9   7
61   -16   8
62   -50   7
63   -10   7
64   2   7
65   7   27
66   -12   7
67   8   8
68   -4   8
69   -2   6
70   -3   6
71   12   7
72   5   7
73   -11   8
74   12   6
75   10   6
76   20   7
77   -7   7
78   35   6
79   20   6
80   42   7
81   44   7
82   46   6
83   13   6
84   20   7
85   37   7
86   -2   6
87   21   6
88   18   7
89   20   7
90   24   6
91   32   6
92   25   7
93   17   7
94   17   6
95   15   6
96   25   7
97   6   25
98   38   6
99   12   6
100   29   8
101   21   7
102   36   6
103   12   6
104   50   7
105   24   8
106   53   7
107   44   6
108   32   7
109   33   7
110   56   7
111   40   6
112   62   8
113   50   8
114   60   7
115   47   7
116   71   8
117   83   8
118   59   8
119   61   7
120   79   9
121   75   8
122   101   8
123   64   8
124   97   9
125   74   9
126   120   9
127   69   9
APV   20   9   9   6
0   -50   8
1   137   34
2   -47   8
3   -25   8
4   -47   8
5   -22   8
6   -53   7
7   -46   8
8   -62   8
9   -176   13
10   -33   8
11   -26   8
12   -63   8
13   -54   8
14   -56   7
15   -50   7
16   -37   8
17   -82   8
18   -59   7
19   -63   7
20   -41   8
21   -59   8
22   -62   7
23   -42   7
24   -59   7
25   -58   8
26   -34   7
27   -40   7
28   -66   7
29   -67   7
30   -47   6
31   -51   7
32   -30   9
33   -23   29
34   -36   7
35   -53   7
36   -65   7
37   -59   7
38   -42   7
39   -47   7
40   -18   8
41   -79   9
42   -27   7
43   -31   7
44   -37   6
45   -31   6
46   -42   6
47   -61   7
48   -23   9
49   -36   9
50   -20   7
51   -46   7
52   -34   10
53   -40   6
54   -30   7
55   -29   6
56   -11   7
57   -40   7
58   -18   7
59   -43   7
60   -22   8
61   -26   8
62   -32   7
63   -34   7
64   18   8
65   18   25
66   2   7
67   -22   9
68   -4   8
69   -17   7
70   -10   7
71   11   8
72   18   8
73   -18   9
74   8   6
75   -1   7
76   -2   7
77   16   7
78   17   6
79   24   6
80   16   7
81   32   7
82   29   6
83   30   6
84   49   7
85   22   8
86   59   6
87   33   7
88   37   7
89   31   7
90   41   6
91   25   6
92   70   7
93   60   7
94   40   7
95   42   6
96   39   7
97   12   24
98   49   6
99   48   7
100   48   8
101   66   7
102   50   6
103   44   6
104   45   8
105   20   8
106   54   7
107   68   7
108   84   8
109   67   8
110   34   7
111   52   6
112   34   8
113   46   8
114   70   7
115   63   7
116   76   8
117   51   8
118   96   8
119   55   7
120   88   9
121   56   8
122   111   9
123   64   8
124   122   9
125   85   9
126   153   10
127   91   9
APV   20   9   9   7
0   -46   7
1   126   32
2   -52   7
3   -8   7
4   -43   7
5   -60   7
6   -46   6
7   -42   7
8   -38   7
9   -143   12
10   -54   7
11   -71   7
12   -64   7
13   -63   7
14   -36   7
15   -21   7
16   -25   7
17   -35   7
18   -12   6
19   -41   6
20   -34   7
21   -32   7
22   -20   6
23   -42   6
24   -9   6
25   -47   7
26   -51   6
27   -39   6
28   -14   6
29   -38   7
30   -19   6
31   -27   6
32   -38   8
33   -4   26
34   -35   6
35   -46   6
36   -19   6
37   -41   6
38   -25   6
39   -25   6
40   -28   8
41   -40   9
42   -38   6
43   -37   6
44   -27   6
45   -41   6
46   -6   6
47   -31   6
48   -18   8
49   -62   9
50   -43   6
51   -30   6
52   -24   9
53   -29   6
54   -20   6
55   -21   6
56   -26   6
57   -28   6
58   -43   6
59   -43   6
60   -18   7
61   -43   7
62   -25   6
63   -30   6
64   22   7
65   11   23
66   -1   6
67   -20   7
68   7   7
69   10   6
70   24   6
71   0   7
72   14   7
73   -15   8
74   17   6
75   -22   6
76   25   7
77   36   6
78   12   5
79   13   6
80   17   6
81   -1   6
82   15   5
83   28   5
84   37   7
85   26   7
86   42   5
87   26   6
88   21   6
89   38   6
90   21   5
91   9   6
92   35   7
93   13   6
94   41   6
95   50   5
96   31   7
97   0   22
98   31   6
99   20   6
100   55   8
101   15   7
102   38   6
103   27   6
104   34   7
105   11   7
106   45   6
107   35   6
108   64   7
109   37   7
110   39   6
111   37   6
112   82   7
113   30   7
114   65   7
115   40   6
116   67   8
117   37   7
118   56   7
119   48   6
120   91   8
121   57   7
122   88   8
123   42   7
124   111   9
125   63   7
126   104   9
127   87   8
APV   20   9   9   8
0   -19   7
1   186   31
2   -5   7
3   -23   7
4   -25   7
5   -13   7
6   -12   6
7   -25   6
8   -50   7
9   -119   13
10   -48   7
11   -31   7
12   -43   7
13   -37   7
14   -37   6
15   -59   6
16   -57   7
17   -64   7
18   -47   6
19   -35   6
20   -21   7
21   -36   7
22   -43   6
23   -47   6
24   -23   6
25   -50   7
26   -19   6
27   -42   6
28   -32   6
29   -45   7
30   -25   6
31   -10   6
32   -8   8
33   17   25
34   -10   6
35   -23   6
36   -25   6
37   -26   7
38   -23   6
39   -27   6
40   -12   8
41   -62   9
42   -30   6
43   -12   6
44   1   6
45   -6   6
46   -42   6
47   -41   6
48   13   7
49   -30   8
50   -4   6
51   -8   6
52   -12   8
53   1   6
54   -19   6
55   4   6
56   23   6
57   -2   6
58   10   7
59   -18   6
60   11   7
61   -11   7
62   -6   7
63   0   6
64   -15   7
65   0   21
66   -20   6
67   -26   7
68   -25   7
69   -21   6
70   -17   6
71   -25   7
72   -9   6
73   -24   8
74   -20   6
75   -8   6
76   3   6
77   -7   6
78   0   6
79   -13   6
80   23   6
81   -23   6
82   -1   6
83   0   6
84   2   6
85   -17   6
86   -15   6
87   2   6
88   6   6
89   10   6
90   4   6
91   0   6
92   4   6
93   13   6
94   9   6
95   -7   6
96   41   7
97   3   19
98   12   6
99   4   6
100   33   7
101   17   7
102   12   6
103   23   6
104   34   7
105   8   7
106   51   6
107   37   6
108   50   7
109   30   7
110   32   6
111   40   6
112   73   7
113   29   7
114   54   7
115   45   7
116   65   8
117   46   7
118   69   7
119   51   10
120   76   8
121   82   8
122   95   8
123   57   7
124   90   9
125   78   8
126   135   9
127   90   9
APV   20   9   9   9
0   66   7
1   45   8
2   68   7
3   78   8
4   45   6
5   64   7
6   63   6
7   65   7
8   48   6
9   50   6
10   19   6
11   56   7
12   33   6
13   56   6
14   37   6
15   55   6
16   37   5
17   30   5
18   38   6
19   59   6
20   52   5
21   59   5
22   27   6
23   47   6
24   39   5
25   36   5
26   41   5
27   47   6
28   22   5
29   44   5
30   6   27
31   41   5
32   54   6
33   69   6
34   58   6
35   76   6
36   41   5
37   54   5
38   61   6
39   47   6
40   20   5
41   39   5
42   27   6
43   50   6
44   21   5
45   56   5
46   19   6
47   68   6
48   6   5
49   24   5
50   26   6
51   24   6
52   2   5
53   -2   5
54   -4   8
55   19   6
56   -1   6
57   2   5
58   4   5
59   1   6
60   -11   6
61   2   6
62   0   29
63   21   6
64   -14   5
65   -19   6
66   1   7
67   2   7
68   -18   5
69   -4   6
70   -7   6
71   -14   6
72   -9   5
73   -2   5
74   -27   5
75   -3   9
76   -15   5
77   -13   5
78   -5   8
79   -3   8
80   -31   5
81   -17   5
82   -4   5
83   -3   5
84   -22   6
85   -19   5
86   -71   9
87   -27   8
88   -39   5
89   -35   5
90   -29   5
91   -37   5
92   -40   6
93   -33   6
94   -22   32
95   -15   7
96   -49   6
97   -28   5
98   -65   6
99   -46   5
100   -52   6
101   -31   6
102   -53   7
103   -40   6
104   -69   6
105   -67   6
106   -69   6
107   -47   6
108   -73   6
109   -61   6
110   -75   6
111   -61   6
112   -66   6
113   -78   6
114   -54   7
115   -56   6
116   -68   7
117   -64   7
118   -199   14
119   -77   7
120   -57   6
121   -59   6
122   -45   7
123   -57   6
124   -27   7
125   -49   6
126   127   38
127   -39   6
APV   20   9   9   10
0   54   6
1   9   7
2   52   6
3   48   6
4   49   5
5   58   6
6   46   5
7   54   6
8   44   5
9   62   5
10   59   5
11   37   6
12   50   5
13   33   5
14   38   5
15   42   5
16   32   5
17   36   5
18   22   5
19   38   5
20   32   5
21   36   5
22   4   6
23   34   5
24   19   5
25   21   5
26   17   5
27   34   6
28   21   5
29   24   5
30   -42   28
31   8   5
32   59   5
33   61   6
34   32   6
35   48   6
36   56   5
37   66   5
38   25   6
39   51   6
40   22   5
41   51   5
42   47   6
43   41   6
44   39   5
45   42   5
46   33   6
47   47   6
48   31   5
49   49   5
50   22   6
51   41   6
52   34   5
53   25   5
54   -5   8
55   25   6
56   16   6
57   21   5
58   19   5
59   51   7
60   14   6
61   21   5
62   -15   30
63   39   6
64   -10   5
65   -2   6
66   13   6
67   4   6
68   -2   5
69   6   5
70   -10   5
71   11   5
72   3   5
73   -19   5
74   -1   5
75   -2   8
76   -5   5
77   1   5
78   -7   8
79   -10   7
80   -15   5
81   -15   5
82   -23   5
83   -5   5
84   -7   5
85   -31   6
86   -70   8
87   -13   8
88   -43   5
89   -25   5
90   -41   5
91   -17   5
92   -22   5
93   -23   5
94   -18   32
95   -3   6
96   -51   5
97   -44   5
98   -31   5
99   -54   5
100   -53   5
101   -47   5
102   -68   6
103   -39   5
104   -52   5
105   -74   5
106   -59   6
107   -64   6
108   -46   6
109   -43   5
110   -64   6
111   -60   6
112   -64   6
113   -64   6
114   -60   6
115   -46   6
116   -51   6
117   -68   6
118   -185   12
119   -65   6
120   -57   6
121   -66   5
122   -74   6
123   -66   6
124   -51   6
125   -61   6
126   111   38
127   -67   6
APV   20   9   9   11
0   47   6
1   13   7
2   52   6
3   63   6
4   53   5
5   59   6
6   28   5
7   43   6
8   26   5
9   44   5
10   40   5
11   36   5
12   20   5
13   17   5
14   16   5
15   34   5
16   4   4
17   27   5
18   23   5
19   27   5
20   0   5
21   17   5
22   -10   5
23   26   5
24   16   5
25   17   5
26   11   5
27   20   5
28   30   5
29   17   5
30   -28   31
31   16   5
32   33   5
33   60   6
34   38   6
35   41   6
36   43   5
37   50   5
38   33   5
39   50   6
40   31   5
41   33   5
42   34   6
43   47   6
44   7   5
45   30   5
46   26   6
47   41   6
48   9   5
49   31   5
50   16   5
51   29   6
52   -9   5
53   27   5
54   -8   7
55   15   6
56   0   5
57   20   5
58   15   5
59   -2   6
60   9   6
61   5   5
62   -5   31
63   14   6
64   -7   5
65   9   5
66   8   7
67   0   6
68   8   5
69   12   5
70   14   5
71   8   5
72   -4   5
73   0   5
74   13   5
75   0   8
76   -27   5
77   5   5
78   -7   9
79   -5   8
80   -22   5
81   -20   5
82   -22   5
83   -14   5
84   -29   5
85   -7   5
86   -66   11
87   -16   10
88   -22   5
89   -14   5
90   -12   5
91   -13   5
92   -28   5
93   -17   5
94   1   34
95   -20   7
96   -33   5
97   -41   5
98   -26   5
99   -31   5
100   -41   5
101   -33   5
102   -32   6
103   -37   5
104   -35   6
105   -25   5
106   -39   6
107   -28   5
108   -51   6
109   -34   5
110   -63   6
111   -32   6
112   -59   6
113   -54   6
114   -46   6
115   -49   6
116   -63   6
117   -37   6
118   -176   12
119   -55   6
120   -19   6
121   -47   6
122   -47   6
123   -36   6
124   -30   6
125   -50   6
126   122   38
127   -48   6
APV   20   9   9   12
0   68   7
1   51   8
2   68   7
3   76   8
4   62   6
5   73   7
6   71   7
7   64   7
8   50   6
9   55   6
10   52   7
11   81   7
12   52   6
13   44   6
14   47   6
15   46   7
16   55   5
17   39   6
18   32   6
19   47   6
20   40   5
21   53   6
22   20   7
23   29   6
24   55   5
25   37   5
26   32   6
27   32   6
28   36   5
29   31   5
30   0   28
31   36   6
32   35   5
33   41   6
34   35   6
35   41   7
36   36   5
37   32   5
38   21   6
39   25   6
40   8   5
41   10   5
42   21   6
43   31   6
44   14   5
45   40   5
46   9   6
47   26   6
48   12   5
49   7   5
50   0   6
51   6   6
52   -9   5
53   0   5
54   -22   8
55   9   6
56   3   6
57   5   5
58   -8   5
59   7   7
60   -15   7
61   0   6
62   -29   30
63   10   6
64   3   6
65   -14   6
66   0   7
67   0   7
68   -5   6
69   0   6
70   -20   6
71   -18   6
72   -16   6
73   4   6
74   1   6
75   1   9
76   -15   6
77   0   6
78   -25   10
79   -8   9
80   -20   6
81   -17   6
82   -27   5
83   -17   6
84   -33   6
85   -28   6
86   -90   9
87   -21   10
88   -42   6
89   -33   6
90   -36   6
91   -44   5
92   -27   6
93   -33   6
94   -32   33
95   -39   7
96   -33   6
97   -53   6
98   -38   6
99   -22   6
100   -43   6
101   -30   6
102   -56   7
103   -46   6
104   -45   6
105   -23   6
106   -46   7
107   -30   6
108   -57   6
109   -21   6
110   -54   6
111   -33   7
112   -38   7
113   -42   6
114   -38   7
115   -61   7
116   -37   7
117   -52   7
118   -165   12
119   -55   7
120   -32   6
121   -42   6
122   -48   6
123   -42   7
124   -42   7
125   -43   6
126   125   38
127   -47   6
APV   20   9   9   13
0   76   8
1   71   9
2   75   8
3   89   9
4   74   7
5   76   8
6   69   7
7   82   8
8   51   6
9   70   7
10   66   8
11   56   8
12   65   6
13   50   7
14   44   7
15   51   7
16   54   6
17   66   6
18   68   7
19   35   7
20   56   6
21   68   6
22   16   8
23   59   7
24   39   6
25   20   6
26   42   7
27   55   8
28   22   6
29   43   6
30   -2   30
31   48   7
32   58   6
33   73   6
34   60   7
35   73   8
36   47   6
37   50   5
38   50   7
39   63   7
40   53   6
41   47   6
42   40   7
43   46   7
44   31   6
45   41   5
46   33   7
47   40   7
48   14   6
49   22   6
50   31   7
51   23   7
52   2   6
53   43   6
54   -15   9
55   22   8
56   16   7
57   12   6
58   21   6
59   6   8
60   -3   8
61   17   7
62   -19   32
63   24   8
64   1   6
65   15   7
66   0   7
67   15   7
68   0   6
69   14   7
70   17   6
71   19   6
72   16   6
73   -3   6
74   16   6
75   7   9
76   -8   6
77   -6   6
78   -8   10
79   5   9
80   -32   6
81   -32   6
82   -20   6
83   0   6
84   -36   6
85   10   6
86   -89   11
87   -9   12
88   -28   6
89   -37   6
90   -39   6
91   -33   6
92   -42   6
93   -25   6
94   -46   34
95   -43   8
96   -45   6
97   -57   6
98   -72   7
99   -56   6
100   -68   6
101   -61   6
102   -69   7
103   -62   6
104   -65   6
105   -83   6
106   -70   7
107   -82   7
108   -87   7
109   -72   6
110   -90   7
111   -87   7
112   -81   7
113   -102   7
114   -88   7
115   -84   7
116   -95   7
117   -80   7
118   -228   13
119   -78   7
120   -67   7
121   -75   7
122   -58   7
123   -71   7
124   -86   7
125   -81   7
126   100   40
127   -83   7
APV   20   9   9   14
0   24   9
1   48   10
2   12   9
3   18   9
4   -2   7
5   26   8
6   3   8
7   19   9
8   11   7
9   18   7
10   31   8
11   14   8
12   23   7
13   0   7
14   12   8
15   20   8
16   4   6
17   4   6
18   -2   7
19   8   8
20   8   6
21   14   6
22   2   8
23   33   8
24   18   6
25   41   6
26   27   7
27   31   8
28   0   6
29   24   6
30   -33   30
31   13   8
32   16   6
33   21   6
34   19   7
35   20   7
36   18   6
37   35   6
38   -3   7
39   27   12
40   10   6
41   16   6
42   1   7
43   15   7
44   11   6
45   -5   6
46   5   7
47   19   7
48   5   6
49   12   6
50   23   7
51   31   7
52   34   6
53   15   6
54   0   9
55   6   8
56   25   8
57   15   7
58   47   7
59   37   8
60   44   10
61   29   7
62   20   30
63   23   8
64   14   7
65   -1   8
66   31   8
67   6   7
68   12   7
69   14   7
70   12   7
71   18   7
72   5   6
73   18   6
74   20   7
75   9   9
76   -7   6
77   9   6
78   1   9
79   0   9
80   -5   6
81   9   6
82   -4   6
83   11   6
84   26   6
85   -8   6
86   -36   11
87   22   9
88   9   6
89   2   6
90   -7   7
91   -7   6
92   -12   6
93   -3   6
94   6   33
95   2   9
96   -33   6
97   -23   6
98   -28   7
99   -29   7
100   -41   6
101   -15   6
102   -14   8
103   -18   7
104   -44   7
105   -22   6
106   -39   8
107   -56   7
108   -37   7
109   -40   6
110   -48   7
111   -39   7
112   -52   7
113   -25   7
114   -55   7
115   -40   7
116   -28   7
117   -26   7
118   -189   15
119   -50   8
120   -60   7
121   -50   7
122   -57   8
123   -58   7
124   -60   7
125   -49   7
126   122   39
127   -39   8
APV   20   9   9   15
0   102   9
1   148   9
2   87   8
3   135   9
4   95   7
5   88   8
6   95   8
7   126   8
8   84   7
9   87   7
10   91   8
11   98   8
12   83   7
13   76   7
14   73   7
15   111   8
16   79   6
17   75   6
18   88   7
19   80   7
20   64   6
21   73   6
22   42   8
23   79   7
24   50   6
25   72   6
26   25   7
27   63   8
28   57   6
29   48   6
30   14   25
31   51   7
32   40   6
33   44   6
34   9   7
35   38   7
36   34   6
37   32   6
38   34   7
39   49   7
40   24   6
41   46   6
42   38   7
43   30   7
44   4   6
45   33   6
46   -6   7
47   27   7
48   1   6
49   26   6
50   19   7
51   9   7
52   11   6
53   24   6
54   -29   9
55   8   7
56   4   7
57   3   6
58   5   6
59   -16   7
60   -7   7
61   5   6
62   -34   28
63   4   7
64   8   6
65   -6   7
66   -7   8
67   -11   7
68   4   6
69   10   7
70   -13   7
71   3   6
72   -31   6
73   -11   6
74   -6   7
75   2   9
76   -28   6
77   -6   6
78   -29   9
79   -5   8
80   -27   6
81   -16   6
82   -16   6
83   -22   6
84   -42   6
85   -20   6
86   -85   10
87   -22   8
88   -54   6
89   -50   6
90   -54   7
91   -19   7
92   -68   6
93   -26   6
94   -41   31
95   -33   9
96   -60   6
97   -50   6
98   -70   7
99   -59   7
100   -71   6
101   -32   6
102   -75   8
103   -54   7
104   -80   6
105   -75   6
106   -69   7
107   -69   7
108   -78   6
109   -78   6
110   -92   7
111   -89   7
112   -94   6
113   -73   6
114   -79   7
115   -85   7
116   -96   7
117   -79   7
118   -202   15
119   -82   7
120   -68   7
121   -97   7
122   -82   7
123   -67   7
124   -72   7
125   -73   7
126   102   38
127   -80   7
APV   20   10   10   0
0   79   9
1   118   10
2   60   8
3   122   9
4   75   7
5   83   8
6   59   8
7   77   9
8   64   7
9   57   7
10   50   8
11   58   8
12   56   6
13   71   7
14   45   8
15   65   8
16   50   6
17   45   6
18   47   8
19   58   8
20   54   6
21   52   6
22   36   8
23   59   8
24   49   6
25   57   6
26   39   7
27   43   8
28   38   6
29   38   6
30   -7   25
31   59   8
32   33   6
33   20   6
34   15   7
35   30   7
36   38   6
37   33   6
38   31   7
39   30   7
40   1   6
41   23   6
42   16   8
43   19   7
44   10   6
45   9   6
46   -1   7
47   22   7
48   -27   6
49   -15   6
50   -12   7
51   -9   7
52   -3   7
53   -17   6
54   -46   10
55   -9   8
56   -22   8
57   -22   7
58   -35   6
59   -35   8
60   -34   9
61   -20   7
62   -25   27
63   -25   8
64   -49   7
65   -36   8
66   -26   8
67   -28   7
68   -29   7
69   -56   7
70   -29   6
71   -37   6
72   -56   6
73   -45   6
74   -42   6
75   -47   9
76   -39   7
77   -48   6
78   -29   10
79   -34   9
80   -66   6
81   -38   6
82   -26   6
83   -36   6
84   -39   6
85   -31   6
86   -99   11
87   -41   9
88   -30   6
89   -31   6
90   -38   7
91   -43   6
92   -26   6
93   -37   6
94   -2   31
95   -24   9
96   -39   6
97   -36   6
98   -27   7
99   -31   7
100   -33   6
101   -40   6
102   -34   8
103   -31   7
104   -26   7
105   -32   6
106   -32   7
107   -17   7
108   -28   7
109   -42   7
110   -26   7
111   -24   7
112   -27   7
113   -5   7
114   -26   7
115   -3   7
116   -7   7
117   -22   7
118   -133   15
119   -18   7
120   -1   7
121   -3   7
122   -4   7
123   -5   7
124   -7   7
125   -15   7
126   190   38
127   5   7
APV   20   10   10   1
0   103   10
1   115   22
2   77   9
3   117   9
4   53   7
5   86   8
6   51   7
7   87   8
8   54   7
9   51   7
10   57   8
11   64   8
12   44   6
13   69   7
14   56   7
15   74   7
16   53   6
17   53   6
18   51   7
19   58   7
20   53   6
21   30   6
22   29   8
23   46   7
24   23   6
25   41   6
26   11   7
27   68   8
28   41   6
29   33   6
30   7   23
31   44   7
32   20   6
33   22   6
34   -2   6
35   32   7
36   11   6
37   10   6
38   22   6
39   28   6
40   17   6
41   20   6
42   13   7
43   18   6
44   9   6
45   15   6
46   6   6
47   40   7
48   15   6
49   9   6
50   0   6
51   19   7
52   8   6
53   -4   7
54   -46   9
55   -4   8
56   -24   7
57   13   6
58   -6   6
59   -3   7
60   11   7
61   1   6
62   -8   25
63   6   7
64   -10   6
65   -8   7
66   -27   7
67   7   7
68   -32   6
69   -13   6
70   -15   6
71   -7   6
72   -10   6
73   -21   6
74   -19   6
75   -1   9
76   -7   6
77   -43   6
78   -8   10
79   -6   9
80   -31   6
81   -30   6
82   -30   6
83   -22   6
84   -26   6
85   -29   6
86   -93   10
87   -26   9
88   -37   6
89   -15   6
90   -68   7
91   -21   6
92   -50   6
93   -38   6
94   -29   29
95   -44   8
96   -18   6
97   -36   6
98   -39   7
99   -29   6
100   -39   6
101   -29   6
102   -42   7
103   -48   6
104   -45   6
105   -43   6
106   -44   7
107   -37   7
108   -42   6
109   -67   6
110   -56   7
111   -47   7
112   -60   7
113   -47   6
114   -57   7
115   -45   7
116   -50   7
117   -55   7
118   -157   15
119   -19   7
120   -51   7
121   -37   6
122   -21   7
123   -49   7
124   -36   7
125   -60   7
126   146   36
127   4   7
APV   20   10   10   2
0   111   10
1   150   10
2   96   10
3   117   10
4   102   8
5   104   9
6   93   8
7   102   9
8   102   7
9   103   7
10   81   8
11   84   8
12   78   7
13   87   7
14   92   8
15   101   10
16   74   7
17   73   7
18   57   8
19   80   8
20   47   6
21   79   6
22   47   9
23   82   8
24   68   6
25   71   6
26   59   7
27   63   8
28   57   6
29   56   6
30   31   21
31   54   8
32   42   6
33   59   6
34   55   7
35   66   8
36   38   7
37   75   18
38   34   8
39   46   7
40   3   6
41   47   6
42   33   8
43   41   7
44   16   6
45   8   6
46   12   7
47   63   7
48   -18   6
49   20   6
50   16   8
51   16   18
52   -3   7
53   24   7
54   -32   10
55   -1   8
56   -21   8
57   17   7
58   -7   7
59   7   8
60   -9   8
61   -12   7
62   -12   23
63   -2   8
64   -34   7
65   -27   8
66   -28   8
67   -33   7
68   -49   7
69   -45   7
70   -49   7
71   -21   7
72   -73   7
73   -37   7
74   -42   7
75   -53   9
76   -63   7
77   -42   7
78   -73   10
79   -12   9
80   -64   7
81   -42   7
82   -75   6
83   -49   6
84   -84   7
85   -65   7
86   -127   12
87   -55   8
88   -63   7
89   -41   7
90   -53   7
91   -56   7
92   -57   7
93   -48   7
94   -29   28
95   -81   8
96   -47   6
97   -62   6
98   -59   7
99   -43   7
100   -49   7
101   -55   6
102   -53   8
103   -36   7
104   -74   7
105   -51   7
106   -52   7
107   -64   8
108   -73   7
109   -36   7
110   -80   8
111   -36   7
112   -64   7
113   -65   7
114   -58   8
115   -41   7
116   -52   7
117   -76   7
118   -133   19
119   -66   7
120   -50   8
121   -58   7
122   -34   8
123   -41   7
124   -33   8
125   -39   7
126   165   40
127   -28   8
APV   20   10   10   3
0   84   10
1   134   10
2   59   9
3   108   10
4   52   7
5   101   8
6   51   8
7   71   9
8   57   7
9   44   7
10   41   8
11   45   8
12   43   7
13   41   7
14   48   8
15   40   8
16   35   6
17   51   6
18   22   8
19   27   8
20   36   6
21   35   6
22   12   9
23   60   8
24   43   6
25   46   6
26   37   7
27   49   8
28   48   6
29   36   6
30   -13   22
31   42   8
32   22   6
33   17   6
34   32   7
35   38   7
36   13   6
37   19   6
38   10   7
39   29   7
40   2   6
41   8   6
42   -6   7
43   28   7
44   33   6
45   2   6
46   1   7
47   1   7
48   5   6
49   4   6
50   -8   7
51   -1   7
52   -9   6
53   0   6
54   -40   9
55   19   7
56   -8   7
57   -5   6
58   14   6
59   7   8
60   15   8
61   -1   6
62   -19   24
63   -3   7
64   -9   7
65   -7   7
66   14   8
67   21   7
68   -24   7
69   -6   7
70   -23   6
71   -6   6
72   -30   7
73   -32   6
74   -10   7
75   -12   9
76   -26   7
77   -32   7
78   -36   10
79   -24   9
80   -46   7
81   -26   6
82   -33   7
83   -14   7
84   -32   7
85   -41   6
86   -94   12
87   -31   9
88   -34   7
89   -21   6
90   -35   7
91   -27   7
92   -41   7
93   -39   6
94   9   29
95   -38   8
96   -38   6
97   -34   6
98   -35   7
99   -30   7
100   -34   6
101   -30   6
102   -42   8
103   -16   7
104   -38   7
105   -38   6
106   -49   7
107   -45   7
108   -31   7
109   -31   7
110   -64   7
111   -19   7
112   -41   7
113   -23   7
114   -30   7
115   -29   7
116   -47   7
117   -46   7
118   -150   19
119   -38   7
120   -42   7
121   -8   7
122   -51   7
123   -33   7
124   -48   7
125   -27   7
126   192   40
127   -12   7
APV   20   10   10   4
0   93   10
1   123   10
2   81   9
3   95   10
4   42   8
5   88   9
6   35   8
7   72   9
8   50   7
9   50   8
10   48   8
11   57   9
12   56   11
13   68   8
14   36   8
15   76   8
16   70   7
17   51   7
18   64   8
19   73   8
20   64   7
21   69   7
22   7   9
23   52   8
24   51   7
25   57   7
26   30   7
27   67   8
28   32   7
29   45   7
30   22   20
31   53   8
32   28   6
33   47   7
34   25   7
35   49   7
36   16   6
37   20   6
38   40   7
39   37   7
40   25   7
41   27   6
42   16   8
43   54   7
44   16   6
45   19   6
46   8   7
47   35   7
48   21   7
49   5   6
50   4   7
51   1   7
52   -24   7
53   22   7
54   -33   10
55   18   8
56   17   8
57   10   7
58   -6   7
59   -18   8
60   -30   9
61   5   7
62   24   23
63   34   8
64   -24   7
65   -7   8
66   0   8
67   4   8
68   -34   7
69   -12   7
70   -23   7
71   -5   7
72   -11   7
73   -26   7
74   -41   7
75   -20   9
76   -43   7
77   -33   7
78   -36   9
79   9   8
80   -47   7
81   -14   7
82   -47   7
83   -43   7
84   -43   7
85   -13   7
86   -86   11
87   -27   8
88   -33   7
89   -20   6
90   -49   7
91   -22   7
92   -53   7
93   -43   7
94   14   28
95   -41   9
96   -51   6
97   -45   6
98   -38   7
99   -17   7
100   -36   7
101   -59   6
102   -51   8
103   -43   7
104   -45   7
105   -44   10
106   -43   8
107   -65   8
108   -57   7
109   -47   7
110   -71   8
111   -32   8
112   -63   7
113   -77   7
114   -75   7
115   -68   7
116   -61   7
117   -70   7
118   -134   18
119   -63   7
120   -27   7
121   -66   7
122   -43   8
123   -39   7
124   -47   7
125   -66   7
126   148   39
127   -26   8
APV   20   10   10   5
0   55   10
1   98   10
2   33   9
3   68   10
4   36   7
5   42   8
6   34   8
7   49   9
8   63   7
9   42   7
10   35   8
11   48   8
12   41   7
13   34   7
14   51   8
15   37   8
16   42   6
17   42   7
18   22   8
19   42   8
20   19   6
21   28   7
22   -17   8
23   34   8
24   -6   6
25   3   6
26   14   7
27   16   8
28   19   6
29   19   6
30   -11   23
31   33   7
32   7   6
33   12   6
34   12   7
35   -8   7
36   11   6
37   9   6
38   19   7
39   7   7
40   15   6
41   11   6
42   -7   7
43   -5   7
44   -13   6
45   2   6
46   -5   7
47   -8   7
48   -8   6
49   -18   6
50   0   7
51   2   7
52   -3   6
53   -25   6
54   -51   9
55   -15   7
56   -25   7
57   10   6
58   4   6
59   -14   8
60   -6   7
61   2   6
62   -1   25
63   -17   7
64   4   7
65   -19   7
66   4   8
67   0   8
68   -1   7
69   -7   7
70   -21   7
71   -6   7
72   -3   6
73   -20   6
74   3   7
75   -14   9
76   -13   7
77   -12   6
78   -21   9
79   0   9
80   -30   6
81   -13   6
82   -23   6
83   6   7
84   -14   7
85   -20   6
86   -108   12
87   -8   8
88   -17   7
89   -8   6
90   -27   7
91   -15   7
92   -24   6
93   -11   6
94   25   30
95   -2   9
96   -18   6
97   -18   6
98   -17   7
99   -18   7
100   -20   6
101   -2   6
102   -21   8
103   -11   7
104   -27   6
105   -12   6
106   -4   8
107   -11   8
108   -19   7
109   -17   6
110   -33   7
111   -30   8
112   -8   7
113   -20   7
114   -19   8
115   -32   8
116   -37   7
117   -36   7
118   -143   19
119   -29   7
120   -20   7
121   -8   7
122   -21   8
123   -13   7
124   -21   7
125   -16   7
126   206   41
127   -32   8
APV   20   10   10   6
0   70   9
1   101   9
2   38   9
3   68   9
4   52   7
5   59   8
6   23   8
7   44   9
8   25   7
9   35   7
10   42   8
11   52   8
12   22   7
13   7   7
14   33   8
15   64   8
16   8   6
17   34   6
18   30   7
19   14   8
20   32   6
21   24   6
22   1   8
23   29   8
24   17   6
25   36   6
26   18   7
27   40   8
28   30   6
29   29   6
30   3   23
31   23   7
32   14   6
33   26   6
34   42   7
35   25   7
36   40   6
37   30   6
38   23   7
39   27   7
40   18   6
41   22   6
42   30   7
43   16   7
44   26   6
45   9   6
46   6   7
47   19   7
48   13   6
49   11   6
50   25   7
51   18   7
52   14   6
53   11   6
54   -20   9
55   23   7
56   -3   7
57   17   6
58   -8   6
59   22   8
60   7   7
61   23   6
62   4   26
63   11   7
64   -3   7
65   1   7
66   31   8
67   0   7
68   -11   6
69   1   7
70   -11   6
71   -3   7
72   -23   6
73   -18   6
74   0   7
75   -10   9
76   -9   6
77   4   6
78   -25   9
79   7   8
80   -12   6
81   -22   6
82   -19   6
83   9   7
84   -10   6
85   -17   6
86   -75   12
87   -25   9
88   -25   6
89   3   6
90   -42   7
91   -38   7
92   -44   6
93   -12   6
94   15   31
95   -19   9
96   -42   6
97   -24   6
98   -33   7
99   -35   7
100   -36   6
101   -27   6
102   -29   8
103   -28   7
104   -28   6
105   -20   6
106   -42   7
107   -40   7
108   -57   6
109   -36   6
110   -57   7
111   -52   7
112   -55   7
113   -41   7
114   -53   7
115   -43   7
116   -68   7
117   -53   7
118   -173   19
119   -57   7
120   -50   7
121   -25   6
122   -43   7
123   -68   7
124   -50   7
125   -53   7
126   212   43
127   -46   7
APV   20   10   10   7
0   93   9
1   129   9
2   98   8
3   134   8
4   80   7
5   117   8
6   66   7
7   128   8
8   62   6
9   80   7
10   51   7
11   78   7
12   60   6
13   85   7
14   58   7
15   59   7
16   36   6
17   57   6
18   53   7
19   47   7
20   36   6
21   47   6
22   11   8
23   38   7
24   35   6
25   48   6
26   38   6
27   31   7
28   13   6
29   26   6
30   -25   23
31   36   7
32   0   6
33   7   6
34   8   7
35   8   6
36   1   6
37   18   6
38   10   6
39   21   7
40   10   6
41   12   6
42   7   7
43   23   7
44   3   6
45   34   6
46   13   7
47   11   7
48   -1   6
49   14   5
50   -6   7
51   -1   7
52   -31   6
53   -9   6
54   -46   9
55   3   7
56   -7   6
57   -8   6
58   -18   6
59   -32   7
60   -18   7
61   -9   6
62   -10   26
63   -7   7
64   -34   6
65   -39   6
66   -38   7
67   -39   6
68   -48   6
69   -44   6
70   -38   6
71   -14   6
72   -24   6
73   -29   6
74   -24   7
75   -39   8
76   -32   6
77   -38   6
78   -47   9
79   -38   9
80   -55   6
81   -46   6
82   -26   6
83   -45   6
84   -41   6
85   -37   6
86   -123   12
87   -16   9
88   -40   6
89   -37   6
90   -54   7
91   -48   6
92   -48   6
93   -43   6
94   -15   30
95   -24   8
96   -23   6
97   -49   6
98   -52   7
99   -38   7
100   -20   6
101   -12   6
102   -15   8
103   -22   7
104   -43   6
105   -22   6
106   -23   7
107   -23   7
108   -16   6
109   -14   6
110   -38   7
111   -39   7
112   -19   6
113   -25   6
114   -29   7
115   -35   7
116   -12   7
117   -8   7
118   -147   18
119   -37   7
120   -15   7
121   -17   6
122   -19   7
123   -15   7
124   -1   7
125   15   7
126   211   40
127   -24   7
APV   20   10   10   8
0   97   9
1   143   9
2   72   8
3   117   9
4   73   7
5   111   8
6   75   8
7   82   8
8   69   7
9   76   7
10   47   8
11   77   8
12   68   7
13   60   7
14   41   7
15   73   8
16   64   6
17   67   6
18   37   7
19   68   8
20   68   6
21   48   6
22   41   8
23   72   7
24   59   6
25   56   6
26   31   7
27   68   8
28   30   6
29   43   6
30   10   24
31   47   7
32   37   6
33   54   6
34   15   7
35   21   7
36   14   6
37   10   6
38   -3   7
39   20   7
40   8   6
41   14   6
42   14   7
43   18   7
44   25   6
45   34   6
46   -3   7
47   9   7
48   14   6
49   17   6
50   8   7
51   -6   7
52   -19   6
53   4   6
54   -26   9
55   8   7
56   -2   7
57   -7   6
58   -12   6
59   -2   7
60   -4   7
61   -18   6
62   -21   26
63   -5   7
64   -21   6
65   -3   7
66   9   8
67   -5   7
68   -22   6
69   -9   6
70   -27   6
71   -14   6
72   -12   6
73   -11   6
74   -17   7
75   -12   9
76   -49   6
77   -9   6
78   -39   10
79   -22   9
80   -24   6
81   -37   6
82   -14   6
83   -32   6
84   -40   6
85   -25   6
86   -98   11
87   -23   9
88   -37   6
89   -62   6
90   -41   7
91   -28   6
92   -39   6
93   -54   6
94   -36   30
95   -39   9
96   -18   6
97   -24   6
98   -48   7
99   -43   7
100   -51   6
101   -31   6
102   -53   8
103   -34   7
104   -29   6
105   -32   6
106   -49   7
107   -46   7
108   -58   6
109   -31   6
110   -66   7
111   -58   7
112   -59   7
113   -51   6
114   -55   7
115   -31   7
116   -60   7
117   -77   7
118   -166   18
119   -54   7
120   -50   7
121   -55   6
122   -42   7
123   -39   7
124   -44   7
125   -51   7
126   169   38
127   -64   7
APV   20   10   10   9
0   56   10
1   109   10
2   54   9
3   90   10
4   63   8
5   75   9
6   39   9
7   71   9
8   27   7
9   45   8
10   10   9
11   63   9
12   53   7
13   36   7
14   22   8
15   32   9
16   25   7
17   44   7
18   37   8
19   29   8
20   39   7
21   24   7
22   10   9
23   26   8
24   20   6
25   26   7
26   8   8
27   19   9
28   18   7
29   28   7
30   -13   26
31   29   8
32   -7   6
33   11   7
34   27   8
35   46   8
36   26   6
37   11   6
38   8   7
39   1   8
40   21   7
41   30   6
42   0   8
43   19   8
44   16   6
45   7   6
46   5   8
47   17   8
48   8   7
49   26   6
50   8   8
51   -6   8
52   -5   7
53   -11   7
54   -37   10
55   3   8
56   13   8
57   13   7
58   3   7
59   15   8
60   12   8
61   -4   7
62   -19   29
63   20   8
64   0   7
65   -12   8
66   -29   8
67   -4   7
68   -31   7
69   19   10
70   -13   7
71   8   7
72   -11   7
73   -7   7
74   -22   7
75   -21   10
76   -17   7
77   -30   7
78   -10   11
79   -34   10
80   -38   7
81   -9   7
82   -12   7
83   -58   7
84   -31   7
85   -41   7
86   -82   12
87   -28   10
88   -20   7
89   -24   7
90   -20   8
91   -36   7
92   -23   7
93   -37   7
94   7   33
95   -28   9
96   -38   7
97   -41   6
98   -52   8
99   -25   8
100   -20   7
101   -32   7
102   -31   9
103   -24   8
104   -28   7
105   -51   7
106   -46   8
107   -30   8
108   -45   7
109   -11   7
110   -46   8
111   -30   8
112   -37   7
113   -26   7
114   -26   8
115   -50   8
116   -25   8
117   -14   8
118   -133   18
119   -32   8
120   -17   7
121   -30   7
122   -8   8
123   -18   7
124   3   8
125   -3   7
126   210   41
127   -30   8
APV   20   12   12   0
0   -43   9
1   140   39
2   -50   8
3   -47   8
4   -31   8
5   -43   8
6   -50   7
7   -57   8
8   -45   8
9   -185   14
10   -58   8
11   -47   8
12   -46   8
13   -54   8
14   -58   7
15   -43   7
16   -62   8
17   -61   7
18   -55   7
19   -69   7
20   -71   8
21   -52   8
22   -49   7
23   -43   7
24   -69   7
25   -63   8
26   -61   7
27   -55   7
28   -66   7
29   -54   7
30   -62   6
31   -58   7
32   -49   8
33   -55   33
34   -44   7
35   -54   7
36   -21   7
37   -50   7
38   -38   7
39   -51   7
40   -48   9
41   -112   10
42   -56   7
43   -56   7
44   -49   6
45   -65   6
46   -44   7
47   -47   7
48   -14   10
49   -41   11
50   -21   7
51   -35   7
52   -23   10
53   -36   7
54   -14   7
55   -22   7
56   -20   7
57   -16   7
58   -10   7
59   -18   7
60   -28   7
61   -13   9
62   -16   7
63   -22   7
64   -20   8
65   -29   30
66   -5   7
67   -35   8
68   0   8
69   -15   7
70   -1   7
71   -29   7
72   11   8
73   -34   9
74   6   6
75   -4   7
76   -2   8
77   -2   7
78   9   6
79   1   6
80   24   7
81   -1   7
82   24   6
83   6   6
84   22   7
85   23   8
86   20   6
87   20   6
88   39   7
89   34   7
90   51   6
91   33   6
92   47   7
93   27   7
94   44   7
95   27   6
96   62   8
97   37   28
98   63   7
99   54   7
100   65   9
101   81   8
102   59   7
103   45   6
104   72   8
105   61   9
106   63   7
107   41   7
108   65   8
109   60   8
110   59   7
111   93   7
112   102   8
113   73   8
114   78   8
115   76   7
116   94   10
117   68   9
118   84   8
119   88   7
120   110   9
121   112   9
122   101   9
123   118   8
124   130   10
125   91   9
126   152   10
127   121   9
APV   20   12   12   1
0   -22   8
1   158   39
2   -37   8
3   -23   8
4   -72   8
5   -52   8
6   -37   7
7   -40   8
8   -55   8
9   -168   13
10   -41   8
11   -42   8
12   -52   8
13   -56   8
14   -49   7
15   -74   7
16   -59   8
17   -69   8
18   -67   7
19   -60   7
20   -60   8
21   -59   8
22   -71   7
23   -65   7
24   -35   7
25   -74   8
26   -33   7
27   -48   7
28   -40   7
29   -46   7
30   -34   6
31   -46   9
32   -46   9
33   -5   32
34   -43   7
35   -23   7
36   -34   6
37   -39   7
38   -15   6
39   -39   7
40   -32   8
41   -76   10
42   -30   7
43   -33   7
44   -35   6
45   -38   6
46   -47   6
47   -42   7
48   -21   9
49   -41   10
50   -24   7
51   -41   6
52   -21   9
53   -23   7
54   -17   6
55   -28   6
56   -28   7
57   -30   7
58   -26   7
59   -22   7
60   0   8
61   -17   8
62   -23   7
63   -22   7
64   -19   7
65   -3   29
66   7   7
67   -36   7
68   -8   7
69   -13   6
70   -6   6
71   -5   7
72   8   7
73   -13   9
74   0   6
75   15   6
76   3   7
77   17   7
78   5   6
79   -4   6
80   25   7
81   -4   7
82   37   6
83   10   6
84   31   7
85   17   7
86   3   6
87   16   6
88   35   7
89   8   7
90   23   6
91   36   6
92   43   7
93   24   7
94   25   6
95   16   6
96   51   7
97   10   27
98   41   6
99   36   7
100   40   8
101   57   7
102   70   6
103   50   6
104   74   8
105   46   8
106   59   7
107   46   7
108   58   8
109   51   8
110   63   7
111   58   7
112   64   8
113   53   8
114   75   8
115   63   7
116   84   9
117   49   8
118   68   8
119   81   7
120   105   9
121   89   8
122   109   9
123   84   8
124   123   10
125   99   9
126   152   9
127   91   9
APV   20   12   12   2
0   -7   7
1   153   37
2   -40   7
3   -19   8
4   -10   8
5   -19   8
6   -16   7
7   -11   8
8   -35   8
9   -159   13
10   -18   8
11   -23   8
12   -26   8
13   -33   8
14   -35   7
15   -25   7
16   -12   8
17   -46   8
18   -10   7
19   -10   7
20   -23   8
21   -14   8
22   -8   7
23   4   7
24   -33   7
25   -19   8
26   -20   7
27   -19   7
28   -34   7
29   -16   7
30   -20   6
31   -14   7
32   -34   9
33   -35   32
34   -25   7
35   -13   7
36   -24   7
37   -45   7
38   -26   6
39   -35   7
40   -19   8
41   -82   10
42   -28   7
43   -35   7
44   -34   6
45   -50   6
46   -41   6
47   -48   7
48   -25   8
49   -37   10
50   -18   7
51   -13   7
52   -31   9
53   -37   6
54   -27   6
55   -30   6
56   -37   7
57   -32   6
58   -33   7
59   -45   7
60   -13   8
61   -32   8
62   -29   7
63   0   7
64   -14   7
65   -38   29
66   -30   7
67   -9   8
68   -26   8
69   -20   6
70   -24   6
71   -27   7
72   -24   7
73   -39   9
74   -6   6
75   -30   6
76   3   7
77   -22   7
78   -19   6
79   10   6
80   18   7
81   -28   7
82   15   6
83   -9   6
84   6   7
85   10   7
86   3   6
87   0   6
88   9   7
89   11   7
90   29   6
91   8   6
92   30   7
93   23   7
94   11   6
95   16   6
96   45   8
97   15   27
98   23   6
99   19   6
100   34   8
101   26   7
102   44   6
103   13   6
104   46   8
105   11   8
106   41   7
107   41   7
108   48   8
109   28   8
110   62   7
111   37   6
112   67   8
113   59   8
114   55   7
115   73   7
116   67   9
117   38   8
118   93   8
119   58   7
120   97   9
121   70   8
122   94   9
123   88   8
124   115   10
125   77   9
126   122   10
127   101   9
APV   20   12   12   3
0   -37   8
1   134   38
2   -59   8
3   -39   8
4   -64   8
5   -45   8
6   -66   7
7   -38   8
8   -75   8
9   -188   14
10   -54   8
11   -77   8
12   -82   8
13   -69   8
14   -61   7
15   -59   8
16   -63   8
17   -66   8
18   -46   7
19   -55   7
20   -52   8
21   -51   8
22   -59   7
23   -66   7
24   -53   7
25   -71   8
26   -31   7
27   -44   7
28   -62   7
29   -64   7
30   -58   6
31   -54   7
32   -50   9
33   -11   32
34   -40   7
35   -66   7
36   -65   7
37   -68   7
38   -46   6
39   -50   7
40   -46   8
41   -84   10
42   -43   7
43   -60   7
44   -63   6
45   -34   6
46   -45   6
47   -68   7
48   -31   9
49   -33   10
50   -31   7
51   -50   7
52   -20   10
53   -31   7
54   -27   6
55   -40   6
56   2   7
57   -49   7
58   -26   7
59   -67   7
60   -24   8
61   -19   8
62   -38   7
63   -15   7
64   21   8
65   -15   28
66   -6   7
67   -19   8
68   7   8
69   -11   7
70   12   7
71   13   9
72   -21   7
73   -20   9
74   -5   6
75   0   6
76   12   7
77   27   7
78   11   6
79   2   6
80   49   7
81   8   7
82   66   6
83   23   6
84   63   7
85   20   7
86   29   6
87   19   6
88   61   7
89   45   7
90   53   6
91   27   6
92   62   7
93   48   7
94   50   7
95   50   6
96   68   8
97   22   26
98   51   7
99   46   7
100   67   8
101   62   7
102   68   7
103   42   7
104   66   8
105   43   8
106   74   7
107   75   7
108   77   8
109   42   8
110   64   7
111   66   7
112   81   8
113   39   8
114   106   8
115   76   7
116   76   9
117   64   8
118   85   8
119   80   8
120   94   9
121   97   8
122   97   9
123   83   8
124   148   10
125   101   9
126   176   10
127   100   9
APV   20   12   12   4
0   -26   7
1   178   38
2   -38   7
3   -42   7
4   -54   7
5   -62   7
6   -35   7
7   -55   7
8   -57   7
9   -177   16
10   -44   7
11   -55   7
12   -80   7
13   -52   7
14   -44   7
15   -64   7
16   -39   7
17   -78   7
18   -35   7
19   -41   7
20   -45   7
21   -44   7
22   -49   6
23   -64   7
24   -25   7
25   -66   8
26   -37   6
27   -47   6
28   -39   6
29   -42   7
30   -48   6
31   -55   6
32   -23   8
33   -30   29
34   -23   6
35   -31   7
36   -39   6
37   -31   7
38   -31   6
39   -53   6
40   -36   8
41   -86   11
42   -26   6
43   -46   7
44   -23   6
45   -29   6
46   4   6
47   -36   6
48   -24   7
49   -23   9
50   -6   6
51   -10   6
52   -11   8
53   -19   6
54   -7   6
55   -22   6
56   -15   6
57   -29   6
58   21   9
59   -19   6
60   5   7
61   -31   7
62   -12   7
63   -10   6
64   7   7
65   -28   25
66   1   12
67   -3   8
68   -7   7
69   -5   6
70   -11   11
71   -18   7
72   9   7
73   -15   9
74   20   6
75   1   6
76   18   7
77   13   7
78   2   6
79   -7   6
80   19   7
81   20   7
82   33   6
83   26   6
84   36   7
85   15   7
86   32   6
87   26   6
88   33   6
89   23   6
90   52   6
91   41   6
92   53   7
93   22   6
94   49   6
95   52   6
96   24   7
97   12   23
98   29   6
99   42   6
100   58   8
101   41   7
102   41   6
103   43   6
104   57   7
105   25   8
106   48   7
107   60   6
108   57   7
109   72   7
110   56   7
111   40   6
112   49   8
113   34   7
114   56   7
115   36   7
116   58   8
117   51   8
118   66   8
119   48   7
120   69   9
121   35   8
122   109   9
123   43   8
124   74   9
125   76   9
126   114   10
127   83   9
APV   20   12   12   5
0   60   7
1   -2   8
2   38   7
3   43   8
4   6   6
5   39   7
6   16   6
7   41   7
8   7   6
9   22   6
10   17   6
11   15   7
12   38   6
13   19   6
14   -2   6
15   19   6
16   39   5
17   21   5
18   27   6
19   24   6
20   24   5
21   31   5
22   0   6
23   28   6
24   11   5
25   20   5
26   4   6
27   34   6
28   13   5
29   48   5
30   0   26
31   39   6
32   26   5
33   33   6
34   42   6
35   58   7
36   31   5
37   36   5
38   18   6
39   23   6
40   25   5
41   18   5
42   43   7
43   44   6
44   24   5
45   24   5
46   1   6
47   23   6
48   3   5
49   15   5
50   14   6
51   5   6
52   -18   5
53   32   5
54   -26   8
55   0   6
56   9   6
57   10   5
58   15   6
59   10   7
60   -22   6
61   20   6
62   15   27
63   9   6
64   -10   6
65   -14   6
66   6   7
67   20   7
68   -3   5
69   -16   6
70   -33   6
71   -26   6
72   -21   5
73   7   5
74   23   5
75   11   8
76   -10   6
77   -18   6
78   -16   8
79   -1   7
80   -36   6
81   9   5
82   -25   5
83   -19   5
84   -36   6
85   -10   6
86   -61   9
87   -10   7
88   -1   6
89   -8   5
90   -34   6
91   -12   5
92   -38   6
93   -25   6
94   4   30
95   -9   7
96   -17   6
97   -15   5
98   -32   6
99   -11   5
100   -45   6
101   -28   6
102   -32   7
103   -35   6
104   -25   6
105   -16   6
106   -6   6
107   -31   6
108   -33   6
109   -23   6
110   -46   6
111   -38   6
112   -30   7
113   -43   6
114   -39   6
115   -50   6
116   -38   7
117   -31   7
118   -125   13
119   -26   7
120   -16   6
121   -30   6
122   -47   7
123   -38   6
124   -36   7
125   -29   6
126   134   36
127   -6   6
APV   20   12   12   6
0   73   7
1   -14   8
2   62   7
3   82   7
4   58   6
5   84   6
6   44   6
7   66   6
8   45   6
9   64   6
10   45   6
11   44   6
12   38   6
13   42   6
14   38   6
15   49   6
16   34   5
17   44   5
18   26   6
19   44   6
20   36   5
21   43   5
22   7   6
23   33   6
24   32   5
25   35   5
26   8   6
27   35   6
28   9   5
29   13   5
30   -9   33
31   9   6
32   52   6
33   64   7
34   40   7
35   70   7
36   45   6
37   41   6
38   22   6
39   61   6
40   28   6
41   49   6
42   16   7
43   31   7
44   21   6
45   29   6
46   22   6
47   24   6
48   -3   5
49   4   5
50   -1   6
51   21   6
52   7   6
53   24   5
54   -25   8
55   20   7
56   -8   6
57   -7   6
58   9   6
59   -5   7
60   -23   7
61   -12   6
62   -24   34
63   -5   7
64   1   6
65   -4   6
66   -3   7
67   19   6
68   1   6
69   -7   6
70   -7   6
71   -2   5
72   0   5
73   -3   5
74   10   6
75   -1   8
76   -1   6
77   -3   6
78   -13   6
79   -13   6
80   -26   6
81   -24   5
82   -9   5
83   -3   5
84   -16   5
85   -17   6
86   -70   9
87   -6   7
88   -43   6
89   -32   5
90   -29   6
91   -34   6
92   -43   6
93   -37   6
94   -26   37
95   -32   7
96   -41   6
97   -32   6
98   -33   6
99   -19   6
100   -33   6
101   -19   6
102   -27   7
103   -28   6
104   -34   6
105   -25   6
106   -38   7
107   -25   6
108   -43   6
109   -33   6
110   -60   6
111   -43   6
112   -47   7
113   -46   6
114   -52   7
115   -42   7
116   -51   7
117   -48   7
118   -188   13
119   -52   7
120   -46   7
121   -70   7
122   -52   7
123   -55   7
124   -48   7
125   -50   7
126   104   42
127   -54   7
APV   20   12   12   7
0   46   6
1   -23   7
2   37   6
3   50   7
4   44   6
5   48   6
6   37   6
7   74   6
8   19   5
9   38   6
10   34   6
11   52   6
12   40   5
13   41   5
14   18   5
15   37   6
16   27   5
17   36   5
18   30   5
19   19   5
20   22   5
21   40   5
22   6   6
23   21   5
24   29   5
25   27   5
26   12   5
27   32   5
28   19   5
29   31   5
30   -27   32
31   27   5
32   25   5
33   60   6
34   47   6
35   48   7
36   49   5
37   51   5
38   31   7
39   58   6
40   20   5
41   33   5
42   41   6
43   50   9
44   24   5
45   40   5
46   19   6
47   34   6
48   14   5
49   27   5
50   13   5
51   21   6
52   -1   5
53   18   5
54   -10   7
55   24   6
56   13   5
57   13   5
58   19   5
59   24   6
60   -4   5
61   29   5
62   -19   33
63   14   5
64   -5   5
65   -6   5
66   4   7
67   -5   6
68   4   5
69   -5   5
70   -10   5
71   5   5
72   -8   5
73   -5   5
74   -5   5
75   20   8
76   -11   5
77   -8   5
78   -1   8
79   -1   7
80   -8   5
81   -15   5
82   -9   5
83   -10   5
84   -31   5
85   -23   5
86   -64   9
87   -22   8
88   -26   9
89   -37   5
90   -36   6
91   -26   5
92   -41   5
93   -5   10
94   -37   36
95   -9   12
96   -35   5
97   -37   5
98   -41   5
99   -34   5
100   -35   6
101   -56   5
102   -56   6
103   -37   5
104   -38   6
105   -52   6
106   -38   6
107   -44   6
108   -47   6
109   -56   6
110   -58   6
111   -45   6
112   -31   6
113   -37   6
114   -48   6
115   -40   6
116   -51   6
117   -37   6
118   -167   12
119   -55   7
120   -44   6
121   -51   6
122   -42   6
123   -46   6
124   -42   6
125   -12   7
126   113   40
127   -31   7
APV   20   12   12   8
0   68   7
1   6   8
2   42   7
3   67   7
4   40   6
5   53   7
6   34   6
7   68   7
8   39   6
9   42   6
10   41   6
11   42   7
12   36   6
13   58   6
14   15   9
15   32   6
16   37   5
17   49   5
18   21   6
19   35   6
20   35   5
21   27   5
22   -7   7
23   26   6
24   29   5
25   26   5
26   10   6
27   25   7
28   23   5
29   26   9
30   -12   31
31   18   6
32   41   6
33   54   6
34   41   7
35   64   8
36   22   5
37   59   5
38   45   7
39   44   7
40   47   5
41   37   5
42   59   8
43   58   7
44   40   5
45   48   5
46   21   6
47   34   7
48   20   5
49   20   5
50   35   7
51   24   7
52   9   5
53   30   5
54   -16   9
55   26   7
56   28   6
57   30   6
58   25   6
59   10   8
60   5   7
61   15   7
62   5   31
63   30   7
64   -3   6
65   -1   6
66   17   8
67   19   7
68   -17   6
69   11   6
70   4   6
71   6   6
72   17   6
73   -3   6
74   8   6
75   3   9
76   -9   6
77   -5   6
78   -18   7
79   1   7
80   -9   6
81   -34   6
82   -32   5
83   -15   6
84   -65   6
85   -5   6
86   -90   9
87   -3   7
88   -31   6
89   -26   6
90   -40   6
91   -29   5
92   -64   6
93   -30   6
94   -31   34
95   -34   7
96   -39   6
97   -38   6
98   -56   6
99   -37   5
100   -66   6
101   -56   6
102   -50   8
103   -45   6
104   -35   6
105   -50   6
106   -43   7
107   -62   6
108   -27   7
109   -51   6
110   -68   6
111   -50   7
112   -44   7
113   -69   7
114   -72   7
115   -71   6
116   -67   7
117   -41   7
118   -175   12
119   -47   7
120   -52   7
121   -56   6
122   -42   7
123   -54   7
124   -36   7
125   -47   7
126   124   39
127   -37   7
APV   20   12   12   9
0   38   6
1   -8   7
2   37   6
3   51   6
4   45   5
5   59   6
6   24   5
7   36   6
8   24   5
9   46   5
10   31   5
11   12   5
12   27   5
13   23   5
14   17   5
15   31   5
16   27   4
17   44   5
18   27   5
19   29   5
20   26   5
21   31   5
22   10   5
23   26   5
24   18   4
25   34   5
26   13   5
27   20   5
28   12   5
29   1   5
30   -39   32
31   2   5
32   19   5
33   67   6
34   24   6
35   43   6
36   28   5
37   49   5
38   43   6
39   33   6
40   8   5
41   18   5
42   19   6
43   26   6
44   27   5
45   21   5
46   22   6
47   22   6
48   0   5
49   27   5
50   5   5
51   20   6
52   7   5
53   5   5
54   -27   7
55   21   6
56   -4   6
57   15   5
58   1   5
59   9   6
60   -2   6
61   -8   5
62   -17   31
63   -15   6
64   -2   5
65   13   6
66   -2   6
67   2   6
68   -9   5
69   5   5
70   11   5
71   2   5
72   0   5
73   -18   5
74   -10   5
75   3   8
76   -3   5
77   0   5
78   -11   7
79   13   7
80   -15   5
81   -2   5
82   1   5
83   -9   5
84   -19   5
85   -4   5
86   -69   8
87   4   6
88   -17   5
89   -19   5
90   -18   5
91   -6   5
92   -27   5
93   -22   5
94   -16   34
95   -38   6
96   -27   5
97   -10   5
98   -35   5
99   -29   5
100   -22   5
101   -30   5
102   -32   6
103   -35   5
104   -41   6
105   -24   5
106   -36   6
107   -24   5
108   -24   6
109   -39   5
110   -48   6
111   -30   6
112   -39   6
113   -32   6
114   -19   6
115   -47   6
116   -41   6
117   -41   6
118   -150   11
119   -32   6
120   -32   6
121   -39   5
122   -21   6
123   -18   6
124   -32   6
125   -27   6
126   101   38
127   -45   6
APV   20   12   12   10
0   -17   9
1   137   32
2   -13   8
3   -25   8
4   -31   8
5   -48   8
6   -38   7
7   -26   7
8   -12   8
9   -130   13
10   -17   8
11   -15   8
12   -18   8
13   -24   8
14   -41   7
15   -42   7
16   -44   8
17   -47   8
18   -29   7
19   -16   7
20   -38   8
21   -45   8
22   -10   7
23   -31   7
24   -11   8
25   -37   9
26   -19   7
27   -41   7
28   -11   8
29   -40   8
30   -34   6
31   -44   7
32   -27   9
33   0   27
34   -15   7
35   -18   7
36   -10   7
37   -28   8
38   -14   6
39   -23   7
40   1   8
41   -60   10
42   -8   7
43   -40   7
44   -5   7
45   -35   7
46   -8   6
47   -5   7
48   -10   9
49   -27   9
50   -27   7
51   -14   7
52   -6   9
53   -24   7
54   4   7
55   6   7
56   -32   7
57   -21   7
58   7   7
59   -36   7
60   1   7
61   -15   8
62   -17   8
63   -17   7
64   0   8
65   -7   24
66   -6   7
67   1   9
68   -1   8
69   0   7
70   -10   7
71   21   8
72   0   7
73   -35   9
74   10   6
75   -4   6
76   -2   7
77   7   7
78   -10   6
79   0   6
80   6   7
81   0   7
82   13   6
83   20   6
84   29   7
85   24   8
86   25   6
87   11   6
88   25   7
89   30   7
90   7   6
91   18   6
92   23   7
93   27   7
94   14   6
95   25   6
96   18   8
97   12   23
98   31   6
99   11   6
100   33   9
101   5   8
102   40   7
103   8   6
104   23   8
105   -6   8
106   14   7
107   33   6
108   34   8
109   15   8
110   30   7
111   17   7
112   58   9
113   40   8
114   53   8
115   48   7
116   33   9
117   16   8
118   19   8
119   24   7
120   65   9
121   40   9
122   70   9
123   36   8
124   81   10
125   64   9
126   102   11
127   57   10
APV   20   12   12   11
0   -20   8
1   126   33
2   -28   7
3   -20   7
4   -65   7
5   -37   7
6   -48   7
7   -28   7
8   -47   7
9   -158   13
10   -35   7
11   -46   7
12   -58   7
13   -44   7
14   -50   7
15   -52   7
16   -55   7
17   -51   7
18   -46   7
19   -34   7
20   -40   7
21   -40   8
22   -53   6
23   -21   7
24   -33   7
25   -32   8
26   -50   6
27   -18   6
28   -23   7
29   -23   7
30   -36   6
31   -28   6
32   -36   9
33   -34   28
34   -34   6
35   -26   6
36   -25   7
37   -33   7
38   -41   6
39   -19   6
40   -19   9
41   -52   10
42   -32   6
43   -42   6
44   -19   7
45   -19   6
46   -24   6
47   -19   6
48   -11   9
49   -14   9
50   -14   6
51   -31   6
52   -4   9
53   -19   7
54   12   6
55   -17   6
56   2   6
57   -12   7
58   -22   7
59   -26   6
60   -6   7
61   -13   8
62   -3   7
63   -27   6
64   8   7
65   -14   25
66   10   6
67   -11   7
68   1   7
69   5   6
70   10   6
71   14   7
72   5   7
73   -9   8
74   28   6
75   16   6
76   27   7
77   8   7
78   0   6
79   -7   6
80   21   7
81   -3   7
82   21   6
83   28   6
84   23   7
85   8   7
86   12   6
87   -6   6
88   29   7
89   6   7
90   38   6
91   23   6
92   26   7
93   33   7
94   42   6
95   27   6
96   21   7
97   -22   23
98   35   6
99   35   6
100   22   8
101   41   7
102   9   6
103   38   6
104   31   7
105   18   8
106   53   7
107   41   6
108   39   7
109   38   7
110   30   7
111   36   6
112   66   8
113   43   8
114   30   7
115   44   7
116   87   8
117   53   8
118   56   7
119   57   7
120   62   9
121   59   8
122   73   8
123   60   7
124   90   9
125   57   8
126   99   10
127   62   9
APV   20   12   12   12
0   -53   8
1   51   34
2   -85   7
3   -62   8
4   -93   8
5   -57   8
6   -73   7
7   -84   7
8   -108   8
9   -209   13
10   -66   7
11   -89   7
12   -85   8
13   -98   8
14   -76   7
15   -84   7
16   -85   8
17   -94   8
18   -64   7
19   -87   7
20   -67   8
21   -74   8
22   -62   7
23   -65   7
24   -63   8
25   -91   8
26   -75   7
27   -72   7
28   -51   8
29   -68   8
30   -71   7
31   -68   7
32   -51   9
33   -40   30
34   -43   7
35   -25   7
36   -63   7
37   -66   8
38   -47   7
39   -39   7
40   -33   9
41   -71   10
42   -2   7
43   -41   7
44   -38   7
45   -33   7
46   -23   7
47   -39   7
48   11   9
49   -21   10
50   1   7
51   -23   7
52   -13   10
53   -17   7
54   -7   7
55   0   7
56   12   7
57   -2   7
58   16   7
59   -10   7
60   15   8
61   17   8
62   13   8
63   4   7
64   25   8
65   -10   27
66   17   7
67   16   8
68   15   9
69   27   7
70   28   7
71   24   8
72   37   8
73   -6   9
74   35   7
75   15   7
76   36   8
77   23   8
78   44   7
79   13   7
80   32   8
81   53   8
82   65   7
83   34   7
84   58   8
85   60   8
86   75   7
87   36   7
88   73   8
89   59   7
90   66   7
91   56   7
92   59   8
93   62   8
94   65   7
95   61   7
96   45   8
97   42   26
98   65   7
99   61   7
100   57   8
101   63   8
102   57   7
103   65   7
104   43   8
105   21   8
106   59   7
107   60   7
108   66   8
109   39   8
110   66   7
111   65   7
112   58   8
113   64   8
114   65   7
115   30   7
116   37   8
117   36   8
118   59   8
119   44   7
120   65   9
121   60   8
122   76   8
123   49   8
124   88   9
125   58   9
126   102   9
127   57   9
APV   20   12   12   13
0   -11   8
1   130   33
2   -50   7
3   -39   7
4   -21   7
5   -32   7
6   -54   7
7   -39   7
8   -47   7
9   -143   13
10   -58   7
11   -42   7
12   -39   7
13   -39   7
14   -41   7
15   -48   7
16   -46   7
17   -55   7
18   -34   6
19   -43   7
20   -33   7
21   -23   7
22   -9   6
23   -28   6
24   -27   7
25   -29   8
26   -1   6
27   -8   6
28   -10   7
29   -18   7
30   3   6
31   -21   6
32   -24   8
33   -15   28
34   -20   6
35   -32   6
36   -24   6
37   -32   7
38   -38   6
39   -23   6
40   -22   8
41   -71   9
42   -39   6
43   -20   6
44   -31   6
45   -30   6
46   -33   6
47   -50   6
48   -33   8
49   -47   8
50   -34   6
51   -26   6
52   -26   9
53   -48   7
54   -47   6
55   -37   6
56   -24   6
57   -47   6
58   -29   6
59   -25   6
60   -8   7
61   -19   8
62   -8   7
63   -2   6
64   18   7
65   -12   25
66   6   6
67   0   7
68   11   8
69   12   6
70   15   6
71   -6   7
72   8   7
73   -14   8
74   27   6
75   20   6
76   27   7
77   10   7
78   18   6
79   15   6
80   37   7
81   16   7
82   56   6
83   42   6
84   17   7
85   30   7
86   24   6
87   21   6
88   36   7
89   21   7
90   48   6
91   30   6
92   45   7
93   32   7
94   55   6
95   39   6
96   30   7
97   9   24
98   28   6
99   32   6
100   24   7
101   48   7
102   42   6
103   23   6
104   39   7
105   7   7
106   52   6
107   34   6
108   17   7
109   28   7
110   47   6
111   46   6
112   36   7
113   25   7
114   26   7
115   42   7
116   30   8
117   38   7
118   31   7
119   37   7
120   59   8
121   20   7
122   60   8
123   44   7
124   74   8
125   50   8
126   89   9
127   47   9
APV   20   12   12   14
0   -13   8
1   150   30
2   -36   7
3   -4   8
4   -39   8
5   -33   8
6   -38   7
7   -29   8
8   -39   8
9   -97   15
10   -42   7
11   -49   8
12   -65   8
13   -60   8
14   -54   7
15   -41   7
16   -36   8
17   -61   8
18   -53   7
19   -44   7
20   -47   8
21   -46   8
22   -19   7
23   -52   7
24   -11   8
25   -57   9
26   -50   7
27   -23   7
28   -17   8
29   -20   8
30   -18   7
31   -49   7
32   -38   9
33   -14   25
34   -50   7
35   -35   7
36   -29   7
37   -17   8
38   -35   7
39   -20   7
40   -3   10
41   -67   10
42   -69   7
43   -32   7
44   -52   7
45   -52   7
46   -27   7
47   -30   7
48   -26   9
49   -54   10
50   -37   7
51   -33   7
52   -35   10
53   -18   7
54   -31   7
55   -5   7
56   -21   7
57   -24   7
58   -35   7
59   -23   7
60   5   8
61   -11   8
62   -14   7
63   -7   7
64   2   7
65   -3   21
66   -17   7
67   -5   7
68   -8   8
69   -4   7
70   22   7
71   9   7
72   -1   7
73   -23   8
74   13   6
75   -1   7
76   4   7
77   3   7
78   -1   6
79   0   6
80   9   7
81   0   7
82   3   6
83   14   6
84   30   7
85   39   7
86   37   6
87   -10   6
88   11   7
89   26   7
90   20   6
91   -4   6
92   55   7
93   31   8
94   17   7
95   37   6
96   23   7
97   14   19
98   54   7
99   47   7
100   52   8
101   31   7
102   28   7
103   45   7
104   45   8
105   19   8
106   57   7
107   53   7
108   56   8
109   39   8
110   40   7
111   73   7
112   65   8
113   32   8
114   62   8
115   71   7
116   48   8
117   33   8
118   60   8
119   54   7
120   101   9
121   31   8
122   81   9
123   24   8
124   100   9
125   71   9
126   141   10
127   84   10
APV   20   12   12   15
0   -20   8
1   186   30
2   4   8
3   2   8
4   -30   8
5   -14   8
6   -27   7
7   -25   8
8   -19   8
9   -106   14
10   -17   7
11   -11   8
12   -18   8
13   -15   8
14   -39   7
15   -26   7
16   -28   8
17   -16   8
18   -19   7
19   -25   7
20   -13   8
21   -26   8
22   -24   7
23   -30   7
24   0   8
25   -46   9
26   -35   6
27   -45   7
28   -32   8
29   -50   7
30   -33   6
31   -22   7
32   -33   9
33   4   24
34   -33   7
35   -42   7
36   -36   7
37   -44   8
38   -13   6
39   -50   7
40   -30   8
41   -77   10
42   -39   7
43   -35   7
44   -32   7
45   -32   7
46   -24   6
47   -33   7
48   -5   8
49   -7   8
50   -46   7
51   -23   7
52   -11   9
53   -36   8
54   -12   7
55   -28   7
56   0   7
57   -9   7
58   -5   7
59   -24   7
60   -15   7
61   -11   8
62   -21   8
63   -1   7
64   0   8
65   1   20
66   -15   7
67   -24   8
68   2   8
69   0   7
70   16   7
71   14   8
72   12   7
73   -49   9
74   9   7
75   -7   7
76   16   7
77   14   7
78   16   6
79   10   7
80   17   7
81   5   7
82   -19   6
83   14   7
84   34   7
85   7   8
86   6   6
87   16   7
88   11   7
89   12   7
90   8   6
91   40   7
92   27   7
93   13   7
94   21   6
95   -4   6
96   2   7
97   -16   18
98   28   7
99   -2   7
100   32   8
101   30   7
102   29   7
103   -1   6
104   22   8
105   -4   8
106   31   7
107   37   7
108   37   8
109   57   8
110   44   7
111   39   7
112   41   8
113   12   8
114   40   7
115   27   7
116   50   8
117   31   8
118   58   8
119   48   7
120   65   8
121   33   8
122   70   8
123   28   8
124   95   9
125   60   9
126   106   9
127   72   9
APV   20   13   13   0
0   -60   7
1   125   32
2   -60   7
3   -53   7
4   -54   7
5   -42   7
6   -34   7
7   -52   7
8   -58   7
9   -149   15
10   -72   7
11   -83   7
12   -52   7
13   -65   7
14   -60   7
15   -50   7
16   -57   7
17   -62   7
18   -58   6
19   -53   7
20   -70   7
21   -68   7
22   -36   6
23   -68   6
24   -46   7
25   -46   8
26   -52   6
27   -59   6
28   -43   7
29   -40   7
30   -44   6
31   -29   6
32   -38   8
33   -4   25
34   -44   6
35   -36   6
36   -25   7
37   -35   7
38   -23   6
39   -29   6
40   -8   9
41   -72   10
42   -19   6
43   -41   6
44   -19   6
45   -21   6
46   -14   6
47   -19   6
48   1   9
49   -11   10
50   0   6
51   -16   6
52   -7   9
53   -27   7
54   -12   6
55   -10   6
56   -3   6
57   -14   6
58   -1   7
59   -12   6
60   0   7
61   -1   7
62   4   7
63   -11   6
64   5   7
65   12   21
66   7   6
67   1   7
68   11   7
69   21   6
70   19   6
71   17   7
72   6   7
73   -11   9
74   5   6
75   1   6
76   23   7
77   1   7
78   25   6
79   18   6
80   35   7
81   30   7
82   23   6
83   48   6
84   45   7
85   24   7
86   40   6
87   37   6
88   19   7
89   34   7
90   34   6
91   33   6
92   47   7
93   37   7
94   54   6
95   36   6
96   34   7
97   17   19
98   45   6
99   32   6
100   25   8
101   59   7
102   20   6
103   30   6
104   38   7
105   20   8
106   55   6
107   34   6
108   51   7
109   37   7
110   50   6
111   34   6
112   49   8
113   50   8
114   50   7
115   41   7
116   36   8
117   57   8
118   52   7
119   47   7
120   62   8
121   44   8
122   76   8
123   65   7
124   77   9
125   45   8
126   90   9
127   61   9
APV   20   13   13   1
0   -30   7
1   151   32
2   -27   7
3   -28   7
4   -41   7
5   -29   7
6   -27   7
7   -25   7
8   -46   10
9   -109   15
10   -40   7
11   -40   7
12   -32   4
13   -58   7
14   -40   7
15   -27   7
16   -38   7
17   -47   7
18   -36   6
19   -26   7
20   -39   7
21   -46   7
22   -19   7
23   -37   7
24   -34   7
25   -36   8
26   -21   6
27   -32   6
28   -35   7
29   -53   7
30   -60   6
31   -16   6
32   -16   8
33   -8   24
34   -46   6
35   -33   7
36   -49   6
37   -32   7
38   -40   6
39   -52   6
40   -39   8
41   -90   10
42   -31   6
43   -50   6
44   -21   6
45   -24   6
46   -39   6
47   -36   6
48   -16   7
49   -17   8
50   -28   6
51   -46   6
52   -4   9
53   -12   6
54   -32   6
55   -27   6
56   7   6
57   -6   6
58   -1   6
59   -11   6
60   -15   7
61   -28   7
62   -5   7
63   -22   6
64   -7   7
65   -1   20
66   13   6
67   2   7
68   -8   7
69   7   6
70   -9   6
71   10   7
72   0   7
73   18   8
74   7   6
75   -6   6
76   14   7
77   8   7
78   7   6
79   20   6
80   14   7
81   0   7
82   13   6
83   14   6
84   20   7
85   19   7
86   4   6
87   4   6
88   30   6
89   13   6
90   31   6
91   13   6
92   33   7
93   10   6
94   39   6
95   16   6
96   19   7
97   -20   18
98   34   6
99   30   6
100   18   8
101   21   7
102   26   6
103   24   6
104   44   7
105   19   7
106   48   6
107   39   6
108   30   7
109   39   7
110   37   6
111   41   6
112   60   7
113   51   7
114   52   7
115   57   7
116   54   8
117   65   7
118   77   7
119   45   7
120   89   8
121   48   8
122   83   8
123   71   7
124   82   9
125   71   8
126   122   9
127   69   9
APV   20   13   13   2
0   -33   8
1   92   28
2   -25   8
3   -9   8
4   -25   8
5   3   8
6   -37   7
7   -7   7
8   -23   8
9   -121   13
10   -20   7
11   -30   7
12   -17   8
13   -28   8
14   -63   7
15   -34   7
16   -38   8
17   -49   8
18   -21   7
19   -34   7
20   -29   8
21   -37   8
22   -19   7
23   -42   7
24   -20   7
25   -30   8
26   -23   7
27   -30   7
28   -18   7
29   -16   7
30   -28   6
31   -35   7
32   -1   8
33   -14   24
34   -36   7
35   -10   7
36   -8   7
37   -25   7
38   -23   7
39   -7   7
40   6   9
41   -55   9
42   -8   7
43   -13   7
44   14   7
45   16   7
46   4   7
47   -2   7
48   3   9
49   1   10
50   -18   7
51   -11   7
52   -5   10
53   -18   7
54   -11   7
55   -21   6
56   3   7
57   16   7
58   18   7
59   -8   7
60   -3   8
61   0   8
62   -5   7
63   -10   7
64   17   7
65   -17   21
66   -3   7
67   -13   8
68   -21   8
69   -1   7
70   -3   7
71   -3   7
72   -20   7
73   -47   8
74   -11   6
75   -5   6
76   -5   7
77   -1   7
78   5   6
79   4   6
80   0   7
81   -3   7
82   -5   6
83   8   6
84   9   7
85   -25   7
86   33   6
87   -3   6
88   22   7
89   26   7
90   39   6
91   6   6
92   28   7
93   3   7
94   -1   7
95   16   6
96   36   7
97   -6   20
98   10   7
99   14   7
100   25   8
101   25   7
102   9   7
103   17   6
104   2   7
105   -6   8
106   29   7
107   14   7
108   15   8
109   7   7
110   16   7
111   31   7
112   43   8
113   13   8
114   38   7
115   37   7
116   42   8
117   21   8
118   50   8
119   17   7
120   64   9
121   35   8
122   73   8
123   55   8
124   103   9
125   69   9
126   103   9
127   55   10
APV   20   13   13   3
0   -89   8
1   2   30
2   -87   7
3   -87   8
4   -102   7
5   -79   8
6   -84   7
7   -86   7
8   -107   7
9   -177   13
10   -114   7
11   -96   7
12   -104   7
13   -92   7
14   -90   7
15   -88   7
16   -82   7
17   -112   7
18   -107   7
19   -109   7
20   -124   8
21   -102   8
22   -84   7
23   -88   7
24   -69   7
25   -91   8
26   -64   6
27   -77   7
28   -51   7
29   -74   7
30   -59   6
31   -74   7
32   -56   9
33   -67   27
34   -45   7
35   -61   7
36   -34   7
37   -66   8
38   -66   7
39   -85   7
40   -42   8
41   -71   9
42   -53   7
43   -30   7
44   -35   7
45   -42   7
46   -38   6
47   -53   7
48   -10   10
49   -43   8
50   -28   7
51   -41   7
52   -4   9
53   -17   7
54   -5   7
55   -7   7
56   6   7
57   -18   7
58   15   7
59   -25   7
60   -16   7
61   1   8
62   9   8
63   -12   7
64   45   8
65   8   24
66   27   7
67   35   9
68   26   8
69   19   7
70   19   7
71   35   8
72   43   8
73   -5   9
74   33   6
75   40   7
76   17   7
77   55   7
78   38   6
79   56   7
80   95   7
81   56   7
82   59   6
83   66   6
84   70   7
85   77   7
86   78   6
87   70   6
88   112   7
89   68   7
90   77   6
91   93   7
92   95   7
93   64   7
94   77   7
95   90   6
96   67   7
97   27   23
98   69   7
99   46   7
100   52   8
101   66   7
102   47   7
103   47   7
104   63   8
105   60   8
106   56   7
107   73   7
108   52   8
109   67   8
110   44   7
111   62   7
112   74   8
113   57   8
114   67   7
115   53   7
116   90   8
117   76   9
118   81   8
119   58   7
120   100   9
121   49   8
122   103   9
123   66   8
124   113   9
125   64   9
126   113   10
127   80   10
APV   20   13   13   4
0   -87   8
1   -1   32
2   -77   7
3   -66   7
4   -102   7
5   -87   8
6   -68   7
7   -80   7
8   -74   8
9   -212   12
10   -71   7
11   -93   7
12   -82   7
13   -102   7
14   -77   7
15   -96   7
16   -88   7
17   -83   7
18   -57   7
19   -82   7
20   -83   8
21   -65   8
22   -75   6
23   -77   7
24   -68   7
25   -71   8
26   -64   6
27   -63   7
28   -63   7
29   -60   7
30   -30   6
31   -74   6
32   -30   9
33   -28   29
34   -52   6
35   -25   6
36   -14   6
37   -33   7
38   -27   6
39   -28   6
40   -34   7
41   -49   9
42   -24   6
43   -11   6
44   -3   6
45   -33   6
46   -25   6
47   -40   6
48   -9   8
49   -32   7
50   -19   6
51   -4   7
52   0   9
53   -10   7
54   -1   6
55   -1   6
56   28   6
57   3   7
58   -7   6
59   -14   6
60   13   7
61   -2   8
62   -2   6
63   0   6
64   12   7
65   0   26
66   -11   6
67   4   7
68   -12   7
69   12   7
70   7   6
71   21   7
72   14   7
73   -27   8
74   23   6
75   9   6
76   6   7
77   -8   7
78   9   6
79   13   6
80   43   7
81   5   7
82   23   6
83   23   6
84   28   7
85   37   7
86   13   6
87   9   6
88   58   7
89   29   7
90   47   6
91   40   6
92   43   7
93   36   7
94   66   6
95   62   6
96   56   7
97   19   25
98   56   6
99   55   6
100   65   8
101   39   7
102   55   6
103   78   6
104   52   7
105   37   7
106   64   7
107   63   6
108   82   7
109   85   7
110   63   7
111   66   6
112   92   8
113   61   7
114   68   7
115   90   7
116   77   8
117   55   8
118   98   7
119   52   7
120   96   9
121   90   8
122   89   8
123   90   8
124   117   9
125   110   9
126   130   10
127   114   9
APV   20   13   13   5
0   -12   8
1   36   33
2   -15   7
3   -7   8
4   -18   7
5   -15   7
6   -34   7
7   -10   7
8   -20   7
9   -150   11
10   -24   7
11   -23   7
12   -32   7
13   -33   7
14   -15   7
15   -31   7
16   -8   8
17   -28   7
18   -13   6
19   -17   7
20   -22   7
21   -11   8
22   -21   6
23   -17   7
24   -3   7
25   -33   8
26   -8   6
27   -1   6
28   1   7
29   0   7
30   -5   6
31   -12   6
32   16   8
33   1   30
34   0   6
35   -7   6
36   4   6
37   -10   7
38   8   6
39   4   6
40   15   11
41   -30   9
42   11   6
43   15   6
44   16   6
45   13   6
46   1   6
47   3   6
48   26   9
49   13   10
50   0   6
51   9   6
52   11   9
53   16   6
54   12   6
55   10   6
56   3   6
57   -8   6
58   -1   7
59   -10   6
60   -12   7
61   3   7
62   -22   7
63   -4   7
64   3   8
65   -20   27
66   -13   7
67   -20   8
68   1   8
69   5   6
70   7   6
71   -12   7
72   12   8
73   -13   9
74   -1   6
75   -14   6
76   0   7
77   -9   7
78   -10   6
79   -6   6
80   0   7
81   -3   7
82   10   6
83   6   6
84   16   7
85   12   8
86   9   6
87   6   6
88   0   7
89   12   7
90   0   6
91   6   6
92   15   8
93   12   7
94   22   6
95   2   6
96   8   7
97   -27   27
98   12   6
99   25   6
100   22   7
101   18   7
102   24   6
103   13   6
104   29   7
105   -5   7
106   24   6
107   -7   6
108   13   7
109   -5   7
110   9   6
111   20   6
112   -5   7
113   3   7
114   24   7
115   15   6
116   23   7
117   10   7
118   28   7
119   17   6
120   31   8
121   17   7
122   31   8
123   9   7
124   26   9
125   20   8
126   -3   10
127   40   9
